2026-04-28T14:56:41.019+05:30  INFO 21376 --- [asg-shipping] [main] c.asg.shipping.ShippingApplicationTests  : Starting ShippingApplicationTests using Java 21.0.6 with PID 21376 (started by 223 in D:\Sridharan Project\Alsherif\Project_3\asg-shipping)
2026-04-28T14:56:41.021+05:30 DEBUG 21376 --- [asg-shipping] [main] c.asg.shipping.ShippingApplicationTests  : Running with Spring Boot v4.0.0, Spring v7.0.1
2026-04-28T14:56:41.022+05:30  INFO 21376 --- [asg-shipping] [main] c.asg.shipping.ShippingApplicationTests  : No active profile set, falling back to 1 default profile: "default"
2026-04-28T14:56:42.587+05:30  INFO 21376 --- [asg-shipping] [main] .s.d.r.c.RepositoryConfigurationDelegate : Bootstrapping Spring Data JPA repositories in DEFAULT mode.
2026-04-28T14:56:43.030+05:30  INFO 21376 --- [asg-shipping] [main] .s.d.r.c.RepositoryConfigurationDelegate : Finished Spring Data repository scanning in 425 ms. Found 113 JPA repository interfaces.
2026-04-28T14:56:44.518+05:30  INFO 21376 --- [asg-shipping] [main] o.hibernate.jpa.internal.util.LogHelper  : HHH000204: Processing PersistenceUnitInfo [name: default]
2026-04-28T14:56:44.586+05:30  INFO 21376 --- [asg-shipping] [main] org.hibernate.Version                    : HHH000412: Hibernate ORM core version 7.1.8.Final
2026-04-28T14:56:44.858+05:30  INFO 21376 --- [asg-shipping] [main] o.s.o.j.p.SpringPersistenceUnitInfo      : No LoadTimeWeaver setup: ignoring JPA class transformer
2026-04-28T14:56:44.899+05:30  INFO 21376 --- [asg-shipping] [main] com.zaxxer.hikari.HikariDataSource       : HikariPool-ASG - Starting...
2026-04-28T14:56:47.182+05:30  INFO 21376 --- [asg-shipping] [main] com.zaxxer.hikari.pool.HikariPool        : HikariPool-ASG - Added connection oracle.jdbc.driver.T4CConnection@1ac86717
2026-04-28T14:56:47.184+05:30  INFO 21376 --- [asg-shipping] [main] com.zaxxer.hikari.HikariDataSource       : HikariPool-ASG - Start completed.
2026-04-28T14:56:47.593+05:30  WARN 21376 --- [asg-shipping] [main] org.hibernate.orm.deprecation            : HHH90000025: OracleDialect does not need to be specified explicitly using 'hibernate.dialect' (remove the property setting and it will be selected by default)
2026-04-28T14:56:48.175+05:30  WARN 21376 --- [asg-shipping] [main] org.hibernate.orm.jdbc                   : HHH100123: Low default JDBC fetch size: 10 (consider setting 'hibernate.jdbc.fetch_size')
2026-04-28T14:56:48.181+05:30  INFO 21376 --- [asg-shipping] [main] org.hibernate.orm.connections.pooling    : HHH10001005: Database info:
	Database JDBC URL [jdbc:oracle:thin:@//10.100.200.85:1521/ORAVADF]
	Database driver: Oracle JDBC driver
	Database dialect: OracleDialect
	Database version: 19.1
	Default catalog/schema: undefined/PRODUCTION
	Autocommit mode: undefined/unknown
	Isolation level: READ_COMMITTED [default READ_COMMITTED]
	JDBC fetch size: 10
	Pool: DatasourceConnectionProviderImpl
	Minimum pool size: undefined/unknown
	Maximum pool size: undefined/unknown
2026-04-28T14:56:48.397+05:30  WARN 21376 --- [asg-shipping] [main] org.hibernate.orm.deprecation            : HHH90000033: Encountered use of deprecated annotation [interface jakarta.persistence.Temporal] at com.asg.shipping.common.entity.GlobalCurrencyRatesId.rateDate.
2026-04-28T14:56:48.398+05:30  WARN 21376 --- [asg-shipping] [main] org.hibernate.orm.deprecation            : HHH90000033: Encountered use of deprecated annotation [interface jakarta.persistence.Temporal] at com.asg.shipping.common.entity.GlobalCurrencyRates.rateDate.
2026-04-28T14:56:48.427+05:30  WARN 21376 --- [asg-shipping] [main] org.hibernate.orm.deprecation            : HHH90000033: Encountered use of deprecated annotation [interface jakarta.persistence.Temporal] at com.asg.shipping.customerautochargeexportbl.entity.ShipCustomerChargesHdrEntity.periodFrom.
2026-04-28T14:56:48.427+05:30  WARN 21376 --- [asg-shipping] [main] org.hibernate.orm.deprecation            : HHH90000033: Encountered use of deprecated annotation [interface jakarta.persistence.Temporal] at com.asg.shipping.customerautochargeexportbl.entity.ShipCustomerChargesHdrEntity.periodTo.
2026-04-28T14:56:49.180+05:30  WARN 21376 --- [asg-shipping] [main] org.hibernate.mapping.RootClass          : HHH000038: Composite id class does not override equals(): com.asg.shipping.containertypeportchargestariff.entity.ShipPortChargesDtlId
2026-04-28T14:56:49.184+05:30  WARN 21376 --- [asg-shipping] [main] org.hibernate.mapping.RootClass          : HHH000038: Composite id class does not override equals(): com.asg.shipping.customerinvoicechargemapmaster.entity.CustomerInvoicePrtDtlId
2026-04-28T14:56:51.041+05:30  INFO 21376 --- [asg-shipping] [main] o.h.e.t.j.p.i.JtaPlatformInitiator       : HHH000489: No JTA platform available (set 'hibernate.transaction.jta.platform' to enable JTA platform integration)
2026-04-28T14:56:51.051+05:30  INFO 21376 --- [asg-shipping] [main] j.LocalContainerEntityManagerFactoryBean : Initialized JPA EntityManagerFactory for persistence unit 'default'
2026-04-28T14:56:51.190+05:30  INFO 21376 --- [asg-shipping] [main] o.s.d.j.r.query.QueryEnhancerFactories   : Hibernate is in classpath; If applicable, HQL parser will be used.
2026-04-28T14:56:55.144+05:30  WARN 21376 --- [asg-shipping] [main] JpaBaseConfiguration$JpaWebConfiguration : spring.jpa.open-in-view is enabled by default. Therefore, database queries may be performed during view rendering. Explicitly configure spring.jpa.open-in-view to disable this warning
2026-04-28T14:56:55.927+05:30  INFO 21376 --- [asg-shipping] [main] o.s.b.a.e.web.EndpointLinksResolver      : Exposing 1 endpoint beneath base path '/actuator'
2026-04-28T14:56:55.998+05:30  INFO 21376 --- [asg-shipping] [main] c.asg.shipping.ShippingApplicationTests  : Started ShippingApplicationTests in 15.328 seconds (process running for 38.956)
2026-04-28T14:56:56.095+05:30  INFO 21376 --- [asg-shipping] [main] o.s.mock.web.MockServletContext          : Initializing Spring TestDispatcherServlet ''
2026-04-28T14:56:56.095+05:30  INFO 21376 --- [asg-shipping] [main] o.s.t.web.servlet.TestDispatcherServlet  : Initializing Servlet ''
2026-04-28T14:56:56.095+05:30  INFO 21376 --- [asg-shipping] [main] o.s.t.web.servlet.TestDispatcherServlet  : Completed initialization in 0 ms
2026-04-28T14:56:56.116+05:30  INFO 21376 --- [asg-shipping] [main] c.a.s.s.c.ManifestCorrectorController    : Update request for Shipping Manifest Corrector with id: 1
2026-04-28T14:56:56.133+05:30  INFO 21376 --- [asg-shipping] [main] o.s.mock.web.MockServletContext          : Initializing Spring TestDispatcherServlet ''
2026-04-28T14:56:56.133+05:30  INFO 21376 --- [asg-shipping] [main] o.s.t.web.servlet.TestDispatcherServlet  : Initializing Servlet ''
2026-04-28T14:56:56.133+05:30  INFO 21376 --- [asg-shipping] [main] o.s.t.web.servlet.TestDispatcherServlet  : Completed initialization in 0 ms
2026-04-28T14:56:56.134+05:30  INFO 21376 --- [asg-shipping] [main] c.a.s.s.c.ManifestCorrectorController    : Get request for Shipping Manifest Corrector with id: 1
2026-04-28T14:56:56.148+05:30  INFO 21376 --- [asg-shipping] [main] o.s.mock.web.MockServletContext          : Initializing Spring TestDispatcherServlet ''
2026-04-28T14:56:56.149+05:30  INFO 21376 --- [asg-shipping] [main] o.s.t.web.servlet.TestDispatcherServlet  : Initializing Servlet ''
2026-04-28T14:56:56.149+05:30  INFO 21376 --- [asg-shipping] [main] o.s.t.web.servlet.TestDispatcherServlet  : Completed initialization in 0 ms
2026-04-28T14:56:56.157+05:30  INFO 21376 --- [asg-shipping] [main] c.a.s.s.c.ManifestCorrectorController    : Search request for Shipping Manifest Corrector with page: 0, size: 20, sort: null
2026-04-28T14:56:56.169+05:30  INFO 21376 --- [asg-shipping] [main] o.s.mock.web.MockServletContext          : Initializing Spring TestDispatcherServlet ''
2026-04-28T14:56:56.169+05:30  INFO 21376 --- [asg-shipping] [main] o.s.t.web.servlet.TestDispatcherServlet  : Initializing Servlet ''
2026-04-28T14:56:56.169+05:30  INFO 21376 --- [asg-shipping] [main] o.s.t.web.servlet.TestDispatcherServlet  : Completed initialization in 0 ms
2026-04-28T14:56:56.171+05:30  INFO 21376 --- [asg-shipping] [main] c.a.s.s.c.ManifestCorrectorController    : Delete request for Shipping Manifest Corrector with id: 1
2026-04-28T14:56:56.470+05:30  INFO 21376 --- [asg-shipping] [main] c.a.s.s.s.ManifestCorrectorServiceImpl   : Getting Shipping Manifest Corrector with id: 1
2026-04-28T14:56:56.471+05:30  INFO 21376 --- [asg-shipping] [main] c.a.s.s.s.ManifestCorrectorServiceImpl   : Successfully retrieved Shipping Manifest Corrector with id: 1
2026-04-28T14:56:56.475+05:30  INFO 21376 --- [asg-shipping] [main] c.a.s.s.s.ManifestCorrectorServiceImpl   : Updating Shipping Manifest Corrector with id: 1
2026-04-28T14:56:56.478+05:30  INFO 21376 --- [asg-shipping] [main] c.a.s.s.s.ManifestCorrectorServiceImpl   : Successfully updated Shipping Manifest Corrector with id: 1
2026-04-28T14:56:56.482+05:30  INFO 21376 --- [asg-shipping] [main] c.a.s.s.s.ManifestCorrectorServiceImpl   : Updating Shipping Manifest Corrector with id: 1
2026-04-28T14:56:56.485+05:30  INFO 21376 --- [asg-shipping] [main] c.a.s.s.s.ManifestCorrectorServiceImpl   : Getting Shipping Manifest Corrector with id: 1
2026-04-28T14:56:56.490+05:30  INFO 21376 --- [asg-shipping] [main] c.a.s.s.s.ManifestCorrectorServiceImpl   : Validating refund amounts for BL POID: 1, Container: CONT123
2026-04-28T14:56:56.496+05:30  INFO 21376 --- [asg-shipping] [main] c.a.s.s.s.ManifestCorrectorServiceImpl   : Validating refund amounts for BL POID: 1, Container: CONT123
2026-04-28T14:56:56.500+05:30  INFO 21376 --- [asg-shipping] [main] c.a.s.s.s.ManifestCorrectorServiceImpl   : Searching Shipping Manifest Corrector records with docId: 100-143, page: 0, size: 10
2026-04-28T14:56:56.504+05:30  INFO 21376 --- [asg-shipping] [main] c.a.s.s.s.ManifestCorrectorServiceImpl   : Getting Shipping Manifest Corrector with id: 1
2026-04-28T14:56:56.504+05:30  INFO 21376 --- [asg-shipping] [main] c.a.s.s.s.ManifestCorrectorServiceImpl   : Successfully retrieved Shipping Manifest Corrector with id: 1
2026-04-28T14:56:56.508+05:30  INFO 21376 --- [asg-shipping] [main] c.a.s.s.s.ManifestCorrectorServiceImpl   : Searching Shipping Manifest Corrector records with docId: 100-143, page: 0, size: 10
2026-04-28T14:56:56.513+05:30  INFO 21376 --- [asg-shipping] [main] c.a.s.s.s.ManifestCorrectorServiceImpl   : Deleting Shipping Manifest Corrector with id: 1
2026-04-28T14:56:56.514+05:30  INFO 21376 --- [asg-shipping] [main] c.a.s.s.s.ManifestCorrectorServiceImpl   : Successfully deleted Shipping Manifest Corrector with id: 1
2026-04-28T14:56:56.518+05:30  INFO 21376 --- [asg-shipping] [main] c.a.s.s.s.ManifestCorrectorServiceImpl   : Deleting Shipping Manifest Corrector with id: 1
2026-04-28T14:56:56.582+05:30  INFO 21376 --- [asg-shipping] [main] o.s.mock.web.MockServletContext          : Initializing Spring TestDispatcherServlet ''
2026-04-28T14:56:56.583+05:30  INFO 21376 --- [asg-shipping] [main] o.s.t.web.servlet.TestDispatcherServlet  : Initializing Servlet ''
2026-04-28T14:56:56.583+05:30  INFO 21376 --- [asg-shipping] [main] o.s.t.web.servlet.TestDispatcherServlet  : Completed initialization in 0 ms
2026-04-28T14:56:56.585+05:30  INFO 21376 --- [asg-shipping] [main] .s.t.c.c.ContainerTerminalTypeController : Delete ContainerTerminalType request | poid=1, groupPoid=100, userId=admin
2026-04-28T14:56:56.593+05:30  INFO 21376 --- [asg-shipping] [main] o.s.mock.web.MockServletContext          : Initializing Spring TestDispatcherServlet ''
2026-04-28T14:56:56.594+05:30  INFO 21376 --- [asg-shipping] [main] o.s.t.web.servlet.TestDispatcherServlet  : Initializing Servlet ''
2026-04-28T14:56:56.594+05:30  INFO 21376 --- [asg-shipping] [main] o.s.t.web.servlet.TestDispatcherServlet  : Completed initialization in 0 ms
2026-04-28T14:56:56.596+05:30  INFO 21376 --- [asg-shipping] [main] .s.t.c.c.ContainerTerminalTypeController : Get ContainerTerminalType request | poid=1, groupPoid=100
2026-04-28T14:56:56.608+05:30  INFO 21376 --- [asg-shipping] [main] o.s.mock.web.MockServletContext          : Initializing Spring TestDispatcherServlet ''
2026-04-28T14:56:56.608+05:30  INFO 21376 --- [asg-shipping] [main] o.s.t.web.servlet.TestDispatcherServlet  : Initializing Servlet ''
2026-04-28T14:56:56.608+05:30  INFO 21376 --- [asg-shipping] [main] o.s.t.web.servlet.TestDispatcherServlet  : Completed initialization in 0 ms
2026-04-28T14:56:56.615+05:30  INFO 21376 --- [asg-shipping] [main] .s.t.c.c.ContainerTerminalTypeController : Create ContainerTerminalType request | code=ISO20, groupPoid=100, userId=admin
2026-04-28T14:56:56.627+05:30  INFO 21376 --- [asg-shipping] [main] o.s.mock.web.MockServletContext          : Initializing Spring TestDispatcherServlet ''
2026-04-28T14:56:56.627+05:30  INFO 21376 --- [asg-shipping] [main] o.s.t.web.servlet.TestDispatcherServlet  : Initializing Servlet ''
2026-04-28T14:56:56.627+05:30  INFO 21376 --- [asg-shipping] [main] o.s.t.web.servlet.TestDispatcherServlet  : Completed initialization in 0 ms
2026-04-28T14:56:56.633+05:30  INFO 21376 --- [asg-shipping] [main] .s.t.c.c.ContainerTerminalTypeController : List ContainerTerminalTypes request | page=0, size=20, docId=000-000
2026-04-28T14:56:56.647+05:30  INFO 21376 --- [asg-shipping] [main] o.s.mock.web.MockServletContext          : Initializing Spring TestDispatcherServlet ''
2026-04-28T14:56:56.647+05:30  INFO 21376 --- [asg-shipping] [main] o.s.t.web.servlet.TestDispatcherServlet  : Initializing Servlet ''
2026-04-28T14:56:56.647+05:30  INFO 21376 --- [asg-shipping] [main] o.s.t.web.servlet.TestDispatcherServlet  : Completed initialization in 0 ms
2026-04-28T14:56:56.650+05:30  INFO 21376 --- [asg-shipping] [main] .s.t.c.c.ContainerTerminalTypeController : Toggle Active Status request | poid=1, groupPoid=100, userId=admin
2026-04-28T14:56:56.650+05:30  INFO 21376 --- [asg-shipping] [main] .s.t.c.c.ContainerTerminalTypeController : Toggle Active Status completed successfully | poid=1
2026-04-28T14:56:56.663+05:30  INFO 21376 --- [asg-shipping] [main] o.s.mock.web.MockServletContext          : Initializing Spring TestDispatcherServlet ''
2026-04-28T14:56:56.663+05:30  INFO 21376 --- [asg-shipping] [main] o.s.t.web.servlet.TestDispatcherServlet  : Initializing Servlet ''
2026-04-28T14:56:56.663+05:30  INFO 21376 --- [asg-shipping] [main] o.s.t.web.servlet.TestDispatcherServlet  : Completed initialization in 0 ms
2026-04-28T14:56:56.670+05:30  INFO 21376 --- [asg-shipping] [main] .s.t.c.c.ContainerTerminalTypeController : List ContainerTerminalTypes request | page=0, size=20, docId=000-000
2026-04-28T14:56:56.687+05:30  INFO 21376 --- [asg-shipping] [main] o.s.mock.web.MockServletContext          : Initializing Spring TestDispatcherServlet ''
2026-04-28T14:56:56.687+05:30  INFO 21376 --- [asg-shipping] [main] o.s.t.web.servlet.TestDispatcherServlet  : Initializing Servlet ''
2026-04-28T14:56:56.688+05:30  INFO 21376 --- [asg-shipping] [main] o.s.t.web.servlet.TestDispatcherServlet  : Completed initialization in 0 ms
2026-04-28T14:56:56.696+05:30  INFO 21376 --- [asg-shipping] [main] .s.t.c.c.ContainerTerminalTypeController : Update ContainerTerminalType request | poid=1, code=ISO20, groupPoid=100, userId=admin
2026-04-28T14:56:56.889+05:30  INFO 21376 --- [asg-shipping] [main] t.c.s.i.ContainerTerminalTypeServiceImpl : Toggling active status for container terminal type with id: 1, groupPoid: 10, userId: user1
2026-04-28T14:56:56.891+05:30  INFO 21376 --- [asg-shipping] [main] t.c.s.i.ContainerTerminalTypeServiceImpl : Successfully toggled active status for container terminal type with id: 1 from N to Y
2026-04-28T14:56:56.897+05:30  INFO 21376 --- [asg-shipping] [main] t.c.s.i.ContainerTerminalTypeServiceImpl : Toggling active status for container terminal type with id: 1, groupPoid: 10, userId: user1
2026-04-28T14:56:56.898+05:30  INFO 21376 --- [asg-shipping] [main] t.c.s.i.ContainerTerminalTypeServiceImpl : Successfully toggled active status for container terminal type with id: 1 from Y to N
2026-04-28T14:56:56.904+05:30  INFO 21376 --- [asg-shipping] [main] t.c.s.i.ContainerTerminalTypeServiceImpl : Deleting container terminal type with id: 1
2026-04-28T14:56:56.907+05:30  INFO 21376 --- [asg-shipping] [main] t.c.s.i.ContainerTerminalTypeServiceImpl : Successfully deleted container terminal type with id: 1
2026-04-28T14:56:56.919+05:30  INFO 21376 --- [asg-shipping] [main] t.c.s.i.ContainerTerminalTypeServiceImpl : Getting container terminal type with id: 1
2026-04-28T14:56:56.925+05:30  INFO 21376 --- [asg-shipping] [main] t.c.s.i.ContainerTerminalTypeServiceImpl : Getting container terminal type with id: 1
2026-04-28T14:56:56.926+05:30  INFO 21376 --- [asg-shipping] [main] t.c.s.i.ContainerTerminalTypeServiceImpl : Successfully retrieved container terminal type with id: 1
2026-04-28T14:56:56.945+05:30  INFO 21376 --- [asg-shipping] [main] t.c.s.i.ContainerTerminalTypeServiceImpl : Deleting container terminal type with id: 1
2026-04-28T14:56:56.960+05:30  INFO 21376 --- [asg-shipping] [main] t.c.s.i.ContainerTerminalTypeServiceImpl : Listing container terminal types with docId: DOC-1, page: 0, size: 10
2026-04-28T14:56:56.962+05:30  INFO 21376 --- [asg-shipping] [main] t.c.s.i.ContainerTerminalTypeServiceImpl : Successfully retrieved container terminal types
2026-04-28T14:56:56.970+05:30  INFO 21376 --- [asg-shipping] [main] t.c.s.i.ContainerTerminalTypeServiceImpl : Updating container terminal type with id: 1, groupId: 10, userId: user1
2026-04-28T14:56:56.976+05:30  INFO 21376 --- [asg-shipping] [main] t.c.s.i.ContainerTerminalTypeServiceImpl : Updating container terminal type with id: 1, groupId: 10, userId: user1
2026-04-28T14:56:56.983+05:30  INFO 21376 --- [asg-shipping] [main] t.c.s.i.ContainerTerminalTypeServiceImpl : Toggling active status for container terminal type with id: 1, groupPoid: 10, userId: user1
2026-04-28T14:56:56.989+05:30  INFO 21376 --- [asg-shipping] [main] t.c.s.i.ContainerTerminalTypeServiceImpl : Creating container terminal type with code: ISO20, groupId: 10, userId: user1
2026-04-28T14:56:56.995+05:30  INFO 21376 --- [asg-shipping] [main] t.c.s.i.ContainerTerminalTypeServiceImpl : Creating container terminal type with code: ISO20, groupId: 10, userId: user1
2026-04-28T14:56:56.998+05:30  INFO 21376 --- [asg-shipping] [main] t.c.s.i.ContainerTerminalTypeServiceImpl : Updating container terminal type with id: 1, groupId: 10, userId: user1
2026-04-28T14:56:56.999+05:30  INFO 21376 --- [asg-shipping] [main] t.c.s.i.ContainerTerminalTypeServiceImpl : Successfully updated container terminal type with id: 1
2026-04-28T14:56:57.003+05:30  INFO 21376 --- [asg-shipping] [main] t.c.s.i.ContainerTerminalTypeServiceImpl : Creating container terminal type with code: ISO20, groupId: 10, userId: user1
2026-04-28T14:56:57.004+05:30  INFO 21376 --- [asg-shipping] [main] t.c.s.i.ContainerTerminalTypeServiceImpl : Successfully created container terminal type with id: 1
2026-04-28T14:56:57.179+05:30 ERROR 21376 --- [asg-shipping] [main] c.a.s.t.s.impl.ShipTradeLaneServiceImpl  : Trade Lane Code is required
2026-04-28T14:56:57.183+05:30 ERROR 21376 --- [asg-shipping] [main] c.a.s.t.s.impl.ShipTradeLaneServiceImpl  : Trade Lane Name is required
2026-04-28T14:56:57.186+05:30 ERROR 21376 --- [asg-shipping] [main] c.a.s.t.s.impl.ShipTradeLaneServiceImpl  : Region POID is required
2026-04-28T14:56:57.198+05:30 ERROR 21376 --- [asg-shipping] [main] c.a.s.t.s.impl.ShipTradeLaneServiceImpl  : Trade Lane Code already exists: TL001
2026-04-28T14:56:57.203+05:30 ERROR 21376 --- [asg-shipping] [main] c.a.s.t.s.impl.ShipTradeLaneServiceImpl  : Trade Lane Name already exists: Trade Lane 1
2026-04-28T14:56:57.329+05:30  INFO 21376 --- [asg-shipping] [main] o.s.mock.web.MockServletContext          : Initializing Spring TestDispatcherServlet ''
2026-04-28T14:56:57.329+05:30  INFO 21376 --- [asg-shipping] [main] o.s.t.web.servlet.TestDispatcherServlet  : Initializing Servlet ''
2026-04-28T14:56:57.330+05:30  INFO 21376 --- [asg-shipping] [main] o.s.t.web.servlet.TestDispatcherServlet  : Completed initialization in 1 ms
2026-04-28T14:56:57.375+05:30  INFO 21376 --- [asg-shipping] [main] c.a.s.v.c.VesselMasterController         : Updating vessel with id: 1
2026-04-28T14:56:57.376+05:30  INFO 21376 --- [asg-shipping] [main] c.a.s.v.c.VesselMasterController         : Successfully updated vessel with id: 1
2026-04-28T14:56:57.398+05:30  INFO 21376 --- [asg-shipping] [main] o.s.mock.web.MockServletContext          : Initializing Spring TestDispatcherServlet ''
2026-04-28T14:56:57.398+05:30  INFO 21376 --- [asg-shipping] [main] o.s.t.web.servlet.TestDispatcherServlet  : Initializing Servlet ''
2026-04-28T14:56:57.399+05:30  INFO 21376 --- [asg-shipping] [main] o.s.t.web.servlet.TestDispatcherServlet  : Completed initialization in 1 ms
2026-04-28T14:56:57.421+05:30  INFO 21376 --- [asg-shipping] [main] c.a.s.v.c.VesselMasterController         : Searching vessels with page: 0, size: 20, sort: invalid
2026-04-28T14:56:57.422+05:30  INFO 21376 --- [asg-shipping] [main] c.a.s.v.c.VesselMasterController         : Successfully retrieved vessels
2026-04-28T14:56:57.459+05:30  INFO 21376 --- [asg-shipping] [main] o.s.mock.web.MockServletContext          : Initializing Spring TestDispatcherServlet ''
2026-04-28T14:56:57.460+05:30  INFO 21376 --- [asg-shipping] [main] o.s.t.web.servlet.TestDispatcherServlet  : Initializing Servlet ''
2026-04-28T14:56:57.460+05:30  INFO 21376 --- [asg-shipping] [main] o.s.t.web.servlet.TestDispatcherServlet  : Completed initialization in 0 ms
2026-04-28T14:56:57.475+05:30  INFO 21376 --- [asg-shipping] [main] o.s.mock.web.MockServletContext          : Initializing Spring TestDispatcherServlet ''
2026-04-28T14:56:57.475+05:30  INFO 21376 --- [asg-shipping] [main] o.s.t.web.servlet.TestDispatcherServlet  : Initializing Servlet ''
2026-04-28T14:56:57.475+05:30  INFO 21376 --- [asg-shipping] [main] o.s.t.web.servlet.TestDispatcherServlet  : Completed initialization in 0 ms
2026-04-28T14:56:57.498+05:30  INFO 21376 --- [asg-shipping] [main] c.a.s.v.c.VesselMasterController         : Creating vessel with code: VSL002, name: New Vessel
2026-04-28T14:56:57.498+05:30  INFO 21376 --- [asg-shipping] [main] c.a.s.v.c.VesselMasterController         : Successfully created vessel with id: 1
2026-04-28T14:56:57.515+05:30  INFO 21376 --- [asg-shipping] [main] o.s.mock.web.MockServletContext          : Initializing Spring TestDispatcherServlet ''
2026-04-28T14:56:57.515+05:30  INFO 21376 --- [asg-shipping] [main] o.s.t.web.servlet.TestDispatcherServlet  : Initializing Servlet ''
2026-04-28T14:56:57.515+05:30  INFO 21376 --- [asg-shipping] [main] o.s.t.web.servlet.TestDispatcherServlet  : Completed initialization in 0 ms
2026-04-28T14:56:57.516+05:30  INFO 21376 --- [asg-shipping] [main] c.a.s.v.c.VesselMasterController         : Deleting vessel with id: 1
2026-04-28T14:56:57.517+05:30  INFO 21376 --- [asg-shipping] [main] c.a.s.v.c.VesselMasterController         : Successfully deleted vessel with id: 1
2026-04-28T14:56:57.526+05:30  INFO 21376 --- [asg-shipping] [main] o.s.mock.web.MockServletContext          : Initializing Spring TestDispatcherServlet ''
2026-04-28T14:56:57.526+05:30  INFO 21376 --- [asg-shipping] [main] o.s.t.web.servlet.TestDispatcherServlet  : Initializing Servlet ''
2026-04-28T14:56:57.527+05:30  INFO 21376 --- [asg-shipping] [main] o.s.t.web.servlet.TestDispatcherServlet  : Completed initialization in 0 ms
2026-04-28T14:56:57.528+05:30  INFO 21376 --- [asg-shipping] [main] c.a.s.v.c.VesselMasterController         : Getting vessel with id: 1
2026-04-28T14:56:57.528+05:30  INFO 21376 --- [asg-shipping] [main] c.a.s.v.c.VesselMasterController         : Successfully retrieved vessel with id: 1
2026-04-28T14:56:57.540+05:30  INFO 21376 --- [asg-shipping] [main] o.s.mock.web.MockServletContext          : Initializing Spring TestDispatcherServlet ''
2026-04-28T14:56:57.540+05:30  INFO 21376 --- [asg-shipping] [main] o.s.t.web.servlet.TestDispatcherServlet  : Initializing Servlet ''
2026-04-28T14:56:57.540+05:30  INFO 21376 --- [asg-shipping] [main] o.s.t.web.servlet.TestDispatcherServlet  : Completed initialization in 0 ms
2026-04-28T14:56:57.544+05:30  INFO 21376 --- [asg-shipping] [main] c.a.s.v.c.VesselMasterController         : Searching vessels with page: 0, size: 20, sort: vesselName,asc,extra
2026-04-28T14:56:57.544+05:30  INFO 21376 --- [asg-shipping] [main] c.a.s.v.c.VesselMasterController         : Successfully retrieved vessels
2026-04-28T14:56:57.554+05:30  INFO 21376 --- [asg-shipping] [main] o.s.mock.web.MockServletContext          : Initializing Spring TestDispatcherServlet ''
2026-04-28T14:56:57.554+05:30  INFO 21376 --- [asg-shipping] [main] o.s.t.web.servlet.TestDispatcherServlet  : Initializing Servlet ''
2026-04-28T14:56:57.555+05:30  INFO 21376 --- [asg-shipping] [main] o.s.t.web.servlet.TestDispatcherServlet  : Completed initialization in 1 ms
2026-04-28T14:56:57.556+05:30  INFO 21376 --- [asg-shipping] [main] c.a.s.v.c.VesselMasterController         : Searching vessels with page: 0, size: 20, sort: null
2026-04-28T14:56:57.556+05:30  INFO 21376 --- [asg-shipping] [main] c.a.s.v.c.VesselMasterController         : Successfully retrieved vessels
2026-04-28T14:56:57.569+05:30  INFO 21376 --- [asg-shipping] [main] o.s.mock.web.MockServletContext          : Initializing Spring TestDispatcherServlet ''
2026-04-28T14:56:57.569+05:30  INFO 21376 --- [asg-shipping] [main] o.s.t.web.servlet.TestDispatcherServlet  : Initializing Servlet ''
2026-04-28T14:56:57.569+05:30  INFO 21376 --- [asg-shipping] [main] o.s.t.web.servlet.TestDispatcherServlet  : Completed initialization in 0 ms
2026-04-28T14:56:57.574+05:30  INFO 21376 --- [asg-shipping] [main] c.a.s.v.c.VesselMasterController         : Searching vessels with page: 0, size: 20, sort:    ,asc
2026-04-28T14:56:57.574+05:30  INFO 21376 --- [asg-shipping] [main] c.a.s.v.c.VesselMasterController         : Successfully retrieved vessels
2026-04-28T14:56:57.587+05:30  INFO 21376 --- [asg-shipping] [main] o.s.mock.web.MockServletContext          : Initializing Spring TestDispatcherServlet ''
2026-04-28T14:56:57.588+05:30  INFO 21376 --- [asg-shipping] [main] o.s.t.web.servlet.TestDispatcherServlet  : Initializing Servlet ''
2026-04-28T14:56:57.588+05:30  INFO 21376 --- [asg-shipping] [main] o.s.t.web.servlet.TestDispatcherServlet  : Completed initialization in 0 ms
2026-04-28T14:56:57.589+05:30  INFO 21376 --- [asg-shipping] [main] c.a.s.v.c.VesselMasterController         : Toggling active status for vessel with id: 1
2026-04-28T14:56:57.589+05:30  INFO 21376 --- [asg-shipping] [main] c.a.s.v.c.VesselMasterController         : Successfully toggled active status for vessel with id: 1
2026-04-28T14:56:57.599+05:30  INFO 21376 --- [asg-shipping] [main] o.s.mock.web.MockServletContext          : Initializing Spring TestDispatcherServlet ''
2026-04-28T14:56:57.600+05:30  INFO 21376 --- [asg-shipping] [main] o.s.t.web.servlet.TestDispatcherServlet  : Initializing Servlet ''
2026-04-28T14:56:57.600+05:30  INFO 21376 --- [asg-shipping] [main] o.s.t.web.servlet.TestDispatcherServlet  : Completed initialization in 0 ms
2026-04-28T14:56:57.608+05:30  INFO 21376 --- [asg-shipping] [main] o.s.mock.web.MockServletContext          : Initializing Spring TestDispatcherServlet ''
2026-04-28T14:56:57.608+05:30  INFO 21376 --- [asg-shipping] [main] o.s.t.web.servlet.TestDispatcherServlet  : Initializing Servlet ''
2026-04-28T14:56:57.608+05:30  INFO 21376 --- [asg-shipping] [main] o.s.t.web.servlet.TestDispatcherServlet  : Completed initialization in 0 ms
2026-04-28T14:56:57.615+05:30  INFO 21376 --- [asg-shipping] [main] o.s.mock.web.MockServletContext          : Initializing Spring TestDispatcherServlet ''
2026-04-28T14:56:57.615+05:30  INFO 21376 --- [asg-shipping] [main] o.s.t.web.servlet.TestDispatcherServlet  : Initializing Servlet ''
2026-04-28T14:56:57.615+05:30  INFO 21376 --- [asg-shipping] [main] o.s.t.web.servlet.TestDispatcherServlet  : Completed initialization in 0 ms
2026-04-28T14:56:57.618+05:30  INFO 21376 --- [asg-shipping] [main] c.a.s.v.c.VesselMasterController         : Searching vessels with page: 0, size: 20, sort: vesselName,desc
2026-04-28T14:56:57.619+05:30  INFO 21376 --- [asg-shipping] [main] c.a.s.v.c.VesselMasterController         : Successfully retrieved vessels
2026-04-28T14:56:57.628+05:30  INFO 21376 --- [asg-shipping] [main] o.s.mock.web.MockServletContext          : Initializing Spring TestDispatcherServlet ''
2026-04-28T14:56:57.628+05:30  INFO 21376 --- [asg-shipping] [main] o.s.t.web.servlet.TestDispatcherServlet  : Initializing Servlet ''
2026-04-28T14:56:57.628+05:30  INFO 21376 --- [asg-shipping] [main] o.s.t.web.servlet.TestDispatcherServlet  : Completed initialization in 0 ms
2026-04-28T14:56:57.632+05:30  INFO 21376 --- [asg-shipping] [main] c.a.s.v.c.VesselMasterController         : Searching vessels with page: 0, size: 20, sort: null
2026-04-28T14:56:57.632+05:30  INFO 21376 --- [asg-shipping] [main] c.a.s.v.c.VesselMasterController         : Successfully retrieved vessels
2026-04-28T14:56:57.645+05:30  INFO 21376 --- [asg-shipping] [main] o.s.mock.web.MockServletContext          : Initializing Spring TestDispatcherServlet ''
2026-04-28T14:56:57.645+05:30  INFO 21376 --- [asg-shipping] [main] o.s.t.web.servlet.TestDispatcherServlet  : Initializing Servlet ''
2026-04-28T14:56:57.645+05:30  INFO 21376 --- [asg-shipping] [main] o.s.t.web.servlet.TestDispatcherServlet  : Completed initialization in 0 ms
2026-04-28T14:56:57.652+05:30  INFO 21376 --- [asg-shipping] [main] o.s.mock.web.MockServletContext          : Initializing Spring TestDispatcherServlet ''
2026-04-28T14:56:57.652+05:30  INFO 21376 --- [asg-shipping] [main] o.s.t.web.servlet.TestDispatcherServlet  : Initializing Servlet ''
2026-04-28T14:56:57.652+05:30  INFO 21376 --- [asg-shipping] [main] o.s.t.web.servlet.TestDispatcherServlet  : Completed initialization in 0 ms
2026-04-28T14:56:57.656+05:30  INFO 21376 --- [asg-shipping] [main] c.a.s.v.c.VesselMasterController         : Searching vessels with page: 0, size: 20, sort: vesselPoid,asc
2026-04-28T14:56:57.656+05:30  INFO 21376 --- [asg-shipping] [main] c.a.s.v.c.VesselMasterController         : Successfully retrieved vessels
2026-04-28T14:56:57.664+05:30  INFO 21376 --- [asg-shipping] [main] c.a.s.v.c.VesselMasterController         : Searching vessels with page: 0, size: 20, sort: vesselCode,desc
2026-04-28T14:56:57.664+05:30  INFO 21376 --- [asg-shipping] [main] c.a.s.v.c.VesselMasterController         : Successfully retrieved vessels
2026-04-28T14:56:57.668+05:30  INFO 21376 --- [asg-shipping] [main] c.a.s.v.c.VesselMasterController         : Searching vessels with page: 0, size: 20, sort: vesselName,asc
2026-04-28T14:56:57.669+05:30  INFO 21376 --- [asg-shipping] [main] c.a.s.v.c.VesselMasterController         : Successfully retrieved vessels
2026-04-28T14:56:57.672+05:30  INFO 21376 --- [asg-shipping] [main] c.a.s.v.c.VesselMasterController         : Searching vessels with page: 0, size: 20, sort: vesselName2,desc
2026-04-28T14:56:57.672+05:30  INFO 21376 --- [asg-shipping] [main] c.a.s.v.c.VesselMasterController         : Successfully retrieved vessels
2026-04-28T14:56:57.674+05:30  INFO 21376 --- [asg-shipping] [main] c.a.s.v.c.VesselMasterController         : Searching vessels with page: 0, size: 20, sort: imoNumber,asc
2026-04-28T14:56:57.675+05:30  INFO 21376 --- [asg-shipping] [main] c.a.s.v.c.VesselMasterController         : Successfully retrieved vessels
2026-04-28T14:56:57.676+05:30  INFO 21376 --- [asg-shipping] [main] c.a.s.v.c.VesselMasterController         : Searching vessels with page: 0, size: 20, sort: createdDate,desc
2026-04-28T14:56:57.677+05:30  INFO 21376 --- [asg-shipping] [main] c.a.s.v.c.VesselMasterController         : Successfully retrieved vessels
2026-04-28T14:56:57.678+05:30  INFO 21376 --- [asg-shipping] [main] c.a.s.v.c.VesselMasterController         : Searching vessels with page: 0, size: 20, sort: lastModifiedDate,asc
2026-04-28T14:56:57.679+05:30  INFO 21376 --- [asg-shipping] [main] c.a.s.v.c.VesselMasterController         : Successfully retrieved vessels
2026-04-28T14:56:57.683+05:30  INFO 21376 --- [asg-shipping] [main] c.a.s.v.c.VesselMasterController         : Searching vessels with page: 0, size: 20, sort: unknownField,asc
2026-04-28T14:56:57.683+05:30  INFO 21376 --- [asg-shipping] [main] c.a.s.v.c.VesselMasterController         : Successfully retrieved vessels
2026-04-28T14:56:57.698+05:30  INFO 21376 --- [asg-shipping] [main] o.s.mock.web.MockServletContext          : Initializing Spring TestDispatcherServlet ''
2026-04-28T14:56:57.698+05:30  INFO 21376 --- [asg-shipping] [main] o.s.t.web.servlet.TestDispatcherServlet  : Initializing Servlet ''
2026-04-28T14:56:57.698+05:30  INFO 21376 --- [asg-shipping] [main] o.s.t.web.servlet.TestDispatcherServlet  : Completed initialization in 0 ms
2026-04-28T14:56:57.705+05:30  INFO 21376 --- [asg-shipping] [main] c.a.s.v.c.VesselMasterController         : Searching vessels with page: 0, size: 20, sort: 
2026-04-28T14:56:57.705+05:30  INFO 21376 --- [asg-shipping] [main] c.a.s.v.c.VesselMasterController         : Successfully retrieved vessels
2026-04-28T14:56:57.724+05:30  INFO 21376 --- [asg-shipping] [main] o.s.mock.web.MockServletContext          : Initializing Spring TestDispatcherServlet ''
2026-04-28T14:56:57.724+05:30  INFO 21376 --- [asg-shipping] [main] o.s.t.web.servlet.TestDispatcherServlet  : Initializing Servlet ''
2026-04-28T14:56:57.725+05:30  INFO 21376 --- [asg-shipping] [main] o.s.t.web.servlet.TestDispatcherServlet  : Completed initialization in 1 ms
2026-04-28T14:56:57.731+05:30  INFO 21376 --- [asg-shipping] [main] c.a.s.v.c.VesselMasterController         : Searching vessels with page: 0, size: 20, sort:    ,asc
2026-04-28T14:56:57.732+05:30  INFO 21376 --- [asg-shipping] [main] c.a.s.v.c.VesselMasterController         : Successfully retrieved vessels
2026-04-28T14:56:57.753+05:30  INFO 21376 --- [asg-shipping] [main] o.s.mock.web.MockServletContext          : Initializing Spring TestDispatcherServlet ''
2026-04-28T14:56:57.753+05:30  INFO 21376 --- [asg-shipping] [main] o.s.t.web.servlet.TestDispatcherServlet  : Initializing Servlet ''
2026-04-28T14:56:57.754+05:30  INFO 21376 --- [asg-shipping] [main] o.s.t.web.servlet.TestDispatcherServlet  : Completed initialization in 1 ms
2026-04-28T14:56:57.760+05:30  INFO 21376 --- [asg-shipping] [main] c.a.s.v.c.VesselMasterController         : Searching vessels with page: 0, size: 20, sort: vesselPoid,asc
2026-04-28T14:56:57.761+05:30  INFO 21376 --- [asg-shipping] [main] c.a.s.v.c.VesselMasterController         : Successfully retrieved vessels
2026-04-28T14:56:57.771+05:30  INFO 21376 --- [asg-shipping] [main] c.a.s.v.c.VesselMasterController         : Searching vessels with page: 0, size: 20, sort: vesselCode,asc
2026-04-28T14:56:57.771+05:30  INFO 21376 --- [asg-shipping] [main] c.a.s.v.c.VesselMasterController         : Successfully retrieved vessels
2026-04-28T14:56:57.773+05:30  INFO 21376 --- [asg-shipping] [main] c.a.s.v.c.VesselMasterController         : Searching vessels with page: 0, size: 20, sort: vesselName,asc
2026-04-28T14:56:57.774+05:30  INFO 21376 --- [asg-shipping] [main] c.a.s.v.c.VesselMasterController         : Successfully retrieved vessels
2026-04-28T14:56:57.775+05:30  INFO 21376 --- [asg-shipping] [main] c.a.s.v.c.VesselMasterController         : Searching vessels with page: 0, size: 20, sort: vesselName2,asc
2026-04-28T14:56:57.775+05:30  INFO 21376 --- [asg-shipping] [main] c.a.s.v.c.VesselMasterController         : Successfully retrieved vessels
2026-04-28T14:56:57.777+05:30  INFO 21376 --- [asg-shipping] [main] c.a.s.v.c.VesselMasterController         : Searching vessels with page: 0, size: 20, sort: imoNumber,asc
2026-04-28T14:56:57.778+05:30  INFO 21376 --- [asg-shipping] [main] c.a.s.v.c.VesselMasterController         : Successfully retrieved vessels
2026-04-28T14:56:57.780+05:30  INFO 21376 --- [asg-shipping] [main] c.a.s.v.c.VesselMasterController         : Searching vessels with page: 0, size: 20, sort: createdDate,asc
2026-04-28T14:56:57.780+05:30  INFO 21376 --- [asg-shipping] [main] c.a.s.v.c.VesselMasterController         : Successfully retrieved vessels
2026-04-28T14:56:57.783+05:30  INFO 21376 --- [asg-shipping] [main] c.a.s.v.c.VesselMasterController         : Searching vessels with page: 0, size: 20, sort: lastModifiedDate,asc
2026-04-28T14:56:57.783+05:30  INFO 21376 --- [asg-shipping] [main] c.a.s.v.c.VesselMasterController         : Successfully retrieved vessels
2026-04-28T14:56:57.794+05:30  INFO 21376 --- [asg-shipping] [main] o.s.mock.web.MockServletContext          : Initializing Spring TestDispatcherServlet ''
2026-04-28T14:56:57.794+05:30  INFO 21376 --- [asg-shipping] [main] o.s.t.web.servlet.TestDispatcherServlet  : Initializing Servlet ''
2026-04-28T14:56:57.795+05:30  INFO 21376 --- [asg-shipping] [main] o.s.t.web.servlet.TestDispatcherServlet  : Completed initialization in 1 ms
2026-04-28T14:56:57.800+05:30  INFO 21376 --- [asg-shipping] [main] c.a.s.v.c.VesselMasterController         : Searching vessels with page: 0, size: 20, sort: vesselName
2026-04-28T14:56:57.800+05:30  INFO 21376 --- [asg-shipping] [main] c.a.s.v.c.VesselMasterController         : Successfully retrieved vessels
2026-04-28T14:56:57.815+05:30  INFO 21376 --- [asg-shipping] [main] o.s.mock.web.MockServletContext          : Initializing Spring TestDispatcherServlet ''
2026-04-28T14:56:57.815+05:30  INFO 21376 --- [asg-shipping] [main] o.s.t.web.servlet.TestDispatcherServlet  : Initializing Servlet ''
2026-04-28T14:56:57.815+05:30  INFO 21376 --- [asg-shipping] [main] o.s.t.web.servlet.TestDispatcherServlet  : Completed initialization in 0 ms
2026-04-28T14:56:57.820+05:30  INFO 21376 --- [asg-shipping] [main] c.a.s.v.c.VesselMasterController         : Searching vessels with page: 0, size: 20, sort: vesselName,asc
2026-04-28T14:56:57.821+05:30  INFO 21376 --- [asg-shipping] [main] c.a.s.v.c.VesselMasterController         : Successfully retrieved vessels
2026-04-28T14:56:57.831+05:30  INFO 21376 --- [asg-shipping] [main] c.a.s.v.s.VesselMasterLovServiceImpl     : Fetching AGENT_MASTER LOV with agentPoid filter: null
2026-04-28T14:56:57.831+05:30  INFO 21376 --- [asg-shipping] [main] c.a.s.v.s.VesselMasterLovServiceImpl     : Fetched 2 AGENT_MASTER LOV items
2026-04-28T14:56:57.837+05:30  INFO 21376 --- [asg-shipping] [main] c.a.s.v.s.VesselMasterLovServiceImpl     : Fetching LINE_MASTER LOV with linePoid filter: null
2026-04-28T14:56:57.837+05:30  INFO 21376 --- [asg-shipping] [main] c.a.s.v.s.VesselMasterLovServiceImpl     : Fetched 2 LINE_MASTER LOV items
2026-04-28T14:56:57.841+05:30  INFO 21376 --- [asg-shipping] [main] c.a.s.v.s.VesselMasterLovServiceImpl     : Fetching VESSEL_TYPE LOV with vesselTypePoid filter: null
2026-04-28T14:56:57.841+05:30  INFO 21376 --- [asg-shipping] [main] c.a.s.v.s.VesselMasterLovServiceImpl     : Fetched 2 VESSEL_TYPE LOV items
2026-04-28T14:56:57.844+05:30  INFO 21376 --- [asg-shipping] [main] c.a.s.v.s.VesselMasterLovServiceImpl     : Fetching AGENT_MASTER LOV with agentPoid filter: 20
2026-04-28T14:56:57.844+05:30  INFO 21376 --- [asg-shipping] [main] c.a.s.v.s.VesselMasterLovServiceImpl     : Fetched 1 AGENT_MASTER LOV items
2026-04-28T14:56:57.846+05:30  INFO 21376 --- [asg-shipping] [main] c.a.s.v.s.VesselMasterLovServiceImpl     : Fetching LINE_MASTER LOV with linePoid filter: 10
2026-04-28T14:56:57.847+05:30  INFO 21376 --- [asg-shipping] [main] c.a.s.v.s.VesselMasterLovServiceImpl     : Fetched 1 LINE_MASTER LOV items
2026-04-28T14:56:57.850+05:30  INFO 21376 --- [asg-shipping] [main] c.a.s.v.s.VesselMasterLovServiceImpl     : Fetching VESSEL_TYPE LOV with vesselTypePoid filter: null
2026-04-28T14:56:57.851+05:30  INFO 21376 --- [asg-shipping] [main] c.a.s.v.s.VesselMasterLovServiceImpl     : Fetched 1 VESSEL_TYPE LOV items
2026-04-28T14:56:57.853+05:30  INFO 21376 --- [asg-shipping] [main] c.a.s.v.s.VesselMasterLovServiceImpl     : Fetching LINE_MASTER LOV with linePoid filter: null
2026-04-28T14:56:57.854+05:30  INFO 21376 --- [asg-shipping] [main] c.a.s.v.s.VesselMasterLovServiceImpl     : Fetched 0 LINE_MASTER LOV items
2026-04-28T14:56:57.856+05:30  INFO 21376 --- [asg-shipping] [main] c.a.s.v.s.VesselMasterLovServiceImpl     : Fetching LINE_MASTER LOV with linePoid filter: null
2026-04-28T14:56:57.856+05:30  INFO 21376 --- [asg-shipping] [main] c.a.s.v.s.VesselMasterLovServiceImpl     : Fetched 0 LINE_MASTER LOV items
2026-04-28T14:56:57.859+05:30  INFO 21376 --- [asg-shipping] [main] c.a.s.v.s.VesselMasterLovServiceImpl     : Fetching LINE_MASTER LOV with linePoid filter: null
2026-04-28T14:56:57.860+05:30  INFO 21376 --- [asg-shipping] [main] c.a.s.v.s.VesselMasterLovServiceImpl     : Fetched 1 LINE_MASTER LOV items
2026-04-28T14:56:57.862+05:30  INFO 21376 --- [asg-shipping] [main] c.a.s.v.s.VesselMasterLovServiceImpl     : Fetching AGENT_MASTER LOV with agentPoid filter: null
2026-04-28T14:56:57.863+05:30  INFO 21376 --- [asg-shipping] [main] c.a.s.v.s.VesselMasterLovServiceImpl     : Fetched 0 AGENT_MASTER LOV items
2026-04-28T14:56:57.870+05:30  INFO 21376 --- [asg-shipping] [main] c.a.s.v.s.VesselMasterLovServiceImpl     : Fetching AGENT_MASTER LOV with agentPoid filter: null
2026-04-28T14:56:57.870+05:30  INFO 21376 --- [asg-shipping] [main] c.a.s.v.s.VesselMasterLovServiceImpl     : Fetched 0 AGENT_MASTER LOV items
2026-04-28T14:56:57.875+05:30  INFO 21376 --- [asg-shipping] [main] c.a.s.v.s.VesselMasterLovServiceImpl     : Fetching VESSEL_TYPE LOV with vesselTypePoid filter: null
2026-04-28T14:56:57.875+05:30  INFO 21376 --- [asg-shipping] [main] c.a.s.v.s.VesselMasterLovServiceImpl     : Fetched 0 VESSEL_TYPE LOV items
2026-04-28T14:56:57.882+05:30  INFO 21376 --- [asg-shipping] [main] c.a.s.v.s.VesselMasterLovServiceImpl     : Fetching AGENT_MASTER LOV with agentPoid filter: null
2026-04-28T14:56:57.883+05:30  INFO 21376 --- [asg-shipping] [main] c.a.s.v.s.VesselMasterLovServiceImpl     : Fetched 1 AGENT_MASTER LOV items
2026-04-28T14:56:57.886+05:30  INFO 21376 --- [asg-shipping] [main] c.a.s.v.s.VesselMasterLovServiceImpl     : Fetching VESSEL_TYPE LOV with vesselTypePoid filter: 30
2026-04-28T14:56:57.886+05:30  INFO 21376 --- [asg-shipping] [main] c.a.s.v.s.VesselMasterLovServiceImpl     : Fetched 1 VESSEL_TYPE LOV items
2026-04-28T14:56:57.889+05:30  INFO 21376 --- [asg-shipping] [main] c.a.s.v.s.VesselMasterLovServiceImpl     : Fetching VESSEL_TYPE LOV with vesselTypePoid filter: null
2026-04-28T14:56:57.890+05:30  INFO 21376 --- [asg-shipping] [main] c.a.s.v.s.VesselMasterLovServiceImpl     : Fetched 0 VESSEL_TYPE LOV items
2026-04-28T14:56:58.151+05:30  INFO 21376 --- [asg-shipping] [main] c.a.s.v.service.VesselMasterServiceImpl  : Updating vessel with id: 1
2026-04-28T14:56:58.152+05:30  INFO 21376 --- [asg-shipping] [main] c.a.s.v.service.VesselMasterServiceImpl  : Successfully updated vessel with id: 1
2026-04-28T14:56:58.156+05:30  INFO 21376 --- [asg-shipping] [main] c.a.s.v.service.VesselMasterServiceImpl  : Updating vessel with id: 1
2026-04-28T14:56:58.156+05:30  INFO 21376 --- [asg-shipping] [main] c.a.s.v.service.VesselMasterServiceImpl  : Successfully updated vessel with id: 1
2026-04-28T14:56:58.160+05:30  INFO 21376 --- [asg-shipping] [main] c.a.s.v.service.VesselMasterServiceImpl  : Updating vessel with id: 1
2026-04-28T14:56:58.164+05:30  INFO 21376 --- [asg-shipping] [main] c.a.s.v.service.VesselMasterServiceImpl  : Creating vessel with code: VSL002, name: New Vessel
2026-04-28T14:56:58.164+05:30  INFO 21376 --- [asg-shipping] [main] c.a.s.v.service.VesselMasterServiceImpl  : Successfully created vessel with id: 2
2026-04-28T14:56:58.170+05:30  INFO 21376 --- [asg-shipping] [main] c.a.s.v.service.VesselMasterServiceImpl  : Creating vessel with code: VSL002, name: New Vessel
2026-04-28T14:56:58.171+05:30  INFO 21376 --- [asg-shipping] [main] c.a.s.v.service.VesselMasterServiceImpl  : Successfully created vessel with id: 2
2026-04-28T14:56:58.174+05:30  INFO 21376 --- [asg-shipping] [main] c.a.s.v.service.VesselMasterServiceImpl  : Getting vessel with id: 1
2026-04-28T14:56:58.175+05:30  INFO 21376 --- [asg-shipping] [main] c.a.s.v.service.VesselMasterServiceImpl  : Successfully retrieved vessel with id: 1
2026-04-28T14:56:58.178+05:30  INFO 21376 --- [asg-shipping] [main] c.a.s.v.service.VesselMasterServiceImpl  : Deleting vessel with id: 1
2026-04-28T14:56:58.178+05:30  INFO 21376 --- [asg-shipping] [main] c.a.s.v.service.VesselMasterServiceImpl  : Vessel with id: 1 is already deleted
2026-04-28T14:56:58.181+05:30  INFO 21376 --- [asg-shipping] [main] c.a.s.v.service.VesselMasterServiceImpl  : Getting vessel with id: 1
2026-04-28T14:56:58.182+05:30  INFO 21376 --- [asg-shipping] [main] c.a.s.v.service.VesselMasterServiceImpl  : Successfully retrieved vessel with id: 1
2026-04-28T14:56:58.185+05:30  INFO 21376 --- [asg-shipping] [main] c.a.s.v.service.VesselMasterServiceImpl  : Creating vessel with code: VSL002, name: New Vessel
2026-04-28T14:56:58.187+05:30  INFO 21376 --- [asg-shipping] [main] c.a.s.v.service.VesselMasterServiceImpl  : Deleting vessel with id: 1
2026-04-28T14:56:58.187+05:30  INFO 21376 --- [asg-shipping] [main] c.a.s.v.service.VesselMasterServiceImpl  : Successfully deleted vessel with id: 1
2026-04-28T14:56:58.189+05:30  INFO 21376 --- [asg-shipping] [main] c.a.s.v.service.VesselMasterServiceImpl  : Getting vessel with id: 1
2026-04-28T14:56:58.190+05:30  WARN 21376 --- [asg-shipping] [main] c.a.s.v.service.VesselMasterServiceImpl  : Failed to fetch AGENT_MASTER LOV for agentPoid: 20

java.lang.RuntimeException: Agent LOV Error
	at com.asg.shipping.vesselmaster.service.VesselMasterServiceImpl.enrichDtoWithLovData(VesselMasterServiceImpl.java:196) ~[classes/:na]
	at com.asg.shipping.vesselmaster.service.VesselMasterServiceImpl.getVessel(VesselMasterServiceImpl.java:75) ~[classes/:na]
	at com.asg.shipping.vesselmaster.service.VesselMasterServiceImplTest.getVessel_WithAgentLovException_ContinuesGracefully(VesselMasterServiceImplTest.java:296) ~[test-classes/:na]
	at java.base/jdk.internal.reflect.DirectMethodHandleAccessor.invoke(DirectMethodHandleAccessor.java:103) ~[na:na]
	at java.base/java.lang.reflect.Method.invoke(Method.java:580) ~[na:na]
	at org.junit.platform.commons.util.ReflectionUtils.invokeMethod(ReflectionUtils.java:701) ~[junit-platform-commons-6.0.1.jar:6.0.1]
	at org.junit.platform.commons.support.ReflectionSupport.invokeMethod(ReflectionSupport.java:502) ~[junit-platform-commons-6.0.1.jar:6.0.1]
	at org.junit.jupiter.engine.support.MethodReflectionUtils.invoke(MethodReflectionUtils.java:45) ~[junit-jupiter-engine-6.0.1.jar:6.0.1]
	at org.junit.jupiter.engine.execution.MethodInvocation.proceed(MethodInvocation.java:61) ~[junit-jupiter-engine-6.0.1.jar:6.0.1]
	at org.junit.jupiter.engine.execution.InvocationInterceptorChain$ValidatingInvocation.proceed(InvocationInterceptorChain.java:124) ~[junit-jupiter-engine-6.0.1.jar:6.0.1]
	at org.junit.jupiter.engine.extension.TimeoutExtension.intercept(TimeoutExtension.java:163) ~[junit-jupiter-engine-6.0.1.jar:6.0.1]
	at org.junit.jupiter.engine.extension.TimeoutExtension.interceptTestableMethod(TimeoutExtension.java:148) ~[junit-jupiter-engine-6.0.1.jar:6.0.1]
	at org.junit.jupiter.engine.extension.TimeoutExtension.interceptTestMethod(TimeoutExtension.java:86) ~[junit-jupiter-engine-6.0.1.jar:6.0.1]
	at org.junit.jupiter.engine.execution.InterceptingExecutableInvoker$ReflectiveInterceptorCall.lambda$ofVoidMethod$0(InterceptingExecutableInvoker.java:123) ~[junit-jupiter-engine-6.0.1.jar:6.0.1]
	at org.junit.jupiter.engine.execution.InterceptingExecutableInvoker.lambda$invoke$0(InterceptingExecutableInvoker.java:105) ~[junit-jupiter-engine-6.0.1.jar:6.0.1]
	at org.junit.jupiter.engine.execution.InvocationInterceptorChain$InterceptedInvocation.proceed(InvocationInterceptorChain.java:99) ~[junit-jupiter-engine-6.0.1.jar:6.0.1]
	at org.junit.jupiter.engine.execution.InvocationInterceptorChain.proceed(InvocationInterceptorChain.java:66) ~[junit-jupiter-engine-6.0.1.jar:6.0.1]
	at org.junit.jupiter.engine.execution.InvocationInterceptorChain.chainAndInvoke(InvocationInterceptorChain.java:47) ~[junit-jupiter-engine-6.0.1.jar:6.0.1]
	at org.junit.jupiter.engine.execution.InvocationInterceptorChain.invoke(InvocationInterceptorChain.java:39) ~[junit-jupiter-engine-6.0.1.jar:6.0.1]
	at org.junit.jupiter.engine.execution.InterceptingExecutableInvoker.invoke(InterceptingExecutableInvoker.java:104) ~[junit-jupiter-engine-6.0.1.jar:6.0.1]
	at org.junit.jupiter.engine.execution.InterceptingExecutableInvoker.invoke(InterceptingExecutableInvoker.java:98) ~[junit-jupiter-engine-6.0.1.jar:6.0.1]
	at org.junit.jupiter.engine.execution.InterceptingExecutableInvoker.invokeVoid(InterceptingExecutableInvoker.java:71) ~[junit-jupiter-engine-6.0.1.jar:6.0.1]
	at org.junit.jupiter.engine.descriptor.TestMethodTestDescriptor.lambda$invokeTestMethod$0(TestMethodTestDescriptor.java:219) ~[junit-jupiter-engine-6.0.1.jar:6.0.1]
	at org.junit.platform.engine.support.hierarchical.ThrowableCollector.execute(ThrowableCollector.java:74) ~[junit-platform-engine-6.0.1.jar:6.0.1]
	at org.junit.jupiter.engine.descriptor.TestMethodTestDescriptor.invokeTestMethod(TestMethodTestDescriptor.java:215) ~[junit-jupiter-engine-6.0.1.jar:6.0.1]
	at org.junit.jupiter.engine.descriptor.TestMethodTestDescriptor.execute(TestMethodTestDescriptor.java:157) ~[junit-jupiter-engine-6.0.1.jar:6.0.1]
	at org.junit.jupiter.engine.descriptor.TestMethodTestDescriptor.execute(TestMethodTestDescriptor.java:70) ~[junit-jupiter-engine-6.0.1.jar:6.0.1]
	at org.junit.platform.engine.support.hierarchical.NodeTestTask.lambda$executeRecursively$2(NodeTestTask.java:176) ~[junit-platform-engine-6.0.1.jar:6.0.1]
	at org.junit.platform.engine.support.hierarchical.ThrowableCollector.execute(ThrowableCollector.java:74) ~[junit-platform-engine-6.0.1.jar:6.0.1]
	at org.junit.platform.engine.support.hierarchical.NodeTestTask.lambda$executeRecursively$1(NodeTestTask.java:166) ~[junit-platform-engine-6.0.1.jar:6.0.1]
	at org.junit.platform.engine.support.hierarchical.Node.around(Node.java:138) ~[junit-platform-engine-6.0.1.jar:6.0.1]
	at org.junit.platform.engine.support.hierarchical.NodeTestTask.lambda$executeRecursively$0(NodeTestTask.java:164) ~[junit-platform-engine-6.0.1.jar:6.0.1]
	at org.junit.platform.engine.support.hierarchical.ThrowableCollector.execute(ThrowableCollector.java:74) ~[junit-platform-engine-6.0.1.jar:6.0.1]
	at org.junit.platform.engine.support.hierarchical.NodeTestTask.executeRecursively(NodeTestTask.java:163) ~[junit-platform-engine-6.0.1.jar:6.0.1]
	at org.junit.platform.engine.support.hierarchical.NodeTestTask.execute(NodeTestTask.java:116) ~[junit-platform-engine-6.0.1.jar:6.0.1]
	at java.base/java.util.ArrayList.forEach(ArrayList.java:1596) ~[na:na]
	at org.junit.platform.engine.support.hierarchical.SameThreadHierarchicalTestExecutorService.invokeAll(SameThreadHierarchicalTestExecutorService.java:42) ~[junit-platform-engine-6.0.1.jar:6.0.1]
	at org.junit.platform.engine.support.hierarchical.NodeTestTask.lambda$executeRecursively$2(NodeTestTask.java:180) ~[junit-platform-engine-6.0.1.jar:6.0.1]
	at org.junit.platform.engine.support.hierarchical.ThrowableCollector.execute(ThrowableCollector.java:74) ~[junit-platform-engine-6.0.1.jar:6.0.1]
	at org.junit.platform.engine.support.hierarchical.NodeTestTask.lambda$executeRecursively$1(NodeTestTask.java:166) ~[junit-platform-engine-6.0.1.jar:6.0.1]
	at org.junit.platform.engine.support.hierarchical.Node.around(Node.java:138) ~[junit-platform-engine-6.0.1.jar:6.0.1]
	at org.junit.platform.engine.support.hierarchical.NodeTestTask.lambda$executeRecursively$0(NodeTestTask.java:164) ~[junit-platform-engine-6.0.1.jar:6.0.1]
	at org.junit.platform.engine.support.hierarchical.ThrowableCollector.execute(ThrowableCollector.java:74) ~[junit-platform-engine-6.0.1.jar:6.0.1]
	at org.junit.platform.engine.support.hierarchical.NodeTestTask.executeRecursively(NodeTestTask.java:163) ~[junit-platform-engine-6.0.1.jar:6.0.1]
	at org.junit.platform.engine.support.hierarchical.NodeTestTask.execute(NodeTestTask.java:116) ~[junit-platform-engine-6.0.1.jar:6.0.1]
	at java.base/java.util.ArrayList.forEach(ArrayList.java:1596) ~[na:na]
	at org.junit.platform.engine.support.hierarchical.SameThreadHierarchicalTestExecutorService.invokeAll(SameThreadHierarchicalTestExecutorService.java:42) ~[junit-platform-engine-6.0.1.jar:6.0.1]
	at org.junit.platform.engine.support.hierarchical.NodeTestTask.lambda$executeRecursively$2(NodeTestTask.java:180) ~[junit-platform-engine-6.0.1.jar:6.0.1]
	at org.junit.platform.engine.support.hierarchical.ThrowableCollector.execute(ThrowableCollector.java:74) ~[junit-platform-engine-6.0.1.jar:6.0.1]
	at org.junit.platform.engine.support.hierarchical.NodeTestTask.lambda$executeRecursively$1(NodeTestTask.java:166) ~[junit-platform-engine-6.0.1.jar:6.0.1]
	at org.junit.platform.engine.support.hierarchical.Node.around(Node.java:138) ~[junit-platform-engine-6.0.1.jar:6.0.1]
	at org.junit.platform.engine.support.hierarchical.NodeTestTask.lambda$executeRecursively$0(NodeTestTask.java:164) ~[junit-platform-engine-6.0.1.jar:6.0.1]
	at org.junit.platform.engine.support.hierarchical.ThrowableCollector.execute(ThrowableCollector.java:74) ~[junit-platform-engine-6.0.1.jar:6.0.1]
	at org.junit.platform.engine.support.hierarchical.NodeTestTask.executeRecursively(NodeTestTask.java:163) ~[junit-platform-engine-6.0.1.jar:6.0.1]
	at org.junit.platform.engine.support.hierarchical.NodeTestTask.execute(NodeTestTask.java:116) ~[junit-platform-engine-6.0.1.jar:6.0.1]
	at org.junit.platform.engine.support.hierarchical.SameThreadHierarchicalTestExecutorService.submit(SameThreadHierarchicalTestExecutorService.java:36) ~[junit-platform-engine-6.0.1.jar:6.0.1]
	at org.junit.platform.engine.support.hierarchical.HierarchicalTestExecutor.execute(HierarchicalTestExecutor.java:52) ~[junit-platform-engine-6.0.1.jar:6.0.1]
	at org.junit.platform.engine.support.hierarchical.HierarchicalTestEngine.execute(HierarchicalTestEngine.java:58) ~[junit-platform-engine-6.0.1.jar:6.0.1]
	at org.junit.platform.launcher.core.EngineExecutionOrchestrator.executeEngine(EngineExecutionOrchestrator.java:246) ~[junit-platform-launcher-6.0.1.jar:6.0.1]
	at org.junit.platform.launcher.core.EngineExecutionOrchestrator.failOrExecuteEngine(EngineExecutionOrchestrator.java:218) ~[junit-platform-launcher-6.0.1.jar:6.0.1]
	at org.junit.platform.launcher.core.EngineExecutionOrchestrator.execute(EngineExecutionOrchestrator.java:179) ~[junit-platform-launcher-6.0.1.jar:6.0.1]
	at org.junit.platform.launcher.core.EngineExecutionOrchestrator.execute(EngineExecutionOrchestrator.java:108) ~[junit-platform-launcher-6.0.1.jar:6.0.1]
	at org.junit.platform.launcher.core.EngineExecutionOrchestrator.lambda$execute$0(EngineExecutionOrchestrator.java:66) ~[junit-platform-launcher-6.0.1.jar:6.0.1]
	at org.junit.platform.launcher.core.EngineExecutionOrchestrator.withInterceptedStreams(EngineExecutionOrchestrator.java:157) ~[junit-platform-launcher-6.0.1.jar:6.0.1]
	at org.junit.platform.launcher.core.EngineExecutionOrchestrator.execute(EngineExecutionOrchestrator.java:65) ~[junit-platform-launcher-6.0.1.jar:6.0.1]
	at org.junit.platform.launcher.core.DefaultLauncher.execute(DefaultLauncher.java:125) ~[junit-platform-launcher-6.0.1.jar:6.0.1]
	at org.junit.platform.launcher.core.DefaultLauncher.execute(DefaultLauncher.java:114) ~[junit-platform-launcher-6.0.1.jar:6.0.1]
	at org.junit.platform.launcher.core.DelegatingLauncher.execute(DelegatingLauncher.java:58) ~[junit-platform-launcher-6.0.1.jar:6.0.1]
	at org.junit.platform.launcher.core.InterceptingLauncher.lambda$execute$2(InterceptingLauncher.java:57) ~[junit-platform-launcher-6.0.1.jar:6.0.1]
	at org.junit.platform.launcher.core.ClasspathAlignmentCheckingLauncherInterceptor.intercept(ClasspathAlignmentCheckingLauncherInterceptor.java:25) ~[junit-platform-launcher-6.0.1.jar:6.0.1]
	at org.junit.platform.launcher.core.InterceptingLauncher.execute(InterceptingLauncher.java:56) ~[junit-platform-launcher-6.0.1.jar:6.0.1]
	at org.junit.platform.launcher.core.DelegatingLauncher.execute(DelegatingLauncher.java:58) ~[junit-platform-launcher-6.0.1.jar:6.0.1]
	at java.base/jdk.internal.reflect.DirectMethodHandleAccessor.invoke(DirectMethodHandleAccessor.java:103) ~[na:na]
	at java.base/java.lang.reflect.Method.invoke(Method.java:580) ~[na:na]
	at org.apache.maven.surefire.api.util.ReflectionUtils.invokeMethodWithArray(ReflectionUtils.java:125) ~[surefire-api-3.5.4.jar:3.5.4]
	at org.apache.maven.surefire.junitplatform.LauncherAdapter.executeWithCancellationToken(LauncherAdapter.java:68) ~[surefire-junit-platform-3.5.4.jar:3.5.4]
	at org.apache.maven.surefire.junitplatform.LauncherAdapter.execute(LauncherAdapter.java:54) ~[surefire-junit-platform-3.5.4.jar:3.5.4]
	at org.apache.maven.surefire.junitplatform.JUnitPlatformProvider.execute(JUnitPlatformProvider.java:203) ~[surefire-junit-platform-3.5.4.jar:3.5.4]
	at org.apache.maven.surefire.junitplatform.JUnitPlatformProvider.invokeAllTests(JUnitPlatformProvider.java:168) ~[surefire-junit-platform-3.5.4.jar:3.5.4]
	at org.apache.maven.surefire.junitplatform.JUnitPlatformProvider.invoke(JUnitPlatformProvider.java:136) ~[surefire-junit-platform-3.5.4.jar:3.5.4]
	at org.apache.maven.surefire.booter.ForkedBooter.runSuitesInProcess(ForkedBooter.java:385) ~[surefire-booter-3.5.4.jar:3.5.4]
	at org.apache.maven.surefire.booter.ForkedBooter.execute(ForkedBooter.java:162) ~[surefire-booter-3.5.4.jar:3.5.4]
	at org.apache.maven.surefire.booter.ForkedBooter.run(ForkedBooter.java:507) ~[surefire-booter-3.5.4.jar:3.5.4]
	at org.apache.maven.surefire.booter.ForkedBooter.main(ForkedBooter.java:495) ~[surefire-booter-3.5.4.jar:3.5.4]

2026-04-28T14:56:58.194+05:30  INFO 21376 --- [asg-shipping] [main] c.a.s.v.service.VesselMasterServiceImpl  : Successfully retrieved vessel with id: 1
2026-04-28T14:56:58.197+05:30  INFO 21376 --- [asg-shipping] [main] c.a.s.v.service.VesselMasterServiceImpl  : Getting vessel with id: 1
2026-04-28T14:56:58.197+05:30  INFO 21376 --- [asg-shipping] [main] c.a.s.v.service.VesselMasterServiceImpl  : Successfully retrieved vessel with id: 1
2026-04-28T14:56:58.203+05:30  INFO 21376 --- [asg-shipping] [main] c.a.s.v.service.VesselMasterServiceImpl  : Updating vessel with id: 1
2026-04-28T14:56:58.203+05:30  INFO 21376 --- [asg-shipping] [main] c.a.s.v.service.VesselMasterServiceImpl  : Successfully updated vessel with id: 1
2026-04-28T14:56:58.206+05:30  INFO 21376 --- [asg-shipping] [main] c.a.s.v.service.VesselMasterServiceImpl  : Toggling active status for vessel with id: 1
2026-04-28T14:56:58.207+05:30  INFO 21376 --- [asg-shipping] [main] c.a.s.v.service.VesselMasterServiceImpl  : Successfully toggled active status for vessel with id: 1 to Y
2026-04-28T14:56:58.209+05:30  INFO 21376 --- [asg-shipping] [main] c.a.s.v.service.VesselMasterServiceImpl  : Searching vessels with page: 0, size: 20
2026-04-28T14:56:58.213+05:30  INFO 21376 --- [asg-shipping] [main] c.a.s.v.service.VesselMasterServiceImpl  : Creating vessel with code: VSL002, name: New Vessel
2026-04-28T14:56:58.213+05:30  INFO 21376 --- [asg-shipping] [main] c.a.s.v.service.VesselMasterServiceImpl  : Successfully created vessel with id: 2
2026-04-28T14:56:58.215+05:30  INFO 21376 --- [asg-shipping] [main] c.a.s.v.service.VesselMasterServiceImpl  : Getting vessel with id: 1
2026-04-28T14:56:58.216+05:30  WARN 21376 --- [asg-shipping] [main] c.a.s.v.service.VesselMasterServiceImpl  : Failed to fetch some LOV data

java.lang.RuntimeException: LOV Error
	at com.asg.shipping.vesselmaster.service.VesselMasterServiceImpl.enrichDtoWithLovData(VesselMasterServiceImpl.java:183) ~[classes/:na]
	at com.asg.shipping.vesselmaster.service.VesselMasterServiceImpl.getVessel(VesselMasterServiceImpl.java:75) ~[classes/:na]
	at com.asg.shipping.vesselmaster.service.VesselMasterServiceImplTest.getVessel_WithLovException_ContinuesGracefully(VesselMasterServiceImplTest.java:277) ~[test-classes/:na]
	at java.base/jdk.internal.reflect.DirectMethodHandleAccessor.invoke(DirectMethodHandleAccessor.java:103) ~[na:na]
	at java.base/java.lang.reflect.Method.invoke(Method.java:580) ~[na:na]
	at org.junit.platform.commons.util.ReflectionUtils.invokeMethod(ReflectionUtils.java:701) ~[junit-platform-commons-6.0.1.jar:6.0.1]
	at org.junit.platform.commons.support.ReflectionSupport.invokeMethod(ReflectionSupport.java:502) ~[junit-platform-commons-6.0.1.jar:6.0.1]
	at org.junit.jupiter.engine.support.MethodReflectionUtils.invoke(MethodReflectionUtils.java:45) ~[junit-jupiter-engine-6.0.1.jar:6.0.1]
	at org.junit.jupiter.engine.execution.MethodInvocation.proceed(MethodInvocation.java:61) ~[junit-jupiter-engine-6.0.1.jar:6.0.1]
	at org.junit.jupiter.engine.execution.InvocationInterceptorChain$ValidatingInvocation.proceed(InvocationInterceptorChain.java:124) ~[junit-jupiter-engine-6.0.1.jar:6.0.1]
	at org.junit.jupiter.engine.extension.TimeoutExtension.intercept(TimeoutExtension.java:163) ~[junit-jupiter-engine-6.0.1.jar:6.0.1]
	at org.junit.jupiter.engine.extension.TimeoutExtension.interceptTestableMethod(TimeoutExtension.java:148) ~[junit-jupiter-engine-6.0.1.jar:6.0.1]
	at org.junit.jupiter.engine.extension.TimeoutExtension.interceptTestMethod(TimeoutExtension.java:86) ~[junit-jupiter-engine-6.0.1.jar:6.0.1]
	at org.junit.jupiter.engine.execution.InterceptingExecutableInvoker$ReflectiveInterceptorCall.lambda$ofVoidMethod$0(InterceptingExecutableInvoker.java:123) ~[junit-jupiter-engine-6.0.1.jar:6.0.1]
	at org.junit.jupiter.engine.execution.InterceptingExecutableInvoker.lambda$invoke$0(InterceptingExecutableInvoker.java:105) ~[junit-jupiter-engine-6.0.1.jar:6.0.1]
	at org.junit.jupiter.engine.execution.InvocationInterceptorChain$InterceptedInvocation.proceed(InvocationInterceptorChain.java:99) ~[junit-jupiter-engine-6.0.1.jar:6.0.1]
	at org.junit.jupiter.engine.execution.InvocationInterceptorChain.proceed(InvocationInterceptorChain.java:66) ~[junit-jupiter-engine-6.0.1.jar:6.0.1]
	at org.junit.jupiter.engine.execution.InvocationInterceptorChain.chainAndInvoke(InvocationInterceptorChain.java:47) ~[junit-jupiter-engine-6.0.1.jar:6.0.1]
	at org.junit.jupiter.engine.execution.InvocationInterceptorChain.invoke(InvocationInterceptorChain.java:39) ~[junit-jupiter-engine-6.0.1.jar:6.0.1]
	at org.junit.jupiter.engine.execution.InterceptingExecutableInvoker.invoke(InterceptingExecutableInvoker.java:104) ~[junit-jupiter-engine-6.0.1.jar:6.0.1]
	at org.junit.jupiter.engine.execution.InterceptingExecutableInvoker.invoke(InterceptingExecutableInvoker.java:98) ~[junit-jupiter-engine-6.0.1.jar:6.0.1]
	at org.junit.jupiter.engine.execution.InterceptingExecutableInvoker.invokeVoid(InterceptingExecutableInvoker.java:71) ~[junit-jupiter-engine-6.0.1.jar:6.0.1]
	at org.junit.jupiter.engine.descriptor.TestMethodTestDescriptor.lambda$invokeTestMethod$0(TestMethodTestDescriptor.java:219) ~[junit-jupiter-engine-6.0.1.jar:6.0.1]
	at org.junit.platform.engine.support.hierarchical.ThrowableCollector.execute(ThrowableCollector.java:74) ~[junit-platform-engine-6.0.1.jar:6.0.1]
	at org.junit.jupiter.engine.descriptor.TestMethodTestDescriptor.invokeTestMethod(TestMethodTestDescriptor.java:215) ~[junit-jupiter-engine-6.0.1.jar:6.0.1]
	at org.junit.jupiter.engine.descriptor.TestMethodTestDescriptor.execute(TestMethodTestDescriptor.java:157) ~[junit-jupiter-engine-6.0.1.jar:6.0.1]
	at org.junit.jupiter.engine.descriptor.TestMethodTestDescriptor.execute(TestMethodTestDescriptor.java:70) ~[junit-jupiter-engine-6.0.1.jar:6.0.1]
	at org.junit.platform.engine.support.hierarchical.NodeTestTask.lambda$executeRecursively$2(NodeTestTask.java:176) ~[junit-platform-engine-6.0.1.jar:6.0.1]
	at org.junit.platform.engine.support.hierarchical.ThrowableCollector.execute(ThrowableCollector.java:74) ~[junit-platform-engine-6.0.1.jar:6.0.1]
	at org.junit.platform.engine.support.hierarchical.NodeTestTask.lambda$executeRecursively$1(NodeTestTask.java:166) ~[junit-platform-engine-6.0.1.jar:6.0.1]
	at org.junit.platform.engine.support.hierarchical.Node.around(Node.java:138) ~[junit-platform-engine-6.0.1.jar:6.0.1]
	at org.junit.platform.engine.support.hierarchical.NodeTestTask.lambda$executeRecursively$0(NodeTestTask.java:164) ~[junit-platform-engine-6.0.1.jar:6.0.1]
	at org.junit.platform.engine.support.hierarchical.ThrowableCollector.execute(ThrowableCollector.java:74) ~[junit-platform-engine-6.0.1.jar:6.0.1]
	at org.junit.platform.engine.support.hierarchical.NodeTestTask.executeRecursively(NodeTestTask.java:163) ~[junit-platform-engine-6.0.1.jar:6.0.1]
	at org.junit.platform.engine.support.hierarchical.NodeTestTask.execute(NodeTestTask.java:116) ~[junit-platform-engine-6.0.1.jar:6.0.1]
	at java.base/java.util.ArrayList.forEach(ArrayList.java:1596) ~[na:na]
	at org.junit.platform.engine.support.hierarchical.SameThreadHierarchicalTestExecutorService.invokeAll(SameThreadHierarchicalTestExecutorService.java:42) ~[junit-platform-engine-6.0.1.jar:6.0.1]
	at org.junit.platform.engine.support.hierarchical.NodeTestTask.lambda$executeRecursively$2(NodeTestTask.java:180) ~[junit-platform-engine-6.0.1.jar:6.0.1]
	at org.junit.platform.engine.support.hierarchical.ThrowableCollector.execute(ThrowableCollector.java:74) ~[junit-platform-engine-6.0.1.jar:6.0.1]
	at org.junit.platform.engine.support.hierarchical.NodeTestTask.lambda$executeRecursively$1(NodeTestTask.java:166) ~[junit-platform-engine-6.0.1.jar:6.0.1]
	at org.junit.platform.engine.support.hierarchical.Node.around(Node.java:138) ~[junit-platform-engine-6.0.1.jar:6.0.1]
	at org.junit.platform.engine.support.hierarchical.NodeTestTask.lambda$executeRecursively$0(NodeTestTask.java:164) ~[junit-platform-engine-6.0.1.jar:6.0.1]
	at org.junit.platform.engine.support.hierarchical.ThrowableCollector.execute(ThrowableCollector.java:74) ~[junit-platform-engine-6.0.1.jar:6.0.1]
	at org.junit.platform.engine.support.hierarchical.NodeTestTask.executeRecursively(NodeTestTask.java:163) ~[junit-platform-engine-6.0.1.jar:6.0.1]
	at org.junit.platform.engine.support.hierarchical.NodeTestTask.execute(NodeTestTask.java:116) ~[junit-platform-engine-6.0.1.jar:6.0.1]
	at java.base/java.util.ArrayList.forEach(ArrayList.java:1596) ~[na:na]
	at org.junit.platform.engine.support.hierarchical.SameThreadHierarchicalTestExecutorService.invokeAll(SameThreadHierarchicalTestExecutorService.java:42) ~[junit-platform-engine-6.0.1.jar:6.0.1]
	at org.junit.platform.engine.support.hierarchical.NodeTestTask.lambda$executeRecursively$2(NodeTestTask.java:180) ~[junit-platform-engine-6.0.1.jar:6.0.1]
	at org.junit.platform.engine.support.hierarchical.ThrowableCollector.execute(ThrowableCollector.java:74) ~[junit-platform-engine-6.0.1.jar:6.0.1]
	at org.junit.platform.engine.support.hierarchical.NodeTestTask.lambda$executeRecursively$1(NodeTestTask.java:166) ~[junit-platform-engine-6.0.1.jar:6.0.1]
	at org.junit.platform.engine.support.hierarchical.Node.around(Node.java:138) ~[junit-platform-engine-6.0.1.jar:6.0.1]
	at org.junit.platform.engine.support.hierarchical.NodeTestTask.lambda$executeRecursively$0(NodeTestTask.java:164) ~[junit-platform-engine-6.0.1.jar:6.0.1]
	at org.junit.platform.engine.support.hierarchical.ThrowableCollector.execute(ThrowableCollector.java:74) ~[junit-platform-engine-6.0.1.jar:6.0.1]
	at org.junit.platform.engine.support.hierarchical.NodeTestTask.executeRecursively(NodeTestTask.java:163) ~[junit-platform-engine-6.0.1.jar:6.0.1]
	at org.junit.platform.engine.support.hierarchical.NodeTestTask.execute(NodeTestTask.java:116) ~[junit-platform-engine-6.0.1.jar:6.0.1]
	at org.junit.platform.engine.support.hierarchical.SameThreadHierarchicalTestExecutorService.submit(SameThreadHierarchicalTestExecutorService.java:36) ~[junit-platform-engine-6.0.1.jar:6.0.1]
	at org.junit.platform.engine.support.hierarchical.HierarchicalTestExecutor.execute(HierarchicalTestExecutor.java:52) ~[junit-platform-engine-6.0.1.jar:6.0.1]
	at org.junit.platform.engine.support.hierarchical.HierarchicalTestEngine.execute(HierarchicalTestEngine.java:58) ~[junit-platform-engine-6.0.1.jar:6.0.1]
	at org.junit.platform.launcher.core.EngineExecutionOrchestrator.executeEngine(EngineExecutionOrchestrator.java:246) ~[junit-platform-launcher-6.0.1.jar:6.0.1]
	at org.junit.platform.launcher.core.EngineExecutionOrchestrator.failOrExecuteEngine(EngineExecutionOrchestrator.java:218) ~[junit-platform-launcher-6.0.1.jar:6.0.1]
	at org.junit.platform.launcher.core.EngineExecutionOrchestrator.execute(EngineExecutionOrchestrator.java:179) ~[junit-platform-launcher-6.0.1.jar:6.0.1]
	at org.junit.platform.launcher.core.EngineExecutionOrchestrator.execute(EngineExecutionOrchestrator.java:108) ~[junit-platform-launcher-6.0.1.jar:6.0.1]
	at org.junit.platform.launcher.core.EngineExecutionOrchestrator.lambda$execute$0(EngineExecutionOrchestrator.java:66) ~[junit-platform-launcher-6.0.1.jar:6.0.1]
	at org.junit.platform.launcher.core.EngineExecutionOrchestrator.withInterceptedStreams(EngineExecutionOrchestrator.java:157) ~[junit-platform-launcher-6.0.1.jar:6.0.1]
	at org.junit.platform.launcher.core.EngineExecutionOrchestrator.execute(EngineExecutionOrchestrator.java:65) ~[junit-platform-launcher-6.0.1.jar:6.0.1]
	at org.junit.platform.launcher.core.DefaultLauncher.execute(DefaultLauncher.java:125) ~[junit-platform-launcher-6.0.1.jar:6.0.1]
	at org.junit.platform.launcher.core.DefaultLauncher.execute(DefaultLauncher.java:114) ~[junit-platform-launcher-6.0.1.jar:6.0.1]
	at org.junit.platform.launcher.core.DelegatingLauncher.execute(DelegatingLauncher.java:58) ~[junit-platform-launcher-6.0.1.jar:6.0.1]
	at org.junit.platform.launcher.core.InterceptingLauncher.lambda$execute$2(InterceptingLauncher.java:57) ~[junit-platform-launcher-6.0.1.jar:6.0.1]
	at org.junit.platform.launcher.core.ClasspathAlignmentCheckingLauncherInterceptor.intercept(ClasspathAlignmentCheckingLauncherInterceptor.java:25) ~[junit-platform-launcher-6.0.1.jar:6.0.1]
	at org.junit.platform.launcher.core.InterceptingLauncher.execute(InterceptingLauncher.java:56) ~[junit-platform-launcher-6.0.1.jar:6.0.1]
	at org.junit.platform.launcher.core.DelegatingLauncher.execute(DelegatingLauncher.java:58) ~[junit-platform-launcher-6.0.1.jar:6.0.1]
	at java.base/jdk.internal.reflect.DirectMethodHandleAccessor.invoke(DirectMethodHandleAccessor.java:103) ~[na:na]
	at java.base/java.lang.reflect.Method.invoke(Method.java:580) ~[na:na]
	at org.apache.maven.surefire.api.util.ReflectionUtils.invokeMethodWithArray(ReflectionUtils.java:125) ~[surefire-api-3.5.4.jar:3.5.4]
	at org.apache.maven.surefire.junitplatform.LauncherAdapter.executeWithCancellationToken(LauncherAdapter.java:68) ~[surefire-junit-platform-3.5.4.jar:3.5.4]
	at org.apache.maven.surefire.junitplatform.LauncherAdapter.execute(LauncherAdapter.java:54) ~[surefire-junit-platform-3.5.4.jar:3.5.4]
	at org.apache.maven.surefire.junitplatform.JUnitPlatformProvider.execute(JUnitPlatformProvider.java:203) ~[surefire-junit-platform-3.5.4.jar:3.5.4]
	at org.apache.maven.surefire.junitplatform.JUnitPlatformProvider.invokeAllTests(JUnitPlatformProvider.java:168) ~[surefire-junit-platform-3.5.4.jar:3.5.4]
	at org.apache.maven.surefire.junitplatform.JUnitPlatformProvider.invoke(JUnitPlatformProvider.java:136) ~[surefire-junit-platform-3.5.4.jar:3.5.4]
	at org.apache.maven.surefire.booter.ForkedBooter.runSuitesInProcess(ForkedBooter.java:385) ~[surefire-booter-3.5.4.jar:3.5.4]
	at org.apache.maven.surefire.booter.ForkedBooter.execute(ForkedBooter.java:162) ~[surefire-booter-3.5.4.jar:3.5.4]
	at org.apache.maven.surefire.booter.ForkedBooter.run(ForkedBooter.java:507) ~[surefire-booter-3.5.4.jar:3.5.4]
	at org.apache.maven.surefire.booter.ForkedBooter.main(ForkedBooter.java:495) ~[surefire-booter-3.5.4.jar:3.5.4]

2026-04-28T14:56:58.217+05:30  INFO 21376 --- [asg-shipping] [main] c.a.s.v.service.VesselMasterServiceImpl  : Successfully retrieved vessel with id: 1
2026-04-28T14:56:58.219+05:30  INFO 21376 --- [asg-shipping] [main] c.a.s.v.service.VesselMasterServiceImpl  : Deleting vessel with id: 1
2026-04-28T14:56:58.222+05:30  INFO 21376 --- [asg-shipping] [main] c.a.s.v.service.VesselMasterServiceImpl  : Toggling active status for vessel with id: 1
2026-04-28T14:56:58.223+05:30  INFO 21376 --- [asg-shipping] [main] c.a.s.v.service.VesselMasterServiceImpl  : Successfully toggled active status for vessel with id: 1 to N
2026-04-28T14:56:58.225+05:30  INFO 21376 --- [asg-shipping] [main] c.a.s.v.service.VesselMasterServiceImpl  : Toggling active status for vessel with id: 1
2026-04-28T14:56:58.225+05:30  INFO 21376 --- [asg-shipping] [main] c.a.s.v.service.VesselMasterServiceImpl  : Successfully toggled active status for vessel with id: 1 to Y
2026-04-28T14:56:58.228+05:30  INFO 21376 --- [asg-shipping] [main] c.a.s.v.service.VesselMasterServiceImpl  : Toggling active status for vessel with id: 1
2026-04-28T14:56:58.232+05:30  INFO 21376 --- [asg-shipping] [main] c.a.s.v.service.VesselMasterServiceImpl  : Updating vessel with id: 1
2026-04-28T14:56:58.234+05:30  INFO 21376 --- [asg-shipping] [main] c.a.s.v.service.VesselMasterServiceImpl  : Getting vessel with id: 1
2026-04-28T14:56:58.320+05:30  INFO 21376 --- [asg-shipping] [main] c.a.s.v.c.VesselTypeMasterController     : Creating vessel type with code: VT001, groupId: 1, userPoid: 1
2026-04-28T14:56:58.320+05:30  INFO 21376 --- [asg-shipping] [main] c.a.s.v.c.VesselTypeMasterController     : Successfully created vessel type with id: 1
2026-04-28T14:56:58.322+05:30  INFO 21376 --- [asg-shipping] [main] c.a.s.v.c.VesselTypeMasterController     : Searching vessel types with page: 0, size: 10, sort: vesselTypeName,desc
2026-04-28T14:56:58.323+05:30  INFO 21376 --- [asg-shipping] [main] c.a.s.v.c.VesselTypeMasterController     : Successfully retrieved vessel types
2026-04-28T14:56:58.325+05:30  INFO 21376 --- [asg-shipping] [main] c.a.s.v.c.VesselTypeMasterController     : deleteVesselType started for companyPoid=1 groupPoid=1
2026-04-28T14:56:58.326+05:30  INFO 21376 --- [asg-shipping] [main] c.a.s.v.c.VesselTypeMasterController     : deleteVesselType completed for companyPoid=1 groupPoid=1
2026-04-28T14:56:58.329+05:30  INFO 21376 --- [asg-shipping] [main] c.a.s.v.c.VesselTypeMasterController     : Searching vessel types with page: 0, size: 10, sort: invalidFormat
2026-04-28T14:56:58.331+05:30  INFO 21376 --- [asg-shipping] [main] c.a.s.v.c.VesselTypeMasterController     : Successfully retrieved vessel types
2026-04-28T14:56:58.333+05:30  INFO 21376 --- [asg-shipping] [main] c.a.s.v.c.VesselTypeMasterController     : Getting vessel type with id: 1
2026-04-28T14:56:58.334+05:30  INFO 21376 --- [asg-shipping] [main] c.a.s.v.c.VesselTypeMasterController     : Successfully retrieved vessel type with id: 1
2026-04-28T14:56:58.336+05:30  INFO 21376 --- [asg-shipping] [main] c.a.s.v.c.VesselTypeMasterController     : Toggling active status for vessel type with id: 1
2026-04-28T14:56:58.340+05:30  INFO 21376 --- [asg-shipping] [main] c.a.s.v.c.VesselTypeMasterController     : Getting vessel type with id: 1
2026-04-28T14:56:58.345+05:30  INFO 21376 --- [asg-shipping] [main] c.a.s.v.c.VesselTypeMasterController     : deleteVesselType started for companyPoid=1 groupPoid=1
2026-04-28T14:56:58.345+05:30  INFO 21376 --- [asg-shipping] [main] c.a.s.v.c.VesselTypeMasterController     : deleteVesselType completed for companyPoid=1 groupPoid=1
2026-04-28T14:56:58.349+05:30  INFO 21376 --- [asg-shipping] [main] c.a.s.v.c.VesselTypeMasterController     : Creating vessel type with code: VT001, groupId: 1, userPoid: 1
2026-04-28T14:56:58.351+05:30  INFO 21376 --- [asg-shipping] [main] c.a.s.v.c.VesselTypeMasterController     : Toggling active status for vessel type with id: 1
2026-04-28T14:56:58.352+05:30  INFO 21376 --- [asg-shipping] [main] c.a.s.v.c.VesselTypeMasterController     : Successfully toggled active status for vessel type with id: 1
2026-04-28T14:56:58.354+05:30  INFO 21376 --- [asg-shipping] [main] c.a.s.v.c.VesselTypeMasterController     : Updating vessel type with id: 1, groupId: 1, userPoid: 1
2026-04-28T14:56:58.355+05:30  INFO 21376 --- [asg-shipping] [main] c.a.s.v.c.VesselTypeMasterController     : Successfully updated vessel type with id: 1
2026-04-28T14:56:58.357+05:30  INFO 21376 --- [asg-shipping] [main] c.a.s.v.c.VesselTypeMasterController     : Searching vessel types with page: 0, size: 10, sort: unknownField,asc
2026-04-28T14:56:58.357+05:30  INFO 21376 --- [asg-shipping] [main] c.a.s.v.c.VesselTypeMasterController     : Successfully retrieved vessel types
2026-04-28T14:56:58.361+05:30  INFO 21376 --- [asg-shipping] [main] c.a.s.v.c.VesselTypeMasterController     : Searching vessel types with page: 0, size: 20, sort: vesselTypeName,asc
2026-04-28T14:56:58.361+05:30  INFO 21376 --- [asg-shipping] [main] c.a.s.v.c.VesselTypeMasterController     : Successfully retrieved vessel types
2026-04-28T14:56:58.364+05:30  INFO 21376 --- [asg-shipping] [main] c.a.s.v.c.VesselTypeMasterController     : deleteVesselType started for companyPoid=1 groupPoid=1
2026-04-28T14:56:58.368+05:30  INFO 21376 --- [asg-shipping] [main] c.a.s.v.c.VesselTypeMasterController     : Searching vessel types with page: 0, size: 20, sort: null
2026-04-28T14:56:58.368+05:30  INFO 21376 --- [asg-shipping] [main] c.a.s.v.c.VesselTypeMasterController     : Successfully retrieved vessel types
2026-04-28T14:56:58.371+05:30  INFO 21376 --- [asg-shipping] [main] c.a.s.v.c.VesselTypeMasterController     : Searching vessel types with page: 0, size: 10, sort: vesselTypeCode,asc
2026-04-28T14:56:58.372+05:30  INFO 21376 --- [asg-shipping] [main] c.a.s.v.c.VesselTypeMasterController     : Successfully retrieved vessel types
2026-04-28T14:56:58.372+05:30  INFO 21376 --- [asg-shipping] [main] c.a.s.v.c.VesselTypeMasterController     : Searching vessel types with page: 0, size: 10, sort: vesselTypeName2,asc
2026-04-28T14:56:58.372+05:30  INFO 21376 --- [asg-shipping] [main] c.a.s.v.c.VesselTypeMasterController     : Successfully retrieved vessel types
2026-04-28T14:56:58.372+05:30  INFO 21376 --- [asg-shipping] [main] c.a.s.v.c.VesselTypeMasterController     : Searching vessel types with page: 0, size: 10, sort: createdDate,asc
2026-04-28T14:56:58.372+05:30  INFO 21376 --- [asg-shipping] [main] c.a.s.v.c.VesselTypeMasterController     : Successfully retrieved vessel types
2026-04-28T14:56:58.373+05:30  INFO 21376 --- [asg-shipping] [main] c.a.s.v.c.VesselTypeMasterController     : Searching vessel types with page: 0, size: 10, sort: lastmodifiedDate,asc
2026-04-28T14:56:58.373+05:30  INFO 21376 --- [asg-shipping] [main] c.a.s.v.c.VesselTypeMasterController     : Successfully retrieved vessel types
2026-04-28T14:56:58.377+05:30  INFO 21376 --- [asg-shipping] [main] c.a.s.v.c.VesselTypeMasterController     : Updating vessel type with id: 1, groupId: 1, userPoid: 1
2026-04-28T14:56:58.647+05:30  INFO 21376 --- [asg-shipping] [main] c.a.s.v.service.VesselTypeServiceImpl    : Creating vessel type with code: VT001, groupId: 1, userPoid: 1
2026-04-28T14:56:58.649+05:30  INFO 21376 --- [asg-shipping] [main] c.a.s.v.service.VesselTypeServiceImpl    : Successfully created vessel type with id: 1
2026-04-28T14:56:58.661+05:30  INFO 21376 --- [asg-shipping] [main] c.a.s.v.service.VesselTypeServiceImpl    : deleteVesselType started for vesselTypeId=1 companyPoid=1 groupPoid=1
2026-04-28T14:56:58.663+05:30  INFO 21376 --- [asg-shipping] [main] c.a.s.v.service.VesselTypeServiceImpl    : deleteVesselType completed for vesselTypeId=1 companyPoid=1
2026-04-28T14:56:58.670+05:30  INFO 21376 --- [asg-shipping] [main] c.a.s.v.service.VesselTypeServiceImpl    : Getting vessel type with id: 1
2026-04-28T14:56:58.672+05:30  INFO 21376 --- [asg-shipping] [main] c.a.s.v.service.VesselTypeServiceImpl    : Successfully retrieved vessel type with id: 1
2026-04-28T14:56:58.676+05:30  INFO 21376 --- [asg-shipping] [main] c.a.s.v.service.VesselTypeServiceImpl    : Toggling active status for vessel type with id: 1
2026-04-28T14:56:58.690+05:30  INFO 21376 --- [asg-shipping] [main] c.a.s.v.service.VesselTypeServiceImpl    : Updating vessel type with id: 1, groupId: 1, userPoid: 1
2026-04-28T14:56:58.693+05:30  INFO 21376 --- [asg-shipping] [main] c.a.s.v.service.VesselTypeServiceImpl    : Getting vessel type with id: 1
2026-04-28T14:56:58.698+05:30  INFO 21376 --- [asg-shipping] [main] c.a.s.v.service.VesselTypeServiceImpl    : Creating vessel type with code: VT001, groupId: 1, userPoid: 1
2026-04-28T14:56:58.702+05:30  INFO 21376 --- [asg-shipping] [main] c.a.s.v.service.VesselTypeServiceImpl    : Creating vessel type with code: VT001, groupId: 1, userPoid: 1
2026-04-28T14:56:58.705+05:30  INFO 21376 --- [asg-shipping] [main] c.a.s.v.service.VesselTypeServiceImpl    : Updating vessel type with id: 1, groupId: 1, userPoid: 1
2026-04-28T14:56:58.706+05:30  INFO 21376 --- [asg-shipping] [main] c.a.s.v.service.VesselTypeServiceImpl    : Successfully updated vessel type with id: 1
2026-04-28T14:56:58.712+05:30  INFO 21376 --- [asg-shipping] [main] c.a.s.v.service.VesselTypeServiceImpl    : Toggling active status for vessel type with id: 1
2026-04-28T14:56:58.712+05:30  INFO 21376 --- [asg-shipping] [main] c.a.s.v.service.VesselTypeServiceImpl    : Successfully toggled active status for vessel type with id: 1 to Y
2026-04-28T14:56:58.716+05:30  INFO 21376 --- [asg-shipping] [main] c.a.s.v.service.VesselTypeServiceImpl    : Toggling active status for vessel type with id: 1
2026-04-28T14:56:58.717+05:30  INFO 21376 --- [asg-shipping] [main] c.a.s.v.service.VesselTypeServiceImpl    : Successfully toggled active status for vessel type with id: 1 to N
2026-04-28T14:56:58.720+05:30  INFO 21376 --- [asg-shipping] [main] c.a.s.v.service.VesselTypeServiceImpl    : Searching vessel types with docId: 100-003, page: 0, size: 20
2026-04-28T14:56:58.722+05:30  INFO 21376 --- [asg-shipping] [main] c.a.s.v.service.VesselTypeServiceImpl    : Searching vessel types with docId: 100-003, page: 0, size: 20
2026-04-28T14:56:58.726+05:30  INFO 21376 --- [asg-shipping] [main] c.a.s.v.service.VesselTypeServiceImpl    : deleteVesselType started for vesselTypeId=1 companyPoid=1 groupPoid=1
2026-04-28T14:56:58.729+05:30  INFO 21376 --- [asg-shipping] [main] c.a.s.v.service.VesselTypeServiceImpl    : deleteVesselType started for vesselTypeId=1 companyPoid=1 groupPoid=1
2026-04-28T14:56:58.730+05:30  WARN 21376 --- [asg-shipping] [main] c.a.s.v.service.VesselTypeServiceImpl    : deleteVesselType found companyPoid=1 vesselTypeId=1 already deleted
2026-04-28T14:56:58.735+05:30  INFO 21376 --- [asg-shipping] [main] c.a.s.v.service.VesselTypeServiceImpl    : Updating vessel type with id: 1, groupId: 1, userPoid: 1
2026-04-28T14:56:58.846+05:30  INFO 21376 --- [asg-shipping] [main] c.a.s.v.c.VesselVoyageController         : Action=TEST_ACTION | List voyages | page=0 size=20 docId=DOC123 startDate=null endDate=null groupPoid=1 companyPoid=2 userPoid=3
2026-04-28T14:56:58.850+05:30  INFO 21376 --- [asg-shipping] [main] c.a.s.v.c.VesselVoyageController         : Action=TEST_ACTION | List voyages | page=0 size=20 docId=DOC123 startDate=2026-01-01 endDate=null groupPoid=1 companyPoid=2 userPoid=3
2026-04-28T14:56:58.852+05:30  INFO 21376 --- [asg-shipping] [main] c.a.s.v.c.VesselVoyageController         : Action=TEST_ACTION | List voyages | page=0 size=20 docId=DOC123 startDate=2026-01-01 endDate=2026-12-31 groupPoid=1 companyPoid=2 userPoid=3
2026-04-28T14:56:58.860+05:30  INFO 21376 --- [asg-shipping] [main] c.a.s.v.c.VesselVoyageController         : Action=TEST_ACTION | Get voyage | voyagePoid=10 groupPoid=1 companyPoid=2 userPoid=3
2026-04-28T14:56:58.861+05:30  INFO 21376 --- [asg-shipping] [main] c.a.s.v.c.VesselVoyageController         : Action=TEST_ACTION | Create voyage | voyageNo=null linePoid=null vesselPoid=null groupPoid=1 companyPoid=2 userId=user1
2026-04-28T14:56:58.862+05:30  INFO 21376 --- [asg-shipping] [main] c.a.s.v.c.VesselVoyageController         : Action=TEST_ACTION | Update voyage | voyagePoid=10 voyageNo=null linePoid=null vesselPoid=null userId=user1
2026-04-28T14:56:58.862+05:30  INFO 21376 --- [asg-shipping] [main] c.a.s.v.c.VesselVoyageController         : Action=TEST_ACTION | List BLs | voyagePoid=10 tab=HOLD filter=ALL page=0 size=20
2026-04-28T14:56:58.863+05:30  INFO 21376 --- [asg-shipping] [main] c.a.s.v.c.VesselVoyageController         : Action=TEST_ACTION | Get EDI errors | voyagePoid=10
2026-04-28T14:56:58.863+05:30  INFO 21376 --- [asg-shipping] [main] c.a.s.v.c.VesselVoyageController         : Action=TEST_ACTION | Reprocess EDI | voyagePoid=10
2026-04-28T14:56:58.863+05:30  INFO 21376 --- [asg-shipping] [main] c.a.s.v.c.VesselVoyageController         : Action=TEST_ACTION | Upload EDI | voyagePoid=10 fileName=test.edi size=4
2026-04-28T14:56:58.863+05:30  INFO 21376 --- [asg-shipping] [main] c.a.s.v.c.VesselVoyageController         : Action=TEST_ACTION | List transhipments | voyagePoid=10
2026-04-28T14:56:58.867+05:30  INFO 21376 --- [asg-shipping] [main] c.a.s.v.c.VesselVoyageController         : Action=TEST_ACTION | Update transhipments | voyagePoid=10 items=1
2026-04-28T14:56:58.869+05:30  INFO 21376 --- [asg-shipping] [main] c.a.s.v.c.VesselVoyageController         : Action=TEST_ACTION | Transfer transhipments | voyagePoid=10 targetVoyagePoid=20 detRowIds=[1, 2]
2026-04-28T14:56:58.870+05:30  INFO 21376 --- [asg-shipping] [main] c.a.s.v.c.VesselVoyageController         : Action=TEST_ACTION | Import HNJN transhipments | voyagePoid=10
2026-04-28T14:56:58.871+05:30  INFO 21376 --- [asg-shipping] [main] c.a.s.v.c.VesselVoyageController         : Action=TEST_ACTION | List currency | voyagePoid=10
2026-04-28T14:56:58.875+05:30  INFO 21376 --- [asg-shipping] [main] c.a.s.v.c.VesselVoyageController         : Action=TEST_ACTION | Update currency | voyagePoid=10 items=1
2026-04-28T14:56:58.876+05:30  INFO 21376 --- [asg-shipping] [main] c.a.s.v.c.VesselVoyageController         : Action=TEST_ACTION | Resend CAN | voyagePoid=10 blTransactionPoid=null
2026-04-28T14:56:58.877+05:30  INFO 21376 --- [asg-shipping] [main] c.a.s.v.c.VesselVoyageController         : Action=TEST_ACTION | Create empty manifest | voyagePoid=10
2026-04-28T14:56:58.877+05:30  INFO 21376 --- [asg-shipping] [main] c.a.s.v.c.VesselVoyageController         : Action=TEST_ACTION | Create TDR | voyagePoid=10 createEmptyManifestFirst=false
2026-04-28T14:56:58.878+05:30  INFO 21376 --- [asg-shipping] [main] c.a.s.v.c.VesselVoyageController         : Action=TEST_ACTION | Export COSCO EDI | voyagePoid=10 blPoid=null
2026-04-28T14:56:58.879+05:30  INFO 21376 --- [asg-shipping] [main] c.a.s.v.c.VesselVoyageController         : Action=TEST_ACTION | Import general cargo | voyagePoid=10
2026-04-28T14:56:58.879+05:30  INFO 21376 --- [asg-shipping] [main] c.a.s.v.c.VesselVoyageController         : Action=TEST_ACTION | Import selected XL | voyagePoid=10
2026-04-28T14:56:58.880+05:30  INFO 21376 --- [asg-shipping] [main] c.a.s.v.c.VesselVoyageController         : Action=TEST_ACTION | EDI moves load/discharge | voyagePoid=10 ediDateValue=2026-04-15
2026-04-28T14:56:58.881+05:30  INFO 21376 --- [asg-shipping] [main] c.a.s.v.c.VesselVoyageController         : Action=TEST_ACTION | Delete voyage | voyagePoid=10
2026-04-28T14:56:58.887+05:30  INFO 21376 --- [asg-shipping] [main] c.a.s.v.c.VesselVoyageController         : Action=TEST_ACTION | Upload EDI | voyagePoid=10 fileName=null size=0
2026-04-28T14:56:58.890+05:30 ERROR 21376 --- [asg-shipping] [main] c.a.s.v.c.VesselVoyageController         : Failed to generate PDF for Manifest PDF: 123

java.lang.RuntimeException: PDF generation failed
	at com.asg.shipping.vesselvoyagecreation.controller.VesselVoyageController.print(VesselVoyageController.java:308) ~[classes/:na]
	at com.asg.shipping.vesselvoyagecreation.controller.VesselVoyageControllerTest.print_exception_returnsError(VesselVoyageControllerTest.java:331) ~[test-classes/:na]
	at java.base/jdk.internal.reflect.DirectMethodHandleAccessor.invoke(DirectMethodHandleAccessor.java:103) ~[na:na]
	at java.base/java.lang.reflect.Method.invoke(Method.java:580) ~[na:na]
	at org.junit.platform.commons.util.ReflectionUtils.invokeMethod(ReflectionUtils.java:701) ~[junit-platform-commons-6.0.1.jar:6.0.1]
	at org.junit.platform.commons.support.ReflectionSupport.invokeMethod(ReflectionSupport.java:502) ~[junit-platform-commons-6.0.1.jar:6.0.1]
	at org.junit.jupiter.engine.support.MethodReflectionUtils.invoke(MethodReflectionUtils.java:45) ~[junit-jupiter-engine-6.0.1.jar:6.0.1]
	at org.junit.jupiter.engine.execution.MethodInvocation.proceed(MethodInvocation.java:61) ~[junit-jupiter-engine-6.0.1.jar:6.0.1]
	at org.junit.jupiter.engine.execution.InvocationInterceptorChain$ValidatingInvocation.proceed(InvocationInterceptorChain.java:124) ~[junit-jupiter-engine-6.0.1.jar:6.0.1]
	at org.junit.jupiter.engine.extension.TimeoutExtension.intercept(TimeoutExtension.java:163) ~[junit-jupiter-engine-6.0.1.jar:6.0.1]
	at org.junit.jupiter.engine.extension.TimeoutExtension.interceptTestableMethod(TimeoutExtension.java:148) ~[junit-jupiter-engine-6.0.1.jar:6.0.1]
	at org.junit.jupiter.engine.extension.TimeoutExtension.interceptTestMethod(TimeoutExtension.java:86) ~[junit-jupiter-engine-6.0.1.jar:6.0.1]
	at org.junit.jupiter.engine.execution.InterceptingExecutableInvoker$ReflectiveInterceptorCall.lambda$ofVoidMethod$0(InterceptingExecutableInvoker.java:123) ~[junit-jupiter-engine-6.0.1.jar:6.0.1]
	at org.junit.jupiter.engine.execution.InterceptingExecutableInvoker.lambda$invoke$0(InterceptingExecutableInvoker.java:105) ~[junit-jupiter-engine-6.0.1.jar:6.0.1]
	at org.junit.jupiter.engine.execution.InvocationInterceptorChain$InterceptedInvocation.proceed(InvocationInterceptorChain.java:99) ~[junit-jupiter-engine-6.0.1.jar:6.0.1]
	at org.junit.jupiter.engine.execution.InvocationInterceptorChain.proceed(InvocationInterceptorChain.java:66) ~[junit-jupiter-engine-6.0.1.jar:6.0.1]
	at org.junit.jupiter.engine.execution.InvocationInterceptorChain.chainAndInvoke(InvocationInterceptorChain.java:47) ~[junit-jupiter-engine-6.0.1.jar:6.0.1]
	at org.junit.jupiter.engine.execution.InvocationInterceptorChain.invoke(InvocationInterceptorChain.java:39) ~[junit-jupiter-engine-6.0.1.jar:6.0.1]
	at org.junit.jupiter.engine.execution.InterceptingExecutableInvoker.invoke(InterceptingExecutableInvoker.java:104) ~[junit-jupiter-engine-6.0.1.jar:6.0.1]
	at org.junit.jupiter.engine.execution.InterceptingExecutableInvoker.invoke(InterceptingExecutableInvoker.java:98) ~[junit-jupiter-engine-6.0.1.jar:6.0.1]
	at org.junit.jupiter.engine.execution.InterceptingExecutableInvoker.invokeVoid(InterceptingExecutableInvoker.java:71) ~[junit-jupiter-engine-6.0.1.jar:6.0.1]
	at org.junit.jupiter.engine.descriptor.TestMethodTestDescriptor.lambda$invokeTestMethod$0(TestMethodTestDescriptor.java:219) ~[junit-jupiter-engine-6.0.1.jar:6.0.1]
	at org.junit.platform.engine.support.hierarchical.ThrowableCollector.execute(ThrowableCollector.java:74) ~[junit-platform-engine-6.0.1.jar:6.0.1]
	at org.junit.jupiter.engine.descriptor.TestMethodTestDescriptor.invokeTestMethod(TestMethodTestDescriptor.java:215) ~[junit-jupiter-engine-6.0.1.jar:6.0.1]
	at org.junit.jupiter.engine.descriptor.TestMethodTestDescriptor.execute(TestMethodTestDescriptor.java:157) ~[junit-jupiter-engine-6.0.1.jar:6.0.1]
	at org.junit.jupiter.engine.descriptor.TestMethodTestDescriptor.execute(TestMethodTestDescriptor.java:70) ~[junit-jupiter-engine-6.0.1.jar:6.0.1]
	at org.junit.platform.engine.support.hierarchical.NodeTestTask.lambda$executeRecursively$2(NodeTestTask.java:176) ~[junit-platform-engine-6.0.1.jar:6.0.1]
	at org.junit.platform.engine.support.hierarchical.ThrowableCollector.execute(ThrowableCollector.java:74) ~[junit-platform-engine-6.0.1.jar:6.0.1]
	at org.junit.platform.engine.support.hierarchical.NodeTestTask.lambda$executeRecursively$1(NodeTestTask.java:166) ~[junit-platform-engine-6.0.1.jar:6.0.1]
	at org.junit.platform.engine.support.hierarchical.Node.around(Node.java:138) ~[junit-platform-engine-6.0.1.jar:6.0.1]
	at org.junit.platform.engine.support.hierarchical.NodeTestTask.lambda$executeRecursively$0(NodeTestTask.java:164) ~[junit-platform-engine-6.0.1.jar:6.0.1]
	at org.junit.platform.engine.support.hierarchical.ThrowableCollector.execute(ThrowableCollector.java:74) ~[junit-platform-engine-6.0.1.jar:6.0.1]
	at org.junit.platform.engine.support.hierarchical.NodeTestTask.executeRecursively(NodeTestTask.java:163) ~[junit-platform-engine-6.0.1.jar:6.0.1]
	at org.junit.platform.engine.support.hierarchical.NodeTestTask.execute(NodeTestTask.java:116) ~[junit-platform-engine-6.0.1.jar:6.0.1]
	at java.base/java.util.ArrayList.forEach(ArrayList.java:1596) ~[na:na]
	at org.junit.platform.engine.support.hierarchical.SameThreadHierarchicalTestExecutorService.invokeAll(SameThreadHierarchicalTestExecutorService.java:42) ~[junit-platform-engine-6.0.1.jar:6.0.1]
	at org.junit.platform.engine.support.hierarchical.NodeTestTask.lambda$executeRecursively$2(NodeTestTask.java:180) ~[junit-platform-engine-6.0.1.jar:6.0.1]
	at org.junit.platform.engine.support.hierarchical.ThrowableCollector.execute(ThrowableCollector.java:74) ~[junit-platform-engine-6.0.1.jar:6.0.1]
	at org.junit.platform.engine.support.hierarchical.NodeTestTask.lambda$executeRecursively$1(NodeTestTask.java:166) ~[junit-platform-engine-6.0.1.jar:6.0.1]
	at org.junit.platform.engine.support.hierarchical.Node.around(Node.java:138) ~[junit-platform-engine-6.0.1.jar:6.0.1]
	at org.junit.platform.engine.support.hierarchical.NodeTestTask.lambda$executeRecursively$0(NodeTestTask.java:164) ~[junit-platform-engine-6.0.1.jar:6.0.1]
	at org.junit.platform.engine.support.hierarchical.ThrowableCollector.execute(ThrowableCollector.java:74) ~[junit-platform-engine-6.0.1.jar:6.0.1]
	at org.junit.platform.engine.support.hierarchical.NodeTestTask.executeRecursively(NodeTestTask.java:163) ~[junit-platform-engine-6.0.1.jar:6.0.1]
	at org.junit.platform.engine.support.hierarchical.NodeTestTask.execute(NodeTestTask.java:116) ~[junit-platform-engine-6.0.1.jar:6.0.1]
	at java.base/java.util.ArrayList.forEach(ArrayList.java:1596) ~[na:na]
	at org.junit.platform.engine.support.hierarchical.SameThreadHierarchicalTestExecutorService.invokeAll(SameThreadHierarchicalTestExecutorService.java:42) ~[junit-platform-engine-6.0.1.jar:6.0.1]
	at org.junit.platform.engine.support.hierarchical.NodeTestTask.lambda$executeRecursively$2(NodeTestTask.java:180) ~[junit-platform-engine-6.0.1.jar:6.0.1]
	at org.junit.platform.engine.support.hierarchical.ThrowableCollector.execute(ThrowableCollector.java:74) ~[junit-platform-engine-6.0.1.jar:6.0.1]
	at org.junit.platform.engine.support.hierarchical.NodeTestTask.lambda$executeRecursively$1(NodeTestTask.java:166) ~[junit-platform-engine-6.0.1.jar:6.0.1]
	at org.junit.platform.engine.support.hierarchical.Node.around(Node.java:138) ~[junit-platform-engine-6.0.1.jar:6.0.1]
	at org.junit.platform.engine.support.hierarchical.NodeTestTask.lambda$executeRecursively$0(NodeTestTask.java:164) ~[junit-platform-engine-6.0.1.jar:6.0.1]
	at org.junit.platform.engine.support.hierarchical.ThrowableCollector.execute(ThrowableCollector.java:74) ~[junit-platform-engine-6.0.1.jar:6.0.1]
	at org.junit.platform.engine.support.hierarchical.NodeTestTask.executeRecursively(NodeTestTask.java:163) ~[junit-platform-engine-6.0.1.jar:6.0.1]
	at org.junit.platform.engine.support.hierarchical.NodeTestTask.execute(NodeTestTask.java:116) ~[junit-platform-engine-6.0.1.jar:6.0.1]
	at org.junit.platform.engine.support.hierarchical.SameThreadHierarchicalTestExecutorService.submit(SameThreadHierarchicalTestExecutorService.java:36) ~[junit-platform-engine-6.0.1.jar:6.0.1]
	at org.junit.platform.engine.support.hierarchical.HierarchicalTestExecutor.execute(HierarchicalTestExecutor.java:52) ~[junit-platform-engine-6.0.1.jar:6.0.1]
	at org.junit.platform.engine.support.hierarchical.HierarchicalTestEngine.execute(HierarchicalTestEngine.java:58) ~[junit-platform-engine-6.0.1.jar:6.0.1]
	at org.junit.platform.launcher.core.EngineExecutionOrchestrator.executeEngine(EngineExecutionOrchestrator.java:246) ~[junit-platform-launcher-6.0.1.jar:6.0.1]
	at org.junit.platform.launcher.core.EngineExecutionOrchestrator.failOrExecuteEngine(EngineExecutionOrchestrator.java:218) ~[junit-platform-launcher-6.0.1.jar:6.0.1]
	at org.junit.platform.launcher.core.EngineExecutionOrchestrator.execute(EngineExecutionOrchestrator.java:179) ~[junit-platform-launcher-6.0.1.jar:6.0.1]
	at org.junit.platform.launcher.core.EngineExecutionOrchestrator.execute(EngineExecutionOrchestrator.java:108) ~[junit-platform-launcher-6.0.1.jar:6.0.1]
	at org.junit.platform.launcher.core.EngineExecutionOrchestrator.lambda$execute$0(EngineExecutionOrchestrator.java:66) ~[junit-platform-launcher-6.0.1.jar:6.0.1]
	at org.junit.platform.launcher.core.EngineExecutionOrchestrator.withInterceptedStreams(EngineExecutionOrchestrator.java:157) ~[junit-platform-launcher-6.0.1.jar:6.0.1]
	at org.junit.platform.launcher.core.EngineExecutionOrchestrator.execute(EngineExecutionOrchestrator.java:65) ~[junit-platform-launcher-6.0.1.jar:6.0.1]
	at org.junit.platform.launcher.core.DefaultLauncher.execute(DefaultLauncher.java:125) ~[junit-platform-launcher-6.0.1.jar:6.0.1]
	at org.junit.platform.launcher.core.DefaultLauncher.execute(DefaultLauncher.java:114) ~[junit-platform-launcher-6.0.1.jar:6.0.1]
	at org.junit.platform.launcher.core.DelegatingLauncher.execute(DelegatingLauncher.java:58) ~[junit-platform-launcher-6.0.1.jar:6.0.1]
	at org.junit.platform.launcher.core.InterceptingLauncher.lambda$execute$2(InterceptingLauncher.java:57) ~[junit-platform-launcher-6.0.1.jar:6.0.1]
	at org.junit.platform.launcher.core.ClasspathAlignmentCheckingLauncherInterceptor.intercept(ClasspathAlignmentCheckingLauncherInterceptor.java:25) ~[junit-platform-launcher-6.0.1.jar:6.0.1]
	at org.junit.platform.launcher.core.InterceptingLauncher.execute(InterceptingLauncher.java:56) ~[junit-platform-launcher-6.0.1.jar:6.0.1]
	at org.junit.platform.launcher.core.DelegatingLauncher.execute(DelegatingLauncher.java:58) ~[junit-platform-launcher-6.0.1.jar:6.0.1]
	at java.base/jdk.internal.reflect.DirectMethodHandleAccessor.invoke(DirectMethodHandleAccessor.java:103) ~[na:na]
	at java.base/java.lang.reflect.Method.invoke(Method.java:580) ~[na:na]
	at org.apache.maven.surefire.api.util.ReflectionUtils.invokeMethodWithArray(ReflectionUtils.java:125) ~[surefire-api-3.5.4.jar:3.5.4]
	at org.apache.maven.surefire.junitplatform.LauncherAdapter.executeWithCancellationToken(LauncherAdapter.java:68) ~[surefire-junit-platform-3.5.4.jar:3.5.4]
	at org.apache.maven.surefire.junitplatform.LauncherAdapter.execute(LauncherAdapter.java:54) ~[surefire-junit-platform-3.5.4.jar:3.5.4]
	at org.apache.maven.surefire.junitplatform.JUnitPlatformProvider.execute(JUnitPlatformProvider.java:203) ~[surefire-junit-platform-3.5.4.jar:3.5.4]
	at org.apache.maven.surefire.junitplatform.JUnitPlatformProvider.invokeAllTests(JUnitPlatformProvider.java:168) ~[surefire-junit-platform-3.5.4.jar:3.5.4]
	at org.apache.maven.surefire.junitplatform.JUnitPlatformProvider.invoke(JUnitPlatformProvider.java:136) ~[surefire-junit-platform-3.5.4.jar:3.5.4]
	at org.apache.maven.surefire.booter.ForkedBooter.runSuitesInProcess(ForkedBooter.java:385) ~[surefire-booter-3.5.4.jar:3.5.4]
	at org.apache.maven.surefire.booter.ForkedBooter.execute(ForkedBooter.java:162) ~[surefire-booter-3.5.4.jar:3.5.4]
	at org.apache.maven.surefire.booter.ForkedBooter.run(ForkedBooter.java:507) ~[surefire-booter-3.5.4.jar:3.5.4]
	at org.apache.maven.surefire.booter.ForkedBooter.main(ForkedBooter.java:495) ~[surefire-booter-3.5.4.jar:3.5.4]

2026-04-28T14:56:59.018+05:30  INFO 21376 --- [asg-shipping] [main] c.a.s.v.c.VesselVoyageController         : Action=TEST_ACTION | Download Excel export | voyagePoid=10 type=TYPE
2026-04-28T14:56:59.022+05:30  INFO 21376 --- [asg-shipping] [main] c.a.s.v.c.VesselVoyageController         : Action=TEST_ACTION | Download manifest report | voyagePoid=10 freightCargo=FALSE importExport=EXPORT
2026-04-28T14:56:59.024+05:30  INFO 21376 --- [asg-shipping] [main] c.a.s.v.c.VesselVoyageController         : Action=TEST_ACTION | List voyages | page=0 size=20 docId=DOC123 startDate=null endDate=2026-12-31 groupPoid=1 companyPoid=2 userPoid=3
2026-04-28T14:56:59.026+05:30  INFO 21376 --- [asg-shipping] [main] c.a.s.v.c.VesselVoyageController         : Action=TEST_ACTION | Download manifest report | voyagePoid=10 freightCargo=FALSE importExport=EXPORT
2026-04-28T14:56:59.029+05:30  INFO 21376 --- [asg-shipping] [main] c.a.s.v.c.VesselVoyageController         : Action=TEST_ACTION | Download Excel export | voyagePoid=10 type=TYPE
2026-04-28T14:56:59.032+05:30  INFO 21376 --- [asg-shipping] [main] c.a.s.v.c.VesselVoyageController         : Action=TEST_ACTION | List voyages | page=0 size=20 docId=DOC123 startDate=null endDate=null groupPoid=1 companyPoid=2 userPoid=3
2026-04-28T14:56:59.619+05:30  INFO 21376 --- [asg-shipping] [main] c.a.s.v.s.impl.VesselVoyageServiceImpl   : EDI file stored at C:\Users\223\AppData\Local\Temp\edi-test4849833668373833157\test.edi
2026-04-28T14:56:59.619+05:30  INFO 21376 --- [asg-shipping] [main] c.a.s.v.s.impl.VesselVoyageServiceImpl   : Reprocess EDI | voyagePoid=123 groupPoid=1 companyPoid=2 docId=DOC123 user=3
2026-04-28T14:56:59.628+05:30  INFO 21376 --- [asg-shipping] [main] c.a.s.v.s.impl.VesselVoyageServiceImpl   : List voyages | docId=DOC123 page=0 size=20 startDate=null endDate=null lineStatus=(1)
2026-04-28T14:56:59.637+05:30  INFO 21376 --- [asg-shipping] [main] c.a.s.v.s.impl.VesselVoyageServiceImpl   : List voyages | docId=DOC123 page=0 size=20 startDate=null endDate=null lineStatus=(1)
2026-04-28T14:56:59.672+05:30  INFO 21376 --- [asg-shipping] [SpringApplicationShutdownHook] j.LocalContainerEntityManagerFactoryBean : Closing JPA EntityManagerFactory for persistence unit 'default'
2026-04-28T14:56:59.678+05:30  INFO 21376 --- [asg-shipping] [SpringApplicationShutdownHook] com.zaxxer.hikari.HikariDataSource       : HikariPool-ASG - Shutdown initiated...
2026-04-28T14:57:00.560+05:30  INFO 21376 --- [asg-shipping] [SpringApplicationShutdownHook] com.zaxxer.hikari.HikariDataSource       : HikariPool-ASG - Shutdown completed.
2026-07-15T15:45:21.449+05:30  INFO 20168 --- [asg-shipping] [main] c.asg.shipping.ShippingApplicationTests  : Starting ShippingApplicationTests using Java 21.0.10 with PID 20168 (started by TharaniSakthivel in C:\Users\TharaniSakthivel\Documents\GitHub\asg-shipping)
2026-07-15T15:45:21.456+05:30 DEBUG 20168 --- [asg-shipping] [main] c.asg.shipping.ShippingApplicationTests  : Running with Spring Boot v4.0.0, Spring v7.0.1
2026-07-15T15:45:21.457+05:30  INFO 20168 --- [asg-shipping] [main] c.asg.shipping.ShippingApplicationTests  : No active profile set, falling back to 1 default profile: "default"
2026-07-15T15:45:25.288+05:30  INFO 20168 --- [asg-shipping] [main] .s.d.r.c.RepositoryConfigurationDelegate : Bootstrapping Spring Data JPA repositories in DEFAULT mode.
2026-07-15T15:45:27.066+05:30  INFO 20168 --- [asg-shipping] [main] .s.d.r.c.RepositoryConfigurationDelegate : Finished Spring Data repository scanning in 1746 ms. Found 114 JPA repository interfaces.
2026-07-15T15:45:31.023+05:30  INFO 20168 --- [asg-shipping] [main] o.hibernate.jpa.internal.util.LogHelper  : HHH000204: Processing PersistenceUnitInfo [name: default]
2026-07-15T15:45:31.269+05:30  INFO 20168 --- [asg-shipping] [main] org.hibernate.Version                    : HHH000412: Hibernate ORM core version 7.1.8.Final
2026-07-15T15:45:32.511+05:30  INFO 20168 --- [asg-shipping] [main] o.s.o.j.p.SpringPersistenceUnitInfo      : No LoadTimeWeaver setup: ignoring JPA class transformer
2026-07-15T15:45:32.703+05:30  INFO 20168 --- [asg-shipping] [main] com.zaxxer.hikari.HikariDataSource       : HikariPool-ASG - Starting...
2026-07-15T15:45:37.646+05:30  INFO 20168 --- [asg-shipping] [main] com.zaxxer.hikari.pool.HikariPool        : HikariPool-ASG - Added connection oracle.jdbc.driver.T4CConnection@3f3aef8d
2026-07-15T15:45:37.653+05:30  INFO 20168 --- [asg-shipping] [main] com.zaxxer.hikari.HikariDataSource       : HikariPool-ASG - Start completed.
2026-07-15T15:45:38.354+05:30  WARN 20168 --- [asg-shipping] [main] org.hibernate.orm.deprecation            : HHH90000025: OracleDialect does not need to be specified explicitly using 'hibernate.dialect' (remove the property setting and it will be selected by default)
2026-07-15T15:45:39.235+05:30  WARN 20168 --- [asg-shipping] [main] org.hibernate.orm.jdbc                   : HHH100123: Low default JDBC fetch size: 10 (consider setting 'hibernate.jdbc.fetch_size')
2026-07-15T15:45:39.274+05:30  INFO 20168 --- [asg-shipping] [main] org.hibernate.orm.connections.pooling    : HHH10001005: Database info:
	Database JDBC URL [jdbc:oracle:thin:@//10.100.200.85:1521/ORAVADF]
	Database driver: Oracle JDBC driver
	Database dialect: OracleDialect
	Database version: 19.1
	Default catalog/schema: undefined/QA_DB_USER
	Autocommit mode: undefined/unknown
	Isolation level: READ_COMMITTED [default READ_COMMITTED]
	JDBC fetch size: 10
	Pool: DatasourceConnectionProviderImpl
	Minimum pool size: undefined/unknown
	Maximum pool size: undefined/unknown
2026-07-15T15:45:40.122+05:30  WARN 20168 --- [asg-shipping] [main] org.hibernate.orm.deprecation            : HHH90000033: Encountered use of deprecated annotation [interface jakarta.persistence.Temporal] at com.asg.shipping.common.entity.GlobalCurrencyRatesId.rateDate.
2026-07-15T15:45:40.123+05:30  WARN 20168 --- [asg-shipping] [main] org.hibernate.orm.deprecation            : HHH90000033: Encountered use of deprecated annotation [interface jakarta.persistence.Temporal] at com.asg.shipping.common.entity.GlobalCurrencyRates.rateDate.
2026-07-15T15:45:42.573+05:30  WARN 20168 --- [asg-shipping] [main] org.hibernate.mapping.RootClass          : HHH000038: Composite id class does not override equals(): com.asg.shipping.containertypeportchargestariff.entity.ShipPortChargesDtlId
2026-07-15T15:45:42.579+05:30  WARN 20168 --- [asg-shipping] [main] org.hibernate.mapping.RootClass          : HHH000038: Composite id class does not override equals(): com.asg.shipping.customerinvoicechargemapmaster.entity.CustomerInvoicePrtDtlId
2026-07-15T15:45:48.245+05:30  INFO 20168 --- [asg-shipping] [main] o.h.e.t.j.p.i.JtaPlatformInitiator       : HHH000489: No JTA platform available (set 'hibernate.transaction.jta.platform' to enable JTA platform integration)
2026-07-15T15:45:48.278+05:30  INFO 20168 --- [asg-shipping] [main] j.LocalContainerEntityManagerFactoryBean : Initialized JPA EntityManagerFactory for persistence unit 'default'
2026-07-15T15:45:48.675+05:30  INFO 20168 --- [asg-shipping] [main] o.s.d.j.r.query.QueryEnhancerFactories   : Hibernate is in classpath; If applicable, HQL parser will be used.
2026-07-15T15:45:59.130+05:30  WARN 20168 --- [asg-shipping] [main] JpaBaseConfiguration$JpaWebConfiguration : spring.jpa.open-in-view is enabled by default. Therefore, database queries may be performed during view rendering. Explicitly configure spring.jpa.open-in-view to disable this warning
2026-07-15T15:46:00.349+05:30  INFO 20168 --- [asg-shipping] [main] o.s.b.a.e.web.EndpointLinksResolver      : Exposing 1 endpoint beneath base path '/actuator'
2026-07-15T15:46:00.489+05:30  INFO 20168 --- [asg-shipping] [main] c.asg.shipping.ShippingApplicationTests  : Started ShippingApplicationTests in 39.91 seconds (process running for 95.121)
2026-07-15T15:46:00.519+05:30  INFO 20168 --- [asg-shipping] [SpringApplicationShutdownHook] j.LocalContainerEntityManagerFactoryBean : Closing JPA EntityManagerFactory for persistence unit 'default'
2026-07-15T15:46:00.524+05:30  INFO 20168 --- [asg-shipping] [SpringApplicationShutdownHook] com.zaxxer.hikari.HikariDataSource       : HikariPool-ASG - Shutdown initiated...
2026-07-15T15:46:00.643+05:30  INFO 20168 --- [asg-shipping] [main] o.s.mock.web.MockServletContext          : Initializing Spring TestDispatcherServlet ''
2026-07-15T15:46:00.643+05:30  INFO 20168 --- [asg-shipping] [main] o.s.t.web.servlet.TestDispatcherServlet  : Initializing Servlet ''
2026-07-15T15:46:00.644+05:30  INFO 20168 --- [asg-shipping] [main] o.s.t.web.servlet.TestDispatcherServlet  : Completed initialization in 1 ms
2026-07-15T15:46:00.666+05:30  INFO 20168 --- [asg-shipping] [main] c.a.s.s.c.ManifestCorrectorController    : Update request for Shipping Manifest Corrector with id: 1
2026-07-15T15:46:00.682+05:30  INFO 20168 --- [asg-shipping] [main] o.s.mock.web.MockServletContext          : Initializing Spring TestDispatcherServlet ''
2026-07-15T15:46:00.682+05:30  INFO 20168 --- [asg-shipping] [main] o.s.t.web.servlet.TestDispatcherServlet  : Initializing Servlet ''
2026-07-15T15:46:00.682+05:30  INFO 20168 --- [asg-shipping] [main] o.s.t.web.servlet.TestDispatcherServlet  : Completed initialization in 0 ms
2026-07-15T15:46:00.683+05:30  INFO 20168 --- [asg-shipping] [main] c.a.s.s.c.ManifestCorrectorController    : Get request for Shipping Manifest Corrector with id: 1
2026-07-15T15:46:00.694+05:30  INFO 20168 --- [asg-shipping] [main] o.s.mock.web.MockServletContext          : Initializing Spring TestDispatcherServlet ''
2026-07-15T15:46:00.695+05:30  INFO 20168 --- [asg-shipping] [main] o.s.t.web.servlet.TestDispatcherServlet  : Initializing Servlet ''
2026-07-15T15:46:00.695+05:30  INFO 20168 --- [asg-shipping] [main] o.s.t.web.servlet.TestDispatcherServlet  : Completed initialization in 0 ms
2026-07-15T15:46:00.700+05:30  INFO 20168 --- [asg-shipping] [main] c.a.s.s.c.ManifestCorrectorController    : Search request for Shipping Manifest Corrector with page: 0, size: 20, sort: null
2026-07-15T15:46:00.713+05:30  INFO 20168 --- [asg-shipping] [main] o.s.mock.web.MockServletContext          : Initializing Spring TestDispatcherServlet ''
2026-07-15T15:46:00.713+05:30  INFO 20168 --- [asg-shipping] [main] o.s.t.web.servlet.TestDispatcherServlet  : Initializing Servlet ''
2026-07-15T15:46:00.714+05:30  INFO 20168 --- [asg-shipping] [main] o.s.t.web.servlet.TestDispatcherServlet  : Completed initialization in 0 ms
2026-07-15T15:46:00.715+05:30  INFO 20168 --- [asg-shipping] [main] c.a.s.s.c.ManifestCorrectorController    : Delete request for Shipping Manifest Corrector with id: 1
2026-07-15T15:46:00.726+05:30  INFO 20168 --- [asg-shipping] [main] o.s.mock.web.MockServletContext          : Initializing Spring TestDispatcherServlet ''
2026-07-15T15:46:00.726+05:30  INFO 20168 --- [asg-shipping] [main] o.s.t.web.servlet.TestDispatcherServlet  : Initializing Servlet ''
2026-07-15T15:46:00.727+05:30  INFO 20168 --- [asg-shipping] [main] o.s.t.web.servlet.TestDispatcherServlet  : Completed initialization in 1 ms
2026-07-15T15:46:00.731+05:30  INFO 20168 --- [asg-shipping] [main] c.a.s.s.c.ManifestCorrectorController    : BL after browse auto-population request for BL: 12345
2026-07-15T15:46:01.181+05:30  INFO 20168 --- [asg-shipping] [main] c.a.s.s.s.ManifestCorrectorServiceImpl   : Getting Shipping Manifest Corrector with id: 1
2026-07-15T15:46:01.186+05:30  INFO 20168 --- [asg-shipping] [main] c.a.s.s.s.ManifestCorrectorServiceImpl   : Successfully retrieved Shipping Manifest Corrector with id: 1
2026-07-15T15:46:01.191+05:30  INFO 20168 --- [asg-shipping] [main] c.a.s.s.s.ManifestCorrectorServiceImpl   : Updating Shipping Manifest Corrector with id: 1
2026-07-15T15:46:01.192+05:30  INFO 20168 --- [asg-shipping] [main] c.a.s.s.s.ManifestCorrectorServiceImpl   : Successfully updated Shipping Manifest Corrector with id: 1
2026-07-15T15:46:01.194+05:30  INFO 20168 --- [asg-shipping] [main] c.a.s.s.s.ManifestCorrectorServiceImpl   : Updating Shipping Manifest Corrector with id: 1
2026-07-15T15:46:01.197+05:30  INFO 20168 --- [asg-shipping] [main] c.a.s.s.s.ManifestCorrectorServiceImpl   : Getting Shipping Manifest Corrector with id: 1
2026-07-15T15:46:01.200+05:30  INFO 20168 --- [asg-shipping] [main] c.a.s.s.s.ManifestCorrectorServiceImpl   : Validating refund amounts for BL POID: 1, Container: CONT123
2026-07-15T15:46:01.205+05:30  INFO 20168 --- [asg-shipping] [main] c.a.s.s.s.ManifestCorrectorServiceImpl   : Validating refund amounts for BL POID: 1, Container: CONT123
2026-07-15T15:46:01.208+05:30  INFO 20168 --- [asg-shipping] [main] c.a.s.s.s.ManifestCorrectorServiceImpl   : Searching Shipping Manifest Corrector records with docId: 100-143, page: 0, size: 10
2026-07-15T15:46:01.211+05:30  INFO 20168 --- [asg-shipping] [main] c.a.s.s.s.ManifestCorrectorServiceImpl   : Getting Shipping Manifest Corrector with id: 1
2026-07-15T15:46:01.213+05:30  INFO 20168 --- [asg-shipping] [main] c.a.s.s.s.ManifestCorrectorServiceImpl   : Successfully retrieved Shipping Manifest Corrector with id: 1
2026-07-15T15:46:01.214+05:30  INFO 20168 --- [asg-shipping] [main] c.a.s.s.s.ManifestCorrectorServiceImpl   : Searching Shipping Manifest Corrector records with docId: 100-143, page: 0, size: 10
2026-07-15T15:46:01.217+05:30  INFO 20168 --- [asg-shipping] [main] c.a.s.s.s.ManifestCorrectorServiceImpl   : Deleting Shipping Manifest Corrector with id: 1
2026-07-15T15:46:01.218+05:30  INFO 20168 --- [asg-shipping] [main] c.a.s.s.s.ManifestCorrectorServiceImpl   : Successfully deleted Shipping Manifest Corrector with id: 1
2026-07-15T15:46:01.227+05:30  INFO 20168 --- [asg-shipping] [main] c.a.s.s.s.ManifestCorrectorServiceImpl   : Auto-populating Shipping Manifest Corrector fields for BL: 12345
2026-07-15T15:46:01.241+05:30  INFO 20168 --- [asg-shipping] [main] c.a.s.s.s.ManifestCorrectorServiceImpl   : Deleting Shipping Manifest Corrector with id: 1
2026-07-15T15:46:01.359+05:30  INFO 20168 --- [asg-shipping] [main] o.s.mock.web.MockServletContext          : Initializing Spring TestDispatcherServlet ''
2026-07-15T15:46:01.359+05:30  INFO 20168 --- [asg-shipping] [main] o.s.t.web.servlet.TestDispatcherServlet  : Initializing Servlet ''
2026-07-15T15:46:01.359+05:30  INFO 20168 --- [asg-shipping] [main] o.s.t.web.servlet.TestDispatcherServlet  : Completed initialization in 0 ms
2026-07-15T15:46:01.361+05:30  INFO 20168 --- [asg-shipping] [main] .s.t.c.c.ContainerTerminalTypeController : Delete ContainerTerminalType request | poid=1, groupPoid=100, userId=admin
2026-07-15T15:46:01.372+05:30  INFO 20168 --- [asg-shipping] [main] o.s.mock.web.MockServletContext          : Initializing Spring TestDispatcherServlet ''
2026-07-15T15:46:01.373+05:30  INFO 20168 --- [asg-shipping] [main] o.s.t.web.servlet.TestDispatcherServlet  : Initializing Servlet ''
2026-07-15T15:46:01.373+05:30  INFO 20168 --- [asg-shipping] [main] o.s.t.web.servlet.TestDispatcherServlet  : Completed initialization in 0 ms
2026-07-15T15:46:01.374+05:30  INFO 20168 --- [asg-shipping] [main] .s.t.c.c.ContainerTerminalTypeController : Get ContainerTerminalType request | poid=1, groupPoid=100
2026-07-15T15:46:01.386+05:30  INFO 20168 --- [asg-shipping] [main] o.s.mock.web.MockServletContext          : Initializing Spring TestDispatcherServlet ''
2026-07-15T15:46:01.388+05:30  INFO 20168 --- [asg-shipping] [main] o.s.t.web.servlet.TestDispatcherServlet  : Initializing Servlet ''
2026-07-15T15:46:01.388+05:30  INFO 20168 --- [asg-shipping] [main] o.s.t.web.servlet.TestDispatcherServlet  : Completed initialization in 0 ms
2026-07-15T15:46:01.396+05:30  INFO 20168 --- [asg-shipping] [main] .s.t.c.c.ContainerTerminalTypeController : Create ContainerTerminalType request | code=ISO20, groupPoid=100, userId=admin
2026-07-15T15:46:01.407+05:30  INFO 20168 --- [asg-shipping] [main] o.s.mock.web.MockServletContext          : Initializing Spring TestDispatcherServlet ''
2026-07-15T15:46:01.407+05:30  INFO 20168 --- [asg-shipping] [main] o.s.t.web.servlet.TestDispatcherServlet  : Initializing Servlet ''
2026-07-15T15:46:01.407+05:30  INFO 20168 --- [asg-shipping] [main] o.s.t.web.servlet.TestDispatcherServlet  : Completed initialization in 0 ms
2026-07-15T15:46:01.412+05:30  INFO 20168 --- [asg-shipping] [main] .s.t.c.c.ContainerTerminalTypeController : List ContainerTerminalTypes request | page=0, size=20, docId=000-000
2026-07-15T15:46:01.447+05:30  INFO 20168 --- [asg-shipping] [main] o.s.mock.web.MockServletContext          : Initializing Spring TestDispatcherServlet ''
2026-07-15T15:46:01.448+05:30  INFO 20168 --- [asg-shipping] [main] o.s.t.web.servlet.TestDispatcherServlet  : Initializing Servlet ''
2026-07-15T15:46:01.448+05:30  INFO 20168 --- [asg-shipping] [main] o.s.t.web.servlet.TestDispatcherServlet  : Completed initialization in 0 ms
2026-07-15T15:46:01.453+05:30  INFO 20168 --- [asg-shipping] [main] .s.t.c.c.ContainerTerminalTypeController : Toggle Active Status request | poid=1, groupPoid=100, userId=admin
2026-07-15T15:46:01.453+05:30  INFO 20168 --- [asg-shipping] [main] .s.t.c.c.ContainerTerminalTypeController : Toggle Active Status completed successfully | poid=1
2026-07-15T15:46:01.473+05:30  INFO 20168 --- [asg-shipping] [main] o.s.mock.web.MockServletContext          : Initializing Spring TestDispatcherServlet ''
2026-07-15T15:46:01.474+05:30  INFO 20168 --- [asg-shipping] [main] o.s.t.web.servlet.TestDispatcherServlet  : Initializing Servlet ''
2026-07-15T15:46:01.474+05:30  INFO 20168 --- [asg-shipping] [main] o.s.t.web.servlet.TestDispatcherServlet  : Completed initialization in 0 ms
2026-07-15T15:46:01.482+05:30  INFO 20168 --- [asg-shipping] [main] .s.t.c.c.ContainerTerminalTypeController : List ContainerTerminalTypes request | page=0, size=20, docId=000-000
2026-07-15T15:46:01.496+05:30  INFO 20168 --- [asg-shipping] [main] o.s.mock.web.MockServletContext          : Initializing Spring TestDispatcherServlet ''
2026-07-15T15:46:01.497+05:30  INFO 20168 --- [asg-shipping] [main] o.s.t.web.servlet.TestDispatcherServlet  : Initializing Servlet ''
2026-07-15T15:46:01.497+05:30  INFO 20168 --- [asg-shipping] [main] o.s.t.web.servlet.TestDispatcherServlet  : Completed initialization in 0 ms
2026-07-15T15:46:01.504+05:30  INFO 20168 --- [asg-shipping] [main] .s.t.c.c.ContainerTerminalTypeController : Update ContainerTerminalType request | poid=1, code=ISO20, groupPoid=100, userId=admin
2026-07-15T15:46:01.758+05:30  INFO 20168 --- [asg-shipping] [main] t.c.s.i.ContainerTerminalTypeServiceImpl : Toggling active status for container terminal type with id: 1, groupPoid: 10, userId: user1
2026-07-15T15:46:01.759+05:30  INFO 20168 --- [asg-shipping] [main] t.c.s.i.ContainerTerminalTypeServiceImpl : Successfully toggled active status for container terminal type with id: 1 from N to Y
2026-07-15T15:46:01.764+05:30  INFO 20168 --- [asg-shipping] [main] t.c.s.i.ContainerTerminalTypeServiceImpl : Toggling active status for container terminal type with id: 1, groupPoid: 10, userId: user1
2026-07-15T15:46:01.764+05:30  INFO 20168 --- [asg-shipping] [main] t.c.s.i.ContainerTerminalTypeServiceImpl : Successfully toggled active status for container terminal type with id: 1 from Y to N
2026-07-15T15:46:01.767+05:30  INFO 20168 --- [asg-shipping] [main] t.c.s.i.ContainerTerminalTypeServiceImpl : Deleting container terminal type with id: 1
2026-07-15T15:46:01.768+05:30  INFO 20168 --- [asg-shipping] [main] t.c.s.i.ContainerTerminalTypeServiceImpl : Successfully deleted container terminal type with id: 1
2026-07-15T15:46:01.770+05:30  INFO 20168 --- [asg-shipping] [main] t.c.s.i.ContainerTerminalTypeServiceImpl : Getting container terminal type with id: 1
2026-07-15T15:46:01.775+05:30  INFO 20168 --- [asg-shipping] [main] t.c.s.i.ContainerTerminalTypeServiceImpl : Getting container terminal type with id: 1
2026-07-15T15:46:01.775+05:30  INFO 20168 --- [asg-shipping] [main] t.c.s.i.ContainerTerminalTypeServiceImpl : Successfully retrieved container terminal type with id: 1
2026-07-15T15:46:01.778+05:30  INFO 20168 --- [asg-shipping] [main] t.c.s.i.ContainerTerminalTypeServiceImpl : Deleting container terminal type with id: 1
2026-07-15T15:46:01.781+05:30  INFO 20168 --- [asg-shipping] [main] t.c.s.i.ContainerTerminalTypeServiceImpl : Listing container terminal types with docId: DOC-1, page: 0, size: 10
2026-07-15T15:46:01.781+05:30  INFO 20168 --- [asg-shipping] [main] t.c.s.i.ContainerTerminalTypeServiceImpl : Successfully retrieved container terminal types
2026-07-15T15:46:01.784+05:30  INFO 20168 --- [asg-shipping] [main] t.c.s.i.ContainerTerminalTypeServiceImpl : Updating container terminal type with id: 1, groupId: 10, userId: user1
2026-07-15T15:46:01.787+05:30  INFO 20168 --- [asg-shipping] [main] t.c.s.i.ContainerTerminalTypeServiceImpl : Updating container terminal type with id: 1, groupId: 10, userId: user1
2026-07-15T15:46:01.791+05:30  INFO 20168 --- [asg-shipping] [main] t.c.s.i.ContainerTerminalTypeServiceImpl : Updating container terminal type with id: 1, groupId: 10, userId: user1
2026-07-15T15:46:01.794+05:30  INFO 20168 --- [asg-shipping] [main] t.c.s.i.ContainerTerminalTypeServiceImpl : Toggling active status for container terminal type with id: 1, groupPoid: 10, userId: user1
2026-07-15T15:46:01.795+05:30  INFO 20168 --- [asg-shipping] [main] t.c.s.i.ContainerTerminalTypeServiceImpl : Creating container terminal type with code: ISO20, groupId: 10, userId: user1
2026-07-15T15:46:01.798+05:30  INFO 20168 --- [asg-shipping] [main] t.c.s.i.ContainerTerminalTypeServiceImpl : Creating container terminal type with code: ISO20, groupId: 10, userId: user1
2026-07-15T15:46:01.801+05:30  INFO 20168 --- [asg-shipping] [main] t.c.s.i.ContainerTerminalTypeServiceImpl : Updating container terminal type with id: 1, groupId: 10, userId: user1
2026-07-15T15:46:01.802+05:30  INFO 20168 --- [asg-shipping] [main] t.c.s.i.ContainerTerminalTypeServiceImpl : Successfully updated container terminal type with id: 1
2026-07-15T15:46:01.806+05:30  INFO 20168 --- [asg-shipping] [main] t.c.s.i.ContainerTerminalTypeServiceImpl : Creating container terminal type with code: ISO20, groupId: 10, userId: user1
2026-07-15T15:46:01.806+05:30  INFO 20168 --- [asg-shipping] [main] t.c.s.i.ContainerTerminalTypeServiceImpl : Successfully created container terminal type with id: 1
2026-07-15T15:46:02.004+05:30 ERROR 20168 --- [asg-shipping] [main] c.a.s.t.s.impl.ShipTradeLaneServiceImpl  : Trade Lane Code is required
2026-07-15T15:46:02.008+05:30 ERROR 20168 --- [asg-shipping] [main] c.a.s.t.s.impl.ShipTradeLaneServiceImpl  : Trade Lane Name is required
2026-07-15T15:46:02.011+05:30 ERROR 20168 --- [asg-shipping] [main] c.a.s.t.s.impl.ShipTradeLaneServiceImpl  : Region POID is required
2026-07-15T15:46:02.023+05:30  INFO 20168 --- [asg-shipping] [SpringApplicationShutdownHook] com.zaxxer.hikari.HikariDataSource       : HikariPool-ASG - Shutdown completed.
2026-07-15T15:46:02.025+05:30 ERROR 20168 --- [asg-shipping] [main] c.a.s.t.s.impl.ShipTradeLaneServiceImpl  : Trade Lane Code already exists: TL001
2026-07-15T15:46:02.027+05:30 ERROR 20168 --- [asg-shipping] [main] c.a.s.t.s.impl.ShipTradeLaneServiceImpl  : Trade Lane Name already exists: Trade Lane 1
2026-07-15T15:47:49.679+05:30  INFO 19844 --- [asg-shipping] [main] c.asg.shipping.ShippingApplicationTests  : Starting ShippingApplicationTests using Java 21.0.10 with PID 19844 (started by TharaniSakthivel in C:\Users\TharaniSakthivel\Documents\GitHub\asg-shipping)
2026-07-15T15:47:49.689+05:30 DEBUG 19844 --- [asg-shipping] [main] c.asg.shipping.ShippingApplicationTests  : Running with Spring Boot v4.0.0, Spring v7.0.1
2026-07-15T15:47:49.690+05:30  INFO 19844 --- [asg-shipping] [main] c.asg.shipping.ShippingApplicationTests  : No active profile set, falling back to 1 default profile: "default"
2026-07-15T15:47:53.520+05:30  INFO 19844 --- [asg-shipping] [main] .s.d.r.c.RepositoryConfigurationDelegate : Bootstrapping Spring Data JPA repositories in DEFAULT mode.
2026-07-15T15:47:55.416+05:30  INFO 19844 --- [asg-shipping] [main] .s.d.r.c.RepositoryConfigurationDelegate : Finished Spring Data repository scanning in 1869 ms. Found 114 JPA repository interfaces.
2026-07-15T15:47:59.314+05:30  INFO 19844 --- [asg-shipping] [main] o.hibernate.jpa.internal.util.LogHelper  : HHH000204: Processing PersistenceUnitInfo [name: default]
2026-07-15T15:47:59.497+05:30  INFO 19844 --- [asg-shipping] [main] org.hibernate.Version                    : HHH000412: Hibernate ORM core version 7.1.8.Final
2026-07-15T15:48:00.365+05:30  INFO 19844 --- [asg-shipping] [main] o.s.o.j.p.SpringPersistenceUnitInfo      : No LoadTimeWeaver setup: ignoring JPA class transformer
2026-07-15T15:48:00.468+05:30  INFO 19844 --- [asg-shipping] [main] com.zaxxer.hikari.HikariDataSource       : HikariPool-ASG - Starting...
2026-07-15T15:48:05.181+05:30  INFO 19844 --- [asg-shipping] [main] com.zaxxer.hikari.pool.HikariPool        : HikariPool-ASG - Added connection oracle.jdbc.driver.T4CConnection@2330b1a0
2026-07-15T15:48:05.184+05:30  INFO 19844 --- [asg-shipping] [main] com.zaxxer.hikari.HikariDataSource       : HikariPool-ASG - Start completed.
2026-07-15T15:48:05.799+05:30  WARN 19844 --- [asg-shipping] [main] org.hibernate.orm.deprecation            : HHH90000025: OracleDialect does not need to be specified explicitly using 'hibernate.dialect' (remove the property setting and it will be selected by default)
2026-07-15T15:48:06.720+05:30  WARN 19844 --- [asg-shipping] [main] org.hibernate.orm.jdbc                   : HHH100123: Low default JDBC fetch size: 10 (consider setting 'hibernate.jdbc.fetch_size')
2026-07-15T15:48:06.738+05:30  INFO 19844 --- [asg-shipping] [main] org.hibernate.orm.connections.pooling    : HHH10001005: Database info:
	Database JDBC URL [jdbc:oracle:thin:@//10.100.200.85:1521/ORAVADF]
	Database driver: Oracle JDBC driver
	Database dialect: OracleDialect
	Database version: 19.1
	Default catalog/schema: undefined/QA_DB_USER
	Autocommit mode: undefined/unknown
	Isolation level: READ_COMMITTED [default READ_COMMITTED]
	JDBC fetch size: 10
	Pool: DatasourceConnectionProviderImpl
	Minimum pool size: undefined/unknown
	Maximum pool size: undefined/unknown
2026-07-15T15:48:07.512+05:30  WARN 19844 --- [asg-shipping] [main] org.hibernate.orm.deprecation            : HHH90000033: Encountered use of deprecated annotation [interface jakarta.persistence.Temporal] at com.asg.shipping.common.entity.GlobalCurrencyRatesId.rateDate.
2026-07-15T15:48:07.513+05:30  WARN 19844 --- [asg-shipping] [main] org.hibernate.orm.deprecation            : HHH90000033: Encountered use of deprecated annotation [interface jakarta.persistence.Temporal] at com.asg.shipping.common.entity.GlobalCurrencyRates.rateDate.
2026-07-15T15:48:10.659+05:30  WARN 19844 --- [asg-shipping] [main] org.hibernate.mapping.RootClass          : HHH000038: Composite id class does not override equals(): com.asg.shipping.containertypeportchargestariff.entity.ShipPortChargesDtlId
2026-07-15T15:48:10.669+05:30  WARN 19844 --- [asg-shipping] [main] org.hibernate.mapping.RootClass          : HHH000038: Composite id class does not override equals(): com.asg.shipping.customerinvoicechargemapmaster.entity.CustomerInvoicePrtDtlId
2026-07-15T15:48:16.972+05:30  INFO 19844 --- [asg-shipping] [main] o.h.e.t.j.p.i.JtaPlatformInitiator       : HHH000489: No JTA platform available (set 'hibernate.transaction.jta.platform' to enable JTA platform integration)
2026-07-15T15:48:17.030+05:30  INFO 19844 --- [asg-shipping] [main] j.LocalContainerEntityManagerFactoryBean : Initialized JPA EntityManagerFactory for persistence unit 'default'
2026-07-15T15:48:17.492+05:30  INFO 19844 --- [asg-shipping] [main] o.s.d.j.r.query.QueryEnhancerFactories   : Hibernate is in classpath; If applicable, HQL parser will be used.
2026-07-15T15:48:29.177+05:30  WARN 19844 --- [asg-shipping] [main] JpaBaseConfiguration$JpaWebConfiguration : spring.jpa.open-in-view is enabled by default. Therefore, database queries may be performed during view rendering. Explicitly configure spring.jpa.open-in-view to disable this warning
2026-07-15T15:48:30.485+05:30  INFO 19844 --- [asg-shipping] [main] o.s.b.a.e.web.EndpointLinksResolver      : Exposing 1 endpoint beneath base path '/actuator'
2026-07-15T15:48:30.667+05:30  INFO 19844 --- [asg-shipping] [main] c.asg.shipping.ShippingApplicationTests  : Started ShippingApplicationTests in 42.28 seconds (process running for 88.267)
2026-07-15T15:48:30.902+05:30  INFO 19844 --- [asg-shipping] [main] o.s.mock.web.MockServletContext          : Initializing Spring TestDispatcherServlet ''
2026-07-15T15:48:30.902+05:30  INFO 19844 --- [asg-shipping] [main] o.s.t.web.servlet.TestDispatcherServlet  : Initializing Servlet ''
2026-07-15T15:48:30.902+05:30  INFO 19844 --- [asg-shipping] [main] o.s.t.web.servlet.TestDispatcherServlet  : Completed initialization in 0 ms
2026-07-15T15:48:30.927+05:30  INFO 19844 --- [asg-shipping] [main] c.a.s.s.c.ManifestCorrectorController    : Update request for Shipping Manifest Corrector with id: 1
2026-07-15T15:48:30.951+05:30  INFO 19844 --- [asg-shipping] [main] o.s.mock.web.MockServletContext          : Initializing Spring TestDispatcherServlet ''
2026-07-15T15:48:30.951+05:30  INFO 19844 --- [asg-shipping] [main] o.s.t.web.servlet.TestDispatcherServlet  : Initializing Servlet ''
2026-07-15T15:48:30.951+05:30  INFO 19844 --- [asg-shipping] [main] o.s.t.web.servlet.TestDispatcherServlet  : Completed initialization in 0 ms
2026-07-15T15:48:30.953+05:30  INFO 19844 --- [asg-shipping] [main] c.a.s.s.c.ManifestCorrectorController    : Get request for Shipping Manifest Corrector with id: 1
2026-07-15T15:48:30.971+05:30  INFO 19844 --- [asg-shipping] [main] o.s.mock.web.MockServletContext          : Initializing Spring TestDispatcherServlet ''
2026-07-15T15:48:30.971+05:30  INFO 19844 --- [asg-shipping] [main] o.s.t.web.servlet.TestDispatcherServlet  : Initializing Servlet ''
2026-07-15T15:48:30.972+05:30  INFO 19844 --- [asg-shipping] [main] o.s.t.web.servlet.TestDispatcherServlet  : Completed initialization in 1 ms
2026-07-15T15:48:30.985+05:30  INFO 19844 --- [asg-shipping] [main] c.a.s.s.c.ManifestCorrectorController    : Search request for Shipping Manifest Corrector with page: 0, size: 20, sort: null
2026-07-15T15:48:31.008+05:30  INFO 19844 --- [asg-shipping] [main] o.s.mock.web.MockServletContext          : Initializing Spring TestDispatcherServlet ''
2026-07-15T15:48:31.008+05:30  INFO 19844 --- [asg-shipping] [main] o.s.t.web.servlet.TestDispatcherServlet  : Initializing Servlet ''
2026-07-15T15:48:31.008+05:30  INFO 19844 --- [asg-shipping] [main] o.s.t.web.servlet.TestDispatcherServlet  : Completed initialization in 0 ms
2026-07-15T15:48:31.010+05:30  INFO 19844 --- [asg-shipping] [main] c.a.s.s.c.ManifestCorrectorController    : Delete request for Shipping Manifest Corrector with id: 1
2026-07-15T15:48:31.032+05:30  INFO 19844 --- [asg-shipping] [main] o.s.mock.web.MockServletContext          : Initializing Spring TestDispatcherServlet ''
2026-07-15T15:48:31.032+05:30  INFO 19844 --- [asg-shipping] [main] o.s.t.web.servlet.TestDispatcherServlet  : Initializing Servlet ''
2026-07-15T15:48:31.033+05:30  INFO 19844 --- [asg-shipping] [main] o.s.t.web.servlet.TestDispatcherServlet  : Completed initialization in 1 ms
2026-07-15T15:48:31.040+05:30  INFO 19844 --- [asg-shipping] [main] c.a.s.s.c.ManifestCorrectorController    : BL after browse auto-population request for BL: 12345
2026-07-15T15:48:31.655+05:30  INFO 19844 --- [asg-shipping] [main] c.a.s.s.s.ManifestCorrectorServiceImpl   : Getting Shipping Manifest Corrector with id: 1
2026-07-15T15:48:31.659+05:30  INFO 19844 --- [asg-shipping] [main] c.a.s.s.s.ManifestCorrectorServiceImpl   : Successfully retrieved Shipping Manifest Corrector with id: 1
2026-07-15T15:48:31.669+05:30  INFO 19844 --- [asg-shipping] [main] c.a.s.s.s.ManifestCorrectorServiceImpl   : Updating Shipping Manifest Corrector with id: 1
2026-07-15T15:48:31.671+05:30  INFO 19844 --- [asg-shipping] [main] c.a.s.s.s.ManifestCorrectorServiceImpl   : Successfully updated Shipping Manifest Corrector with id: 1
2026-07-15T15:48:31.675+05:30  INFO 19844 --- [asg-shipping] [main] c.a.s.s.s.ManifestCorrectorServiceImpl   : Updating Shipping Manifest Corrector with id: 1
2026-07-15T15:48:31.678+05:30  INFO 19844 --- [asg-shipping] [main] c.a.s.s.s.ManifestCorrectorServiceImpl   : Getting Shipping Manifest Corrector with id: 1
2026-07-15T15:48:31.687+05:30  INFO 19844 --- [asg-shipping] [main] c.a.s.s.s.ManifestCorrectorServiceImpl   : Validating refund amounts for BL POID: 1, Container: CONT123
2026-07-15T15:48:31.692+05:30  INFO 19844 --- [asg-shipping] [main] c.a.s.s.s.ManifestCorrectorServiceImpl   : Validating refund amounts for BL POID: 1, Container: CONT123
2026-07-15T15:48:31.700+05:30  INFO 19844 --- [asg-shipping] [main] c.a.s.s.s.ManifestCorrectorServiceImpl   : Searching Shipping Manifest Corrector records with docId: 100-143, page: 0, size: 10
2026-07-15T15:48:31.705+05:30  INFO 19844 --- [asg-shipping] [main] c.a.s.s.s.ManifestCorrectorServiceImpl   : Getting Shipping Manifest Corrector with id: 1
2026-07-15T15:48:31.706+05:30  INFO 19844 --- [asg-shipping] [main] c.a.s.s.s.ManifestCorrectorServiceImpl   : Successfully retrieved Shipping Manifest Corrector with id: 1
2026-07-15T15:48:31.710+05:30  INFO 19844 --- [asg-shipping] [main] c.a.s.s.s.ManifestCorrectorServiceImpl   : Searching Shipping Manifest Corrector records with docId: 100-143, page: 0, size: 10
2026-07-15T15:48:31.719+05:30  INFO 19844 --- [asg-shipping] [main] c.a.s.s.s.ManifestCorrectorServiceImpl   : Deleting Shipping Manifest Corrector with id: 1
2026-07-15T15:48:31.720+05:30  INFO 19844 --- [asg-shipping] [main] c.a.s.s.s.ManifestCorrectorServiceImpl   : Successfully deleted Shipping Manifest Corrector with id: 1
2026-07-15T15:48:31.735+05:30  INFO 19844 --- [asg-shipping] [main] c.a.s.s.s.ManifestCorrectorServiceImpl   : Auto-populating Shipping Manifest Corrector fields for BL: 12345
2026-07-15T15:48:31.771+05:30  INFO 19844 --- [asg-shipping] [main] c.a.s.s.s.ManifestCorrectorServiceImpl   : Deleting Shipping Manifest Corrector with id: 1
2026-07-15T15:48:31.926+05:30  INFO 19844 --- [asg-shipping] [main] o.s.mock.web.MockServletContext          : Initializing Spring TestDispatcherServlet ''
2026-07-15T15:48:31.926+05:30  INFO 19844 --- [asg-shipping] [main] o.s.t.web.servlet.TestDispatcherServlet  : Initializing Servlet ''
2026-07-15T15:48:31.927+05:30  INFO 19844 --- [asg-shipping] [main] o.s.t.web.servlet.TestDispatcherServlet  : Completed initialization in 1 ms
2026-07-15T15:48:31.932+05:30  INFO 19844 --- [asg-shipping] [main] .s.t.c.c.ContainerTerminalTypeController : Delete ContainerTerminalType request | poid=1, groupPoid=100, userId=admin
2026-07-15T15:48:31.951+05:30  INFO 19844 --- [asg-shipping] [main] o.s.mock.web.MockServletContext          : Initializing Spring TestDispatcherServlet ''
2026-07-15T15:48:31.951+05:30  INFO 19844 --- [asg-shipping] [main] o.s.t.web.servlet.TestDispatcherServlet  : Initializing Servlet ''
2026-07-15T15:48:31.953+05:30  INFO 19844 --- [asg-shipping] [main] o.s.t.web.servlet.TestDispatcherServlet  : Completed initialization in 2 ms
2026-07-15T15:48:31.953+05:30  INFO 19844 --- [asg-shipping] [main] .s.t.c.c.ContainerTerminalTypeController : Get ContainerTerminalType request | poid=1, groupPoid=100
2026-07-15T15:48:31.987+05:30  INFO 19844 --- [asg-shipping] [main] o.s.mock.web.MockServletContext          : Initializing Spring TestDispatcherServlet ''
2026-07-15T15:48:31.988+05:30  INFO 19844 --- [asg-shipping] [main] o.s.t.web.servlet.TestDispatcherServlet  : Initializing Servlet ''
2026-07-15T15:48:31.988+05:30  INFO 19844 --- [asg-shipping] [main] o.s.t.web.servlet.TestDispatcherServlet  : Completed initialization in 0 ms
2026-07-15T15:48:32.011+05:30  INFO 19844 --- [asg-shipping] [main] .s.t.c.c.ContainerTerminalTypeController : Create ContainerTerminalType request | code=ISO20, groupPoid=100, userId=admin
2026-07-15T15:48:32.039+05:30  INFO 19844 --- [asg-shipping] [main] o.s.mock.web.MockServletContext          : Initializing Spring TestDispatcherServlet ''
2026-07-15T15:48:32.039+05:30  INFO 19844 --- [asg-shipping] [main] o.s.t.web.servlet.TestDispatcherServlet  : Initializing Servlet ''
2026-07-15T15:48:32.039+05:30  INFO 19844 --- [asg-shipping] [main] o.s.t.web.servlet.TestDispatcherServlet  : Completed initialization in 0 ms
2026-07-15T15:48:32.049+05:30  INFO 19844 --- [asg-shipping] [main] .s.t.c.c.ContainerTerminalTypeController : List ContainerTerminalTypes request | page=0, size=20, docId=000-000
2026-07-15T15:48:32.070+05:30  INFO 19844 --- [asg-shipping] [main] o.s.mock.web.MockServletContext          : Initializing Spring TestDispatcherServlet ''
2026-07-15T15:48:32.071+05:30  INFO 19844 --- [asg-shipping] [main] o.s.t.web.servlet.TestDispatcherServlet  : Initializing Servlet ''
2026-07-15T15:48:32.071+05:30  INFO 19844 --- [asg-shipping] [main] o.s.t.web.servlet.TestDispatcherServlet  : Completed initialization in 0 ms
2026-07-15T15:48:32.074+05:30  INFO 19844 --- [asg-shipping] [main] .s.t.c.c.ContainerTerminalTypeController : Toggle Active Status request | poid=1, groupPoid=100, userId=admin
2026-07-15T15:48:32.075+05:30  INFO 19844 --- [asg-shipping] [main] .s.t.c.c.ContainerTerminalTypeController : Toggle Active Status completed successfully | poid=1
2026-07-15T15:48:32.100+05:30  INFO 19844 --- [asg-shipping] [main] o.s.mock.web.MockServletContext          : Initializing Spring TestDispatcherServlet ''
2026-07-15T15:48:32.100+05:30  INFO 19844 --- [asg-shipping] [main] o.s.t.web.servlet.TestDispatcherServlet  : Initializing Servlet ''
2026-07-15T15:48:32.100+05:30  INFO 19844 --- [asg-shipping] [main] o.s.t.web.servlet.TestDispatcherServlet  : Completed initialization in 0 ms
2026-07-15T15:48:32.107+05:30  INFO 19844 --- [asg-shipping] [main] .s.t.c.c.ContainerTerminalTypeController : List ContainerTerminalTypes request | page=0, size=20, docId=000-000
2026-07-15T15:48:32.131+05:30  INFO 19844 --- [asg-shipping] [main] o.s.mock.web.MockServletContext          : Initializing Spring TestDispatcherServlet ''
2026-07-15T15:48:32.131+05:30  INFO 19844 --- [asg-shipping] [main] o.s.t.web.servlet.TestDispatcherServlet  : Initializing Servlet ''
2026-07-15T15:48:32.132+05:30  INFO 19844 --- [asg-shipping] [main] o.s.t.web.servlet.TestDispatcherServlet  : Completed initialization in 1 ms
2026-07-15T15:48:32.141+05:30  INFO 19844 --- [asg-shipping] [main] .s.t.c.c.ContainerTerminalTypeController : Update ContainerTerminalType request | poid=1, code=ISO20, groupPoid=100, userId=admin
2026-07-15T15:48:32.485+05:30  INFO 19844 --- [asg-shipping] [main] t.c.s.i.ContainerTerminalTypeServiceImpl : Toggling active status for container terminal type with id: 1, groupPoid: 10, userId: user1
2026-07-15T15:48:32.486+05:30  INFO 19844 --- [asg-shipping] [main] t.c.s.i.ContainerTerminalTypeServiceImpl : Successfully toggled active status for container terminal type with id: 1 from N to Y
2026-07-15T15:48:32.490+05:30  INFO 19844 --- [asg-shipping] [main] t.c.s.i.ContainerTerminalTypeServiceImpl : Toggling active status for container terminal type with id: 1, groupPoid: 10, userId: user1
2026-07-15T15:48:32.491+05:30  INFO 19844 --- [asg-shipping] [main] t.c.s.i.ContainerTerminalTypeServiceImpl : Successfully toggled active status for container terminal type with id: 1 from Y to N
2026-07-15T15:48:32.494+05:30  INFO 19844 --- [asg-shipping] [main] t.c.s.i.ContainerTerminalTypeServiceImpl : Deleting container terminal type with id: 1
2026-07-15T15:48:32.496+05:30  INFO 19844 --- [asg-shipping] [main] t.c.s.i.ContainerTerminalTypeServiceImpl : Successfully deleted container terminal type with id: 1
2026-07-15T15:48:32.500+05:30  INFO 19844 --- [asg-shipping] [main] t.c.s.i.ContainerTerminalTypeServiceImpl : Getting container terminal type with id: 1
2026-07-15T15:48:32.504+05:30  INFO 19844 --- [asg-shipping] [main] t.c.s.i.ContainerTerminalTypeServiceImpl : Getting container terminal type with id: 1
2026-07-15T15:48:32.505+05:30  INFO 19844 --- [asg-shipping] [main] t.c.s.i.ContainerTerminalTypeServiceImpl : Successfully retrieved container terminal type with id: 1
2026-07-15T15:48:32.507+05:30  INFO 19844 --- [asg-shipping] [main] t.c.s.i.ContainerTerminalTypeServiceImpl : Deleting container terminal type with id: 1
2026-07-15T15:48:32.510+05:30  INFO 19844 --- [asg-shipping] [main] t.c.s.i.ContainerTerminalTypeServiceImpl : Listing container terminal types with docId: DOC-1, page: 0, size: 10
2026-07-15T15:48:32.511+05:30  INFO 19844 --- [asg-shipping] [main] t.c.s.i.ContainerTerminalTypeServiceImpl : Successfully retrieved container terminal types
2026-07-15T15:48:32.515+05:30  INFO 19844 --- [asg-shipping] [main] t.c.s.i.ContainerTerminalTypeServiceImpl : Updating container terminal type with id: 1, groupId: 10, userId: user1
2026-07-15T15:48:32.537+05:30  INFO 19844 --- [asg-shipping] [main] t.c.s.i.ContainerTerminalTypeServiceImpl : Updating container terminal type with id: 1, groupId: 10, userId: user1
2026-07-15T15:48:32.540+05:30  INFO 19844 --- [asg-shipping] [main] t.c.s.i.ContainerTerminalTypeServiceImpl : Updating container terminal type with id: 1, groupId: 10, userId: user1
2026-07-15T15:48:32.542+05:30  INFO 19844 --- [asg-shipping] [main] t.c.s.i.ContainerTerminalTypeServiceImpl : Toggling active status for container terminal type with id: 1, groupPoid: 10, userId: user1
2026-07-15T15:48:32.547+05:30  INFO 19844 --- [asg-shipping] [main] t.c.s.i.ContainerTerminalTypeServiceImpl : Creating container terminal type with code: ISO20, groupId: 10, userId: user1
2026-07-15T15:48:32.550+05:30  INFO 19844 --- [asg-shipping] [main] t.c.s.i.ContainerTerminalTypeServiceImpl : Creating container terminal type with code: ISO20, groupId: 10, userId: user1
2026-07-15T15:48:32.555+05:30  INFO 19844 --- [asg-shipping] [main] t.c.s.i.ContainerTerminalTypeServiceImpl : Updating container terminal type with id: 1, groupId: 10, userId: user1
2026-07-15T15:48:32.556+05:30  INFO 19844 --- [asg-shipping] [main] t.c.s.i.ContainerTerminalTypeServiceImpl : Successfully updated container terminal type with id: 1
2026-07-15T15:48:32.559+05:30  INFO 19844 --- [asg-shipping] [main] t.c.s.i.ContainerTerminalTypeServiceImpl : Creating container terminal type with code: ISO20, groupId: 10, userId: user1
2026-07-15T15:48:32.559+05:30  INFO 19844 --- [asg-shipping] [main] t.c.s.i.ContainerTerminalTypeServiceImpl : Successfully created container terminal type with id: 1
2026-07-15T15:48:32.905+05:30 ERROR 19844 --- [asg-shipping] [main] c.a.s.t.s.impl.ShipTradeLaneServiceImpl  : Trade Lane Code is required
2026-07-15T15:48:32.908+05:30 ERROR 19844 --- [asg-shipping] [main] c.a.s.t.s.impl.ShipTradeLaneServiceImpl  : Trade Lane Name is required
2026-07-15T15:48:32.910+05:30 ERROR 19844 --- [asg-shipping] [main] c.a.s.t.s.impl.ShipTradeLaneServiceImpl  : Region POID is required
2026-07-15T15:48:32.920+05:30 ERROR 19844 --- [asg-shipping] [main] c.a.s.t.s.impl.ShipTradeLaneServiceImpl  : Trade Lane Code already exists: TL001
2026-07-15T15:48:32.923+05:30 ERROR 19844 --- [asg-shipping] [main] c.a.s.t.s.impl.ShipTradeLaneServiceImpl  : Trade Lane Name already exists: Trade Lane 1
2026-07-15T15:48:33.117+05:30  INFO 19844 --- [asg-shipping] [main] o.s.mock.web.MockServletContext          : Initializing Spring TestDispatcherServlet ''
2026-07-15T15:48:33.117+05:30  INFO 19844 --- [asg-shipping] [main] o.s.t.web.servlet.TestDispatcherServlet  : Initializing Servlet ''
2026-07-15T15:48:33.118+05:30  INFO 19844 --- [asg-shipping] [main] o.s.t.web.servlet.TestDispatcherServlet  : Completed initialization in 1 ms
2026-07-15T15:48:33.154+05:30  INFO 19844 --- [asg-shipping] [main] c.a.s.v.c.VesselMasterController         : Updating vessel with id: 1
2026-07-15T15:48:33.155+05:30  INFO 19844 --- [asg-shipping] [main] c.a.s.v.c.VesselMasterController         : Successfully updated vessel with id: 1
2026-07-15T15:48:33.174+05:30  INFO 19844 --- [asg-shipping] [main] o.s.mock.web.MockServletContext          : Initializing Spring TestDispatcherServlet ''
2026-07-15T15:48:33.174+05:30  INFO 19844 --- [asg-shipping] [main] o.s.t.web.servlet.TestDispatcherServlet  : Initializing Servlet ''
2026-07-15T15:48:33.175+05:30  INFO 19844 --- [asg-shipping] [main] o.s.t.web.servlet.TestDispatcherServlet  : Completed initialization in 0 ms
2026-07-15T15:48:33.182+05:30  INFO 19844 --- [asg-shipping] [main] c.a.s.v.c.VesselMasterController         : Searching vessels with page: 0, size: 20, sort: invalid
2026-07-15T15:48:33.182+05:30  INFO 19844 --- [asg-shipping] [main] c.a.s.v.c.VesselMasterController         : Successfully retrieved vessels
2026-07-15T15:48:33.202+05:30  INFO 19844 --- [asg-shipping] [main] o.s.mock.web.MockServletContext          : Initializing Spring TestDispatcherServlet ''
2026-07-15T15:48:33.203+05:30  INFO 19844 --- [asg-shipping] [main] o.s.t.web.servlet.TestDispatcherServlet  : Initializing Servlet ''
2026-07-15T15:48:33.204+05:30  INFO 19844 --- [asg-shipping] [main] o.s.t.web.servlet.TestDispatcherServlet  : Completed initialization in 1 ms
2026-07-15T15:48:33.205+05:30  INFO 19844 --- [asg-shipping] [main] c.a.s.v.c.VesselMasterController         : Deleting vessel with id: 1
2026-07-15T15:48:33.205+05:30  INFO 19844 --- [asg-shipping] [main] c.a.s.v.c.VesselMasterController         : Successfully deleted vessel with id: 1
2026-07-15T15:48:33.224+05:30  INFO 19844 --- [asg-shipping] [main] o.s.mock.web.MockServletContext          : Initializing Spring TestDispatcherServlet ''
2026-07-15T15:48:33.224+05:30  INFO 19844 --- [asg-shipping] [main] o.s.t.web.servlet.TestDispatcherServlet  : Initializing Servlet ''
2026-07-15T15:48:33.224+05:30  INFO 19844 --- [asg-shipping] [main] o.s.t.web.servlet.TestDispatcherServlet  : Completed initialization in 0 ms
2026-07-15T15:48:33.247+05:30  INFO 19844 --- [asg-shipping] [main] o.s.mock.web.MockServletContext          : Initializing Spring TestDispatcherServlet ''
2026-07-15T15:48:33.250+05:30  INFO 19844 --- [asg-shipping] [main] o.s.t.web.servlet.TestDispatcherServlet  : Initializing Servlet ''
2026-07-15T15:48:33.250+05:30  INFO 19844 --- [asg-shipping] [main] o.s.t.web.servlet.TestDispatcherServlet  : Completed initialization in 0 ms
2026-07-15T15:48:33.270+05:30  INFO 19844 --- [asg-shipping] [main] c.a.s.v.c.VesselMasterController         : Creating vessel with code: VSL002, name: New Vessel
2026-07-15T15:48:33.271+05:30  INFO 19844 --- [asg-shipping] [main] c.a.s.v.c.VesselMasterController         : Successfully created vessel with id: 1
2026-07-15T15:48:33.291+05:30  INFO 19844 --- [asg-shipping] [main] o.s.mock.web.MockServletContext          : Initializing Spring TestDispatcherServlet ''
2026-07-15T15:48:33.291+05:30  INFO 19844 --- [asg-shipping] [main] o.s.t.web.servlet.TestDispatcherServlet  : Initializing Servlet ''
2026-07-15T15:48:33.291+05:30  INFO 19844 --- [asg-shipping] [main] o.s.t.web.servlet.TestDispatcherServlet  : Completed initialization in 0 ms
2026-07-15T15:48:33.293+05:30  INFO 19844 --- [asg-shipping] [main] c.a.s.v.c.VesselMasterController         : Deleting vessel with id: 1
2026-07-15T15:48:33.294+05:30  INFO 19844 --- [asg-shipping] [main] c.a.s.v.c.VesselMasterController         : Successfully deleted vessel with id: 1
2026-07-15T15:48:33.309+05:30  INFO 19844 --- [asg-shipping] [main] o.s.mock.web.MockServletContext          : Initializing Spring TestDispatcherServlet ''
2026-07-15T15:48:33.309+05:30  INFO 19844 --- [asg-shipping] [main] o.s.t.web.servlet.TestDispatcherServlet  : Initializing Servlet ''
2026-07-15T15:48:33.309+05:30  INFO 19844 --- [asg-shipping] [main] o.s.t.web.servlet.TestDispatcherServlet  : Completed initialization in 0 ms
2026-07-15T15:48:33.316+05:30  INFO 19844 --- [asg-shipping] [main] c.a.s.v.c.VesselMasterController         : Deleting vessel with id: 1
2026-07-15T15:48:33.316+05:30  INFO 19844 --- [asg-shipping] [main] c.a.s.v.c.VesselMasterController         : Successfully deleted vessel with id: 1
2026-07-15T15:48:33.332+05:30  INFO 19844 --- [asg-shipping] [main] o.s.mock.web.MockServletContext          : Initializing Spring TestDispatcherServlet ''
2026-07-15T15:48:33.333+05:30  INFO 19844 --- [asg-shipping] [main] o.s.t.web.servlet.TestDispatcherServlet  : Initializing Servlet ''
2026-07-15T15:48:33.333+05:30  INFO 19844 --- [asg-shipping] [main] o.s.t.web.servlet.TestDispatcherServlet  : Completed initialization in 0 ms
2026-07-15T15:48:33.335+05:30  INFO 19844 --- [asg-shipping] [main] c.a.s.v.c.VesselMasterController         : Getting vessel with id: 1
2026-07-15T15:48:33.335+05:30  INFO 19844 --- [asg-shipping] [main] c.a.s.v.c.VesselMasterController         : Successfully retrieved vessel with id: 1
2026-07-15T15:48:33.357+05:30  INFO 19844 --- [asg-shipping] [main] o.s.mock.web.MockServletContext          : Initializing Spring TestDispatcherServlet ''
2026-07-15T15:48:33.358+05:30  INFO 19844 --- [asg-shipping] [main] o.s.t.web.servlet.TestDispatcherServlet  : Initializing Servlet ''
2026-07-15T15:48:33.358+05:30  INFO 19844 --- [asg-shipping] [main] o.s.t.web.servlet.TestDispatcherServlet  : Completed initialization in 0 ms
2026-07-15T15:48:33.364+05:30  INFO 19844 --- [asg-shipping] [main] c.a.s.v.c.VesselMasterController         : Searching vessels with page: 0, size: 20, sort: vesselName,asc,extra
2026-07-15T15:48:33.364+05:30  INFO 19844 --- [asg-shipping] [main] c.a.s.v.c.VesselMasterController         : Successfully retrieved vessels
2026-07-15T15:48:33.388+05:30  INFO 19844 --- [asg-shipping] [main] o.s.mock.web.MockServletContext          : Initializing Spring TestDispatcherServlet ''
2026-07-15T15:48:33.388+05:30  INFO 19844 --- [asg-shipping] [main] o.s.t.web.servlet.TestDispatcherServlet  : Initializing Servlet ''
2026-07-15T15:48:33.389+05:30  INFO 19844 --- [asg-shipping] [main] o.s.t.web.servlet.TestDispatcherServlet  : Completed initialization in 0 ms
2026-07-15T15:48:33.391+05:30  INFO 19844 --- [asg-shipping] [main] c.a.s.v.c.VesselMasterController         : Searching vessels with page: 0, size: 20, sort: null
2026-07-15T15:48:33.391+05:30  INFO 19844 --- [asg-shipping] [main] c.a.s.v.c.VesselMasterController         : Successfully retrieved vessels
2026-07-15T15:48:33.414+05:30  INFO 19844 --- [asg-shipping] [main] o.s.mock.web.MockServletContext          : Initializing Spring TestDispatcherServlet ''
2026-07-15T15:48:33.415+05:30  INFO 19844 --- [asg-shipping] [main] o.s.t.web.servlet.TestDispatcherServlet  : Initializing Servlet ''
2026-07-15T15:48:33.415+05:30  INFO 19844 --- [asg-shipping] [main] o.s.t.web.servlet.TestDispatcherServlet  : Completed initialization in 0 ms
2026-07-15T15:48:33.421+05:30  INFO 19844 --- [asg-shipping] [main] c.a.s.v.c.VesselMasterController         : Searching vessels with page: 0, size: 20, sort:    ,asc
2026-07-15T15:48:33.422+05:30  INFO 19844 --- [asg-shipping] [main] c.a.s.v.c.VesselMasterController         : Successfully retrieved vessels
2026-07-15T15:48:33.443+05:30  INFO 19844 --- [asg-shipping] [main] o.s.mock.web.MockServletContext          : Initializing Spring TestDispatcherServlet ''
2026-07-15T15:48:33.443+05:30  INFO 19844 --- [asg-shipping] [main] o.s.t.web.servlet.TestDispatcherServlet  : Initializing Servlet ''
2026-07-15T15:48:33.443+05:30  INFO 19844 --- [asg-shipping] [main] o.s.t.web.servlet.TestDispatcherServlet  : Completed initialization in 0 ms
2026-07-15T15:48:33.446+05:30  INFO 19844 --- [asg-shipping] [main] c.a.s.v.c.VesselMasterController         : Toggling active status for vessel with id: 1
2026-07-15T15:48:33.446+05:30  INFO 19844 --- [asg-shipping] [main] c.a.s.v.c.VesselMasterController         : Successfully toggled active status for vessel with id: 1
2026-07-15T15:48:33.466+05:30  INFO 19844 --- [asg-shipping] [main] o.s.mock.web.MockServletContext          : Initializing Spring TestDispatcherServlet ''
2026-07-15T15:48:33.467+05:30  INFO 19844 --- [asg-shipping] [main] o.s.t.web.servlet.TestDispatcherServlet  : Initializing Servlet ''
2026-07-15T15:48:33.467+05:30  INFO 19844 --- [asg-shipping] [main] o.s.t.web.servlet.TestDispatcherServlet  : Completed initialization in 0 ms
2026-07-15T15:48:33.485+05:30  INFO 19844 --- [asg-shipping] [main] o.s.mock.web.MockServletContext          : Initializing Spring TestDispatcherServlet ''
2026-07-15T15:48:33.485+05:30  INFO 19844 --- [asg-shipping] [main] o.s.t.web.servlet.TestDispatcherServlet  : Initializing Servlet ''
2026-07-15T15:48:33.485+05:30  INFO 19844 --- [asg-shipping] [main] o.s.t.web.servlet.TestDispatcherServlet  : Completed initialization in 0 ms
2026-07-15T15:48:33.504+05:30  INFO 19844 --- [asg-shipping] [main] o.s.mock.web.MockServletContext          : Initializing Spring TestDispatcherServlet ''
2026-07-15T15:48:33.504+05:30  INFO 19844 --- [asg-shipping] [main] o.s.t.web.servlet.TestDispatcherServlet  : Initializing Servlet ''
2026-07-15T15:48:33.504+05:30  INFO 19844 --- [asg-shipping] [main] o.s.t.web.servlet.TestDispatcherServlet  : Completed initialization in 0 ms
2026-07-15T15:48:33.508+05:30  INFO 19844 --- [asg-shipping] [main] c.a.s.v.c.VesselMasterController         : Searching vessels with page: 0, size: 20, sort: vesselName,desc
2026-07-15T15:48:33.509+05:30  INFO 19844 --- [asg-shipping] [main] c.a.s.v.c.VesselMasterController         : Successfully retrieved vessels
2026-07-15T15:48:33.528+05:30  INFO 19844 --- [asg-shipping] [main] o.s.mock.web.MockServletContext          : Initializing Spring TestDispatcherServlet ''
2026-07-15T15:48:33.528+05:30  INFO 19844 --- [asg-shipping] [main] o.s.t.web.servlet.TestDispatcherServlet  : Initializing Servlet ''
2026-07-15T15:48:33.528+05:30  INFO 19844 --- [asg-shipping] [main] o.s.t.web.servlet.TestDispatcherServlet  : Completed initialization in 0 ms
2026-07-15T15:48:33.537+05:30  INFO 19844 --- [asg-shipping] [main] c.a.s.v.c.VesselMasterController         : Searching vessels with page: 0, size: 20, sort: null
2026-07-15T15:48:33.538+05:30  INFO 19844 --- [asg-shipping] [main] c.a.s.v.c.VesselMasterController         : Successfully retrieved vessels
2026-07-15T15:48:33.558+05:30  INFO 19844 --- [asg-shipping] [main] o.s.mock.web.MockServletContext          : Initializing Spring TestDispatcherServlet ''
2026-07-15T15:48:33.559+05:30  INFO 19844 --- [asg-shipping] [main] o.s.t.web.servlet.TestDispatcherServlet  : Initializing Servlet ''
2026-07-15T15:48:33.560+05:30  INFO 19844 --- [asg-shipping] [main] o.s.t.web.servlet.TestDispatcherServlet  : Completed initialization in 1 ms
2026-07-15T15:48:33.580+05:30  INFO 19844 --- [asg-shipping] [main] o.s.mock.web.MockServletContext          : Initializing Spring TestDispatcherServlet ''
2026-07-15T15:48:33.580+05:30  INFO 19844 --- [asg-shipping] [main] o.s.t.web.servlet.TestDispatcherServlet  : Initializing Servlet ''
2026-07-15T15:48:33.580+05:30  INFO 19844 --- [asg-shipping] [main] o.s.t.web.servlet.TestDispatcherServlet  : Completed initialization in 0 ms
2026-07-15T15:48:33.585+05:30  INFO 19844 --- [asg-shipping] [main] c.a.s.v.c.VesselMasterController         : Searching vessels with page: 0, size: 20, sort: vesselPoid,asc
2026-07-15T15:48:33.586+05:30  INFO 19844 --- [asg-shipping] [main] c.a.s.v.c.VesselMasterController         : Successfully retrieved vessels
2026-07-15T15:48:33.592+05:30  INFO 19844 --- [asg-shipping] [main] c.a.s.v.c.VesselMasterController         : Searching vessels with page: 0, size: 20, sort: vesselCode,desc
2026-07-15T15:48:33.593+05:30  INFO 19844 --- [asg-shipping] [main] c.a.s.v.c.VesselMasterController         : Successfully retrieved vessels
2026-07-15T15:48:33.598+05:30  INFO 19844 --- [asg-shipping] [main] c.a.s.v.c.VesselMasterController         : Searching vessels with page: 0, size: 20, sort: vesselName,asc
2026-07-15T15:48:33.599+05:30  INFO 19844 --- [asg-shipping] [main] c.a.s.v.c.VesselMasterController         : Successfully retrieved vessels
2026-07-15T15:48:33.602+05:30  INFO 19844 --- [asg-shipping] [main] c.a.s.v.c.VesselMasterController         : Searching vessels with page: 0, size: 20, sort: vesselName2,desc
2026-07-15T15:48:33.603+05:30  INFO 19844 --- [asg-shipping] [main] c.a.s.v.c.VesselMasterController         : Successfully retrieved vessels
2026-07-15T15:48:33.606+05:30  INFO 19844 --- [asg-shipping] [main] c.a.s.v.c.VesselMasterController         : Searching vessels with page: 0, size: 20, sort: imoNumber,asc
2026-07-15T15:48:33.606+05:30  INFO 19844 --- [asg-shipping] [main] c.a.s.v.c.VesselMasterController         : Successfully retrieved vessels
2026-07-15T15:48:33.608+05:30  INFO 19844 --- [asg-shipping] [main] c.a.s.v.c.VesselMasterController         : Searching vessels with page: 0, size: 20, sort: createdDate,desc
2026-07-15T15:48:33.609+05:30  INFO 19844 --- [asg-shipping] [main] c.a.s.v.c.VesselMasterController         : Successfully retrieved vessels
2026-07-15T15:48:33.615+05:30  INFO 19844 --- [asg-shipping] [main] c.a.s.v.c.VesselMasterController         : Searching vessels with page: 0, size: 20, sort: lastModifiedDate,asc
2026-07-15T15:48:33.615+05:30  INFO 19844 --- [asg-shipping] [main] c.a.s.v.c.VesselMasterController         : Successfully retrieved vessels
2026-07-15T15:48:33.618+05:30  INFO 19844 --- [asg-shipping] [main] c.a.s.v.c.VesselMasterController         : Searching vessels with page: 0, size: 20, sort: unknownField,asc
2026-07-15T15:48:33.618+05:30  INFO 19844 --- [asg-shipping] [main] c.a.s.v.c.VesselMasterController         : Successfully retrieved vessels
2026-07-15T15:48:33.633+05:30  INFO 19844 --- [asg-shipping] [main] o.s.mock.web.MockServletContext          : Initializing Spring TestDispatcherServlet ''
2026-07-15T15:48:33.633+05:30  INFO 19844 --- [asg-shipping] [main] o.s.t.web.servlet.TestDispatcherServlet  : Initializing Servlet ''
2026-07-15T15:48:33.633+05:30  INFO 19844 --- [asg-shipping] [main] o.s.t.web.servlet.TestDispatcherServlet  : Completed initialization in 0 ms
2026-07-15T15:48:33.638+05:30  INFO 19844 --- [asg-shipping] [main] c.a.s.v.c.VesselMasterController         : Searching vessels with page: 0, size: 20, sort: 
2026-07-15T15:48:33.638+05:30  INFO 19844 --- [asg-shipping] [main] c.a.s.v.c.VesselMasterController         : Successfully retrieved vessels
2026-07-15T15:48:33.658+05:30  INFO 19844 --- [asg-shipping] [main] o.s.mock.web.MockServletContext          : Initializing Spring TestDispatcherServlet ''
2026-07-15T15:48:33.659+05:30  INFO 19844 --- [asg-shipping] [main] o.s.t.web.servlet.TestDispatcherServlet  : Initializing Servlet ''
2026-07-15T15:48:33.659+05:30  INFO 19844 --- [asg-shipping] [main] o.s.t.web.servlet.TestDispatcherServlet  : Completed initialization in 0 ms
2026-07-15T15:48:33.663+05:30  INFO 19844 --- [asg-shipping] [main] c.a.s.v.c.VesselMasterController         : Searching vessels with page: 0, size: 20, sort:    ,asc
2026-07-15T15:48:33.664+05:30  INFO 19844 --- [asg-shipping] [main] c.a.s.v.c.VesselMasterController         : Successfully retrieved vessels
2026-07-15T15:48:33.683+05:30  INFO 19844 --- [asg-shipping] [main] o.s.mock.web.MockServletContext          : Initializing Spring TestDispatcherServlet ''
2026-07-15T15:48:33.683+05:30  INFO 19844 --- [asg-shipping] [main] o.s.t.web.servlet.TestDispatcherServlet  : Initializing Servlet ''
2026-07-15T15:48:33.684+05:30  INFO 19844 --- [asg-shipping] [main] o.s.t.web.servlet.TestDispatcherServlet  : Completed initialization in 1 ms
2026-07-15T15:48:33.688+05:30  INFO 19844 --- [asg-shipping] [main] c.a.s.v.c.VesselMasterController         : Searching vessels with page: 0, size: 20, sort: vesselPoid,asc
2026-07-15T15:48:33.689+05:30  INFO 19844 --- [asg-shipping] [main] c.a.s.v.c.VesselMasterController         : Successfully retrieved vessels
2026-07-15T15:48:33.697+05:30  INFO 19844 --- [asg-shipping] [main] c.a.s.v.c.VesselMasterController         : Searching vessels with page: 0, size: 20, sort: vesselCode,asc
2026-07-15T15:48:33.697+05:30  INFO 19844 --- [asg-shipping] [main] c.a.s.v.c.VesselMasterController         : Successfully retrieved vessels
2026-07-15T15:48:33.701+05:30  INFO 19844 --- [asg-shipping] [main] c.a.s.v.c.VesselMasterController         : Searching vessels with page: 0, size: 20, sort: vesselName,asc
2026-07-15T15:48:33.702+05:30  INFO 19844 --- [asg-shipping] [main] c.a.s.v.c.VesselMasterController         : Successfully retrieved vessels
2026-07-15T15:48:33.703+05:30  INFO 19844 --- [asg-shipping] [main] c.a.s.v.c.VesselMasterController         : Searching vessels with page: 0, size: 20, sort: vesselName2,asc
2026-07-15T15:48:33.704+05:30  INFO 19844 --- [asg-shipping] [main] c.a.s.v.c.VesselMasterController         : Successfully retrieved vessels
2026-07-15T15:48:33.705+05:30  INFO 19844 --- [asg-shipping] [main] c.a.s.v.c.VesselMasterController         : Searching vessels with page: 0, size: 20, sort: imoNumber,asc
2026-07-15T15:48:33.706+05:30  INFO 19844 --- [asg-shipping] [main] c.a.s.v.c.VesselMasterController         : Successfully retrieved vessels
2026-07-15T15:48:33.707+05:30  INFO 19844 --- [asg-shipping] [main] c.a.s.v.c.VesselMasterController         : Searching vessels with page: 0, size: 20, sort: createdDate,asc
2026-07-15T15:48:33.707+05:30  INFO 19844 --- [asg-shipping] [main] c.a.s.v.c.VesselMasterController         : Successfully retrieved vessels
2026-07-15T15:48:33.710+05:30  INFO 19844 --- [asg-shipping] [main] c.a.s.v.c.VesselMasterController         : Searching vessels with page: 0, size: 20, sort: lastModifiedDate,asc
2026-07-15T15:48:33.711+05:30  INFO 19844 --- [asg-shipping] [main] c.a.s.v.c.VesselMasterController         : Successfully retrieved vessels
2026-07-15T15:48:33.730+05:30  INFO 19844 --- [asg-shipping] [main] o.s.mock.web.MockServletContext          : Initializing Spring TestDispatcherServlet ''
2026-07-15T15:48:33.731+05:30  INFO 19844 --- [asg-shipping] [main] o.s.t.web.servlet.TestDispatcherServlet  : Initializing Servlet ''
2026-07-15T15:48:33.734+05:30  INFO 19844 --- [asg-shipping] [main] o.s.t.web.servlet.TestDispatcherServlet  : Completed initialization in 0 ms
2026-07-15T15:48:33.740+05:30  INFO 19844 --- [asg-shipping] [main] c.a.s.v.c.VesselMasterController         : Searching vessels with page: 0, size: 20, sort: vesselName
2026-07-15T15:48:33.741+05:30  INFO 19844 --- [asg-shipping] [main] c.a.s.v.c.VesselMasterController         : Successfully retrieved vessels
2026-07-15T15:48:33.766+05:30  INFO 19844 --- [asg-shipping] [main] o.s.mock.web.MockServletContext          : Initializing Spring TestDispatcherServlet ''
2026-07-15T15:48:33.767+05:30  INFO 19844 --- [asg-shipping] [main] o.s.t.web.servlet.TestDispatcherServlet  : Initializing Servlet ''
2026-07-15T15:48:33.767+05:30  INFO 19844 --- [asg-shipping] [main] o.s.t.web.servlet.TestDispatcherServlet  : Completed initialization in 0 ms
2026-07-15T15:48:33.772+05:30  INFO 19844 --- [asg-shipping] [main] c.a.s.v.c.VesselMasterController         : Searching vessels with page: 0, size: 20, sort: vesselName,asc
2026-07-15T15:48:33.772+05:30  INFO 19844 --- [asg-shipping] [main] c.a.s.v.c.VesselMasterController         : Successfully retrieved vessels
2026-07-15T15:48:33.785+05:30  INFO 19844 --- [asg-shipping] [main] c.a.s.v.s.VesselMasterLovServiceImpl     : Fetching AGENT_MASTER LOV with agentPoid filter: null
2026-07-15T15:48:33.785+05:30  INFO 19844 --- [asg-shipping] [main] c.a.s.v.s.VesselMasterLovServiceImpl     : Fetched 2 AGENT_MASTER LOV items
2026-07-15T15:48:33.788+05:30  INFO 19844 --- [asg-shipping] [main] c.a.s.v.s.VesselMasterLovServiceImpl     : Fetching LINE_MASTER LOV with linePoid filter: null
2026-07-15T15:48:33.789+05:30  INFO 19844 --- [asg-shipping] [main] c.a.s.v.s.VesselMasterLovServiceImpl     : Fetched 2 LINE_MASTER LOV items
2026-07-15T15:48:33.791+05:30  INFO 19844 --- [asg-shipping] [main] c.a.s.v.s.VesselMasterLovServiceImpl     : Fetching VESSEL_TYPE LOV with vesselTypePoid filter: null
2026-07-15T15:48:33.792+05:30  INFO 19844 --- [asg-shipping] [main] c.a.s.v.s.VesselMasterLovServiceImpl     : Fetched 2 VESSEL_TYPE LOV items
2026-07-15T15:48:33.797+05:30  INFO 19844 --- [asg-shipping] [main] c.a.s.v.s.VesselMasterLovServiceImpl     : Fetching AGENT_MASTER LOV with agentPoid filter: 20
2026-07-15T15:48:33.798+05:30  INFO 19844 --- [asg-shipping] [main] c.a.s.v.s.VesselMasterLovServiceImpl     : Fetched 1 AGENT_MASTER LOV items
2026-07-15T15:48:33.802+05:30  INFO 19844 --- [asg-shipping] [main] c.a.s.v.s.VesselMasterLovServiceImpl     : Fetching LINE_MASTER LOV with linePoid filter: 10
2026-07-15T15:48:33.803+05:30  INFO 19844 --- [asg-shipping] [main] c.a.s.v.s.VesselMasterLovServiceImpl     : Fetched 1 LINE_MASTER LOV items
2026-07-15T15:48:33.806+05:30  INFO 19844 --- [asg-shipping] [main] c.a.s.v.s.VesselMasterLovServiceImpl     : Fetching VESSEL_TYPE LOV with vesselTypePoid filter: null
2026-07-15T15:48:33.807+05:30  INFO 19844 --- [asg-shipping] [main] c.a.s.v.s.VesselMasterLovServiceImpl     : Fetched 1 VESSEL_TYPE LOV items
2026-07-15T15:48:33.810+05:30  INFO 19844 --- [asg-shipping] [main] c.a.s.v.s.VesselMasterLovServiceImpl     : Fetching LINE_MASTER LOV with linePoid filter: null
2026-07-15T15:48:33.810+05:30  INFO 19844 --- [asg-shipping] [main] c.a.s.v.s.VesselMasterLovServiceImpl     : Fetched 0 LINE_MASTER LOV items
2026-07-15T15:48:33.815+05:30  INFO 19844 --- [asg-shipping] [main] c.a.s.v.s.VesselMasterLovServiceImpl     : Fetching LINE_MASTER LOV with linePoid filter: null
2026-07-15T15:48:33.816+05:30  INFO 19844 --- [asg-shipping] [main] c.a.s.v.s.VesselMasterLovServiceImpl     : Fetched 0 LINE_MASTER LOV items
2026-07-15T15:48:33.820+05:30  INFO 19844 --- [asg-shipping] [main] c.a.s.v.s.VesselMasterLovServiceImpl     : Fetching LINE_MASTER LOV with linePoid filter: null
2026-07-15T15:48:33.820+05:30  INFO 19844 --- [asg-shipping] [main] c.a.s.v.s.VesselMasterLovServiceImpl     : Fetched 1 LINE_MASTER LOV items
2026-07-15T15:48:33.823+05:30  INFO 19844 --- [asg-shipping] [main] c.a.s.v.s.VesselMasterLovServiceImpl     : Fetching AGENT_MASTER LOV with agentPoid filter: null
2026-07-15T15:48:33.823+05:30  INFO 19844 --- [asg-shipping] [main] c.a.s.v.s.VesselMasterLovServiceImpl     : Fetched 0 AGENT_MASTER LOV items
2026-07-15T15:48:33.825+05:30  INFO 19844 --- [asg-shipping] [main] c.a.s.v.s.VesselMasterLovServiceImpl     : Fetching AGENT_MASTER LOV with agentPoid filter: null
2026-07-15T15:48:33.826+05:30  INFO 19844 --- [asg-shipping] [main] c.a.s.v.s.VesselMasterLovServiceImpl     : Fetched 0 AGENT_MASTER LOV items
2026-07-15T15:48:33.829+05:30  INFO 19844 --- [asg-shipping] [main] c.a.s.v.s.VesselMasterLovServiceImpl     : Fetching VESSEL_TYPE LOV with vesselTypePoid filter: null
2026-07-15T15:48:33.830+05:30  INFO 19844 --- [asg-shipping] [main] c.a.s.v.s.VesselMasterLovServiceImpl     : Fetched 0 VESSEL_TYPE LOV items
2026-07-15T15:48:33.835+05:30  INFO 19844 --- [asg-shipping] [main] c.a.s.v.s.VesselMasterLovServiceImpl     : Fetching AGENT_MASTER LOV with agentPoid filter: null
2026-07-15T15:48:33.835+05:30  INFO 19844 --- [asg-shipping] [main] c.a.s.v.s.VesselMasterLovServiceImpl     : Fetched 1 AGENT_MASTER LOV items
2026-07-15T15:48:33.838+05:30  INFO 19844 --- [asg-shipping] [main] c.a.s.v.s.VesselMasterLovServiceImpl     : Fetching VESSEL_TYPE LOV with vesselTypePoid filter: 30
2026-07-15T15:48:33.838+05:30  INFO 19844 --- [asg-shipping] [main] c.a.s.v.s.VesselMasterLovServiceImpl     : Fetched 1 VESSEL_TYPE LOV items
2026-07-15T15:48:33.841+05:30  INFO 19844 --- [asg-shipping] [main] c.a.s.v.s.VesselMasterLovServiceImpl     : Fetching VESSEL_TYPE LOV with vesselTypePoid filter: null
2026-07-15T15:48:33.841+05:30  INFO 19844 --- [asg-shipping] [main] c.a.s.v.s.VesselMasterLovServiceImpl     : Fetched 0 VESSEL_TYPE LOV items
2026-07-15T15:48:34.256+05:30  INFO 19844 --- [asg-shipping] [main] c.a.s.v.service.VesselMasterServiceImpl  : Updating vessel with id: 1
2026-07-15T15:48:34.258+05:30  INFO 19844 --- [asg-shipping] [main] c.a.s.v.service.VesselMasterServiceImpl  : Successfully updated vessel with id: 1
2026-07-15T15:48:34.264+05:30  INFO 19844 --- [asg-shipping] [main] c.a.s.v.service.VesselMasterServiceImpl  : Updating vessel with id: 1
2026-07-15T15:48:34.266+05:30  INFO 19844 --- [asg-shipping] [main] c.a.s.v.service.VesselMasterServiceImpl  : Successfully updated vessel with id: 1
2026-07-15T15:48:34.269+05:30  INFO 19844 --- [asg-shipping] [main] c.a.s.v.service.VesselMasterServiceImpl  : Updating vessel with id: 1
2026-07-15T15:48:34.274+05:30  INFO 19844 --- [asg-shipping] [main] c.a.s.v.service.VesselMasterServiceImpl  : Creating vessel with code: VSL002, name: New Vessel
2026-07-15T15:48:34.275+05:30  INFO 19844 --- [asg-shipping] [main] c.a.s.v.service.VesselMasterServiceImpl  : Successfully created vessel with id: 2
2026-07-15T15:48:34.281+05:30  INFO 19844 --- [asg-shipping] [main] c.a.s.v.service.VesselMasterServiceImpl  : Creating vessel with code: VSL002, name: New Vessel
2026-07-15T15:48:34.282+05:30  INFO 19844 --- [asg-shipping] [main] c.a.s.v.service.VesselMasterServiceImpl  : Successfully created vessel with id: 2
2026-07-15T15:48:34.286+05:30  INFO 19844 --- [asg-shipping] [main] c.a.s.v.service.VesselMasterServiceImpl  : Getting vessel with id: 1
2026-07-15T15:48:34.287+05:30  INFO 19844 --- [asg-shipping] [main] c.a.s.v.service.VesselMasterServiceImpl  : Successfully retrieved vessel with id: 1
2026-07-15T15:48:34.290+05:30  INFO 19844 --- [asg-shipping] [main] c.a.s.v.service.VesselMasterServiceImpl  : Deleting vessel with id: 1
2026-07-15T15:48:34.291+05:30  INFO 19844 --- [asg-shipping] [main] c.a.s.v.service.VesselMasterServiceImpl  : Vessel with id: 1 is already deleted
2026-07-15T15:48:34.295+05:30  INFO 19844 --- [asg-shipping] [main] c.a.s.v.service.VesselMasterServiceImpl  : Getting vessel with id: 1
2026-07-15T15:48:34.296+05:30  INFO 19844 --- [asg-shipping] [main] c.a.s.v.service.VesselMasterServiceImpl  : Successfully retrieved vessel with id: 1
2026-07-15T15:48:34.301+05:30  INFO 19844 --- [asg-shipping] [main] c.a.s.v.service.VesselMasterServiceImpl  : Creating vessel with code: VSL002, name: New Vessel
2026-07-15T15:48:34.306+05:30  INFO 19844 --- [asg-shipping] [main] c.a.s.v.service.VesselMasterServiceImpl  : Deleting vessel with id: 1
2026-07-15T15:48:34.306+05:30  INFO 19844 --- [asg-shipping] [main] c.a.s.v.service.VesselMasterServiceImpl  : Successfully deleted vessel with id: 1
2026-07-15T15:48:34.309+05:30  INFO 19844 --- [asg-shipping] [main] c.a.s.v.service.VesselMasterServiceImpl  : Getting vessel with id: 1
2026-07-15T15:48:34.312+05:30  WARN 19844 --- [asg-shipping] [main] c.a.s.v.service.VesselMasterServiceImpl  : Failed to fetch AGENT_MASTER LOV for agentPoid: 20

java.lang.RuntimeException: Agent LOV Error
	at com.asg.shipping.vesselmaster.service.VesselMasterServiceImpl.enrichDtoWithLovData(VesselMasterServiceImpl.java:221) ~[classes/:na]
	at com.asg.shipping.vesselmaster.service.VesselMasterServiceImpl.getVessel(VesselMasterServiceImpl.java:83) ~[classes/:na]
	at com.asg.shipping.vesselmaster.service.VesselMasterServiceImplTest.getVessel_WithAgentLovException_ContinuesGracefully(VesselMasterServiceImplTest.java:307) ~[test-classes/:na]
	at java.base/jdk.internal.reflect.DirectMethodHandleAccessor.invoke(DirectMethodHandleAccessor.java:103) ~[na:na]
	at java.base/java.lang.reflect.Method.invoke(Method.java:580) ~[na:na]
	at org.junit.platform.commons.util.ReflectionUtils.invokeMethod(ReflectionUtils.java:701) ~[junit-platform-commons-6.0.1.jar:6.0.1]
	at org.junit.platform.commons.support.ReflectionSupport.invokeMethod(ReflectionSupport.java:502) ~[junit-platform-commons-6.0.1.jar:6.0.1]
	at org.junit.jupiter.engine.support.MethodReflectionUtils.invoke(MethodReflectionUtils.java:45) ~[junit-jupiter-engine-6.0.1.jar:6.0.1]
	at org.junit.jupiter.engine.execution.MethodInvocation.proceed(MethodInvocation.java:61) ~[junit-jupiter-engine-6.0.1.jar:6.0.1]
	at org.junit.jupiter.engine.execution.InvocationInterceptorChain$ValidatingInvocation.proceed(InvocationInterceptorChain.java:124) ~[junit-jupiter-engine-6.0.1.jar:6.0.1]
	at org.junit.jupiter.engine.extension.TimeoutExtension.intercept(TimeoutExtension.java:163) ~[junit-jupiter-engine-6.0.1.jar:6.0.1]
	at org.junit.jupiter.engine.extension.TimeoutExtension.interceptTestableMethod(TimeoutExtension.java:148) ~[junit-jupiter-engine-6.0.1.jar:6.0.1]
	at org.junit.jupiter.engine.extension.TimeoutExtension.interceptTestMethod(TimeoutExtension.java:86) ~[junit-jupiter-engine-6.0.1.jar:6.0.1]
	at org.junit.jupiter.engine.execution.InterceptingExecutableInvoker$ReflectiveInterceptorCall.lambda$ofVoidMethod$0(InterceptingExecutableInvoker.java:123) ~[junit-jupiter-engine-6.0.1.jar:6.0.1]
	at org.junit.jupiter.engine.execution.InterceptingExecutableInvoker.lambda$invoke$0(InterceptingExecutableInvoker.java:105) ~[junit-jupiter-engine-6.0.1.jar:6.0.1]
	at org.junit.jupiter.engine.execution.InvocationInterceptorChain$InterceptedInvocation.proceed(InvocationInterceptorChain.java:99) ~[junit-jupiter-engine-6.0.1.jar:6.0.1]
	at org.junit.jupiter.engine.execution.InvocationInterceptorChain.proceed(InvocationInterceptorChain.java:66) ~[junit-jupiter-engine-6.0.1.jar:6.0.1]
	at org.junit.jupiter.engine.execution.InvocationInterceptorChain.chainAndInvoke(InvocationInterceptorChain.java:47) ~[junit-jupiter-engine-6.0.1.jar:6.0.1]
	at org.junit.jupiter.engine.execution.InvocationInterceptorChain.invoke(InvocationInterceptorChain.java:39) ~[junit-jupiter-engine-6.0.1.jar:6.0.1]
	at org.junit.jupiter.engine.execution.InterceptingExecutableInvoker.invoke(InterceptingExecutableInvoker.java:104) ~[junit-jupiter-engine-6.0.1.jar:6.0.1]
	at org.junit.jupiter.engine.execution.InterceptingExecutableInvoker.invoke(InterceptingExecutableInvoker.java:98) ~[junit-jupiter-engine-6.0.1.jar:6.0.1]
	at org.junit.jupiter.engine.execution.InterceptingExecutableInvoker.invokeVoid(InterceptingExecutableInvoker.java:71) ~[junit-jupiter-engine-6.0.1.jar:6.0.1]
	at org.junit.jupiter.engine.descriptor.TestMethodTestDescriptor.lambda$invokeTestMethod$0(TestMethodTestDescriptor.java:219) ~[junit-jupiter-engine-6.0.1.jar:6.0.1]
	at org.junit.platform.engine.support.hierarchical.ThrowableCollector.execute(ThrowableCollector.java:74) ~[junit-platform-engine-6.0.1.jar:6.0.1]
	at org.junit.jupiter.engine.descriptor.TestMethodTestDescriptor.invokeTestMethod(TestMethodTestDescriptor.java:215) ~[junit-jupiter-engine-6.0.1.jar:6.0.1]
	at org.junit.jupiter.engine.descriptor.TestMethodTestDescriptor.execute(TestMethodTestDescriptor.java:157) ~[junit-jupiter-engine-6.0.1.jar:6.0.1]
	at org.junit.jupiter.engine.descriptor.TestMethodTestDescriptor.execute(TestMethodTestDescriptor.java:70) ~[junit-jupiter-engine-6.0.1.jar:6.0.1]
	at org.junit.platform.engine.support.hierarchical.NodeTestTask.lambda$executeRecursively$2(NodeTestTask.java:176) ~[junit-platform-engine-6.0.1.jar:6.0.1]
	at org.junit.platform.engine.support.hierarchical.ThrowableCollector.execute(ThrowableCollector.java:74) ~[junit-platform-engine-6.0.1.jar:6.0.1]
	at org.junit.platform.engine.support.hierarchical.NodeTestTask.lambda$executeRecursively$1(NodeTestTask.java:166) ~[junit-platform-engine-6.0.1.jar:6.0.1]
	at org.junit.platform.engine.support.hierarchical.Node.around(Node.java:138) ~[junit-platform-engine-6.0.1.jar:6.0.1]
	at org.junit.platform.engine.support.hierarchical.NodeTestTask.lambda$executeRecursively$0(NodeTestTask.java:164) ~[junit-platform-engine-6.0.1.jar:6.0.1]
	at org.junit.platform.engine.support.hierarchical.ThrowableCollector.execute(ThrowableCollector.java:74) ~[junit-platform-engine-6.0.1.jar:6.0.1]
	at org.junit.platform.engine.support.hierarchical.NodeTestTask.executeRecursively(NodeTestTask.java:163) ~[junit-platform-engine-6.0.1.jar:6.0.1]
	at org.junit.platform.engine.support.hierarchical.NodeTestTask.execute(NodeTestTask.java:116) ~[junit-platform-engine-6.0.1.jar:6.0.1]
	at java.base/java.util.ArrayList.forEach(ArrayList.java:1596) ~[na:na]
	at org.junit.platform.engine.support.hierarchical.SameThreadHierarchicalTestExecutorService.invokeAll(SameThreadHierarchicalTestExecutorService.java:42) ~[junit-platform-engine-6.0.1.jar:6.0.1]
	at org.junit.platform.engine.support.hierarchical.NodeTestTask.lambda$executeRecursively$2(NodeTestTask.java:180) ~[junit-platform-engine-6.0.1.jar:6.0.1]
	at org.junit.platform.engine.support.hierarchical.ThrowableCollector.execute(ThrowableCollector.java:74) ~[junit-platform-engine-6.0.1.jar:6.0.1]
	at org.junit.platform.engine.support.hierarchical.NodeTestTask.lambda$executeRecursively$1(NodeTestTask.java:166) ~[junit-platform-engine-6.0.1.jar:6.0.1]
	at org.junit.platform.engine.support.hierarchical.Node.around(Node.java:138) ~[junit-platform-engine-6.0.1.jar:6.0.1]
	at org.junit.platform.engine.support.hierarchical.NodeTestTask.lambda$executeRecursively$0(NodeTestTask.java:164) ~[junit-platform-engine-6.0.1.jar:6.0.1]
	at org.junit.platform.engine.support.hierarchical.ThrowableCollector.execute(ThrowableCollector.java:74) ~[junit-platform-engine-6.0.1.jar:6.0.1]
	at org.junit.platform.engine.support.hierarchical.NodeTestTask.executeRecursively(NodeTestTask.java:163) ~[junit-platform-engine-6.0.1.jar:6.0.1]
	at org.junit.platform.engine.support.hierarchical.NodeTestTask.execute(NodeTestTask.java:116) ~[junit-platform-engine-6.0.1.jar:6.0.1]
	at java.base/java.util.ArrayList.forEach(ArrayList.java:1596) ~[na:na]
	at org.junit.platform.engine.support.hierarchical.SameThreadHierarchicalTestExecutorService.invokeAll(SameThreadHierarchicalTestExecutorService.java:42) ~[junit-platform-engine-6.0.1.jar:6.0.1]
	at org.junit.platform.engine.support.hierarchical.NodeTestTask.lambda$executeRecursively$2(NodeTestTask.java:180) ~[junit-platform-engine-6.0.1.jar:6.0.1]
	at org.junit.platform.engine.support.hierarchical.ThrowableCollector.execute(ThrowableCollector.java:74) ~[junit-platform-engine-6.0.1.jar:6.0.1]
	at org.junit.platform.engine.support.hierarchical.NodeTestTask.lambda$executeRecursively$1(NodeTestTask.java:166) ~[junit-platform-engine-6.0.1.jar:6.0.1]
	at org.junit.platform.engine.support.hierarchical.Node.around(Node.java:138) ~[junit-platform-engine-6.0.1.jar:6.0.1]
	at org.junit.platform.engine.support.hierarchical.NodeTestTask.lambda$executeRecursively$0(NodeTestTask.java:164) ~[junit-platform-engine-6.0.1.jar:6.0.1]
	at org.junit.platform.engine.support.hierarchical.ThrowableCollector.execute(ThrowableCollector.java:74) ~[junit-platform-engine-6.0.1.jar:6.0.1]
	at org.junit.platform.engine.support.hierarchical.NodeTestTask.executeRecursively(NodeTestTask.java:163) ~[junit-platform-engine-6.0.1.jar:6.0.1]
	at org.junit.platform.engine.support.hierarchical.NodeTestTask.execute(NodeTestTask.java:116) ~[junit-platform-engine-6.0.1.jar:6.0.1]
	at org.junit.platform.engine.support.hierarchical.SameThreadHierarchicalTestExecutorService.submit(SameThreadHierarchicalTestExecutorService.java:36) ~[junit-platform-engine-6.0.1.jar:6.0.1]
	at org.junit.platform.engine.support.hierarchical.HierarchicalTestExecutor.execute(HierarchicalTestExecutor.java:52) ~[junit-platform-engine-6.0.1.jar:6.0.1]
	at org.junit.platform.engine.support.hierarchical.HierarchicalTestEngine.execute(HierarchicalTestEngine.java:58) ~[junit-platform-engine-6.0.1.jar:6.0.1]
	at org.junit.platform.launcher.core.EngineExecutionOrchestrator.executeEngine(EngineExecutionOrchestrator.java:246) ~[junit-platform-launcher-6.0.1.jar:6.0.1]
	at org.junit.platform.launcher.core.EngineExecutionOrchestrator.failOrExecuteEngine(EngineExecutionOrchestrator.java:218) ~[junit-platform-launcher-6.0.1.jar:6.0.1]
	at org.junit.platform.launcher.core.EngineExecutionOrchestrator.execute(EngineExecutionOrchestrator.java:179) ~[junit-platform-launcher-6.0.1.jar:6.0.1]
	at org.junit.platform.launcher.core.EngineExecutionOrchestrator.execute(EngineExecutionOrchestrator.java:108) ~[junit-platform-launcher-6.0.1.jar:6.0.1]
	at org.junit.platform.launcher.core.EngineExecutionOrchestrator.lambda$execute$0(EngineExecutionOrchestrator.java:66) ~[junit-platform-launcher-6.0.1.jar:6.0.1]
	at org.junit.platform.launcher.core.EngineExecutionOrchestrator.withInterceptedStreams(EngineExecutionOrchestrator.java:157) ~[junit-platform-launcher-6.0.1.jar:6.0.1]
	at org.junit.platform.launcher.core.EngineExecutionOrchestrator.execute(EngineExecutionOrchestrator.java:65) ~[junit-platform-launcher-6.0.1.jar:6.0.1]
	at org.junit.platform.launcher.core.DefaultLauncher.execute(DefaultLauncher.java:125) ~[junit-platform-launcher-6.0.1.jar:6.0.1]
	at org.junit.platform.launcher.core.DefaultLauncher.execute(DefaultLauncher.java:114) ~[junit-platform-launcher-6.0.1.jar:6.0.1]
	at org.junit.platform.launcher.core.DelegatingLauncher.execute(DelegatingLauncher.java:58) ~[junit-platform-launcher-6.0.1.jar:6.0.1]
	at org.junit.platform.launcher.core.InterceptingLauncher.lambda$execute$2(InterceptingLauncher.java:57) ~[junit-platform-launcher-6.0.1.jar:6.0.1]
	at org.junit.platform.launcher.core.ClasspathAlignmentCheckingLauncherInterceptor.intercept(ClasspathAlignmentCheckingLauncherInterceptor.java:25) ~[junit-platform-launcher-6.0.1.jar:6.0.1]
	at org.junit.platform.launcher.core.InterceptingLauncher.execute(InterceptingLauncher.java:56) ~[junit-platform-launcher-6.0.1.jar:6.0.1]
	at org.junit.platform.launcher.core.DelegatingLauncher.execute(DelegatingLauncher.java:58) ~[junit-platform-launcher-6.0.1.jar:6.0.1]
	at java.base/jdk.internal.reflect.DirectMethodHandleAccessor.invoke(DirectMethodHandleAccessor.java:103) ~[na:na]
	at java.base/java.lang.reflect.Method.invoke(Method.java:580) ~[na:na]
	at org.apache.maven.surefire.api.util.ReflectionUtils.invokeMethodWithArray(ReflectionUtils.java:125) ~[surefire-api-3.5.4.jar:3.5.4]
	at org.apache.maven.surefire.junitplatform.LauncherAdapter.executeWithCancellationToken(LauncherAdapter.java:68) ~[surefire-junit-platform-3.5.4.jar:3.5.4]
	at org.apache.maven.surefire.junitplatform.LauncherAdapter.execute(LauncherAdapter.java:54) ~[surefire-junit-platform-3.5.4.jar:3.5.4]
	at org.apache.maven.surefire.junitplatform.JUnitPlatformProvider.execute(JUnitPlatformProvider.java:203) ~[surefire-junit-platform-3.5.4.jar:3.5.4]
	at org.apache.maven.surefire.junitplatform.JUnitPlatformProvider.invokeAllTests(JUnitPlatformProvider.java:168) ~[surefire-junit-platform-3.5.4.jar:3.5.4]
	at org.apache.maven.surefire.junitplatform.JUnitPlatformProvider.invoke(JUnitPlatformProvider.java:136) ~[surefire-junit-platform-3.5.4.jar:3.5.4]
	at org.apache.maven.surefire.booter.ForkedBooter.runSuitesInProcess(ForkedBooter.java:385) ~[surefire-booter-3.5.4.jar:3.5.4]
	at org.apache.maven.surefire.booter.ForkedBooter.execute(ForkedBooter.java:162) ~[surefire-booter-3.5.4.jar:3.5.4]
	at org.apache.maven.surefire.booter.ForkedBooter.run(ForkedBooter.java:507) ~[surefire-booter-3.5.4.jar:3.5.4]
	at org.apache.maven.surefire.booter.ForkedBooter.main(ForkedBooter.java:495) ~[surefire-booter-3.5.4.jar:3.5.4]

2026-07-15T15:48:34.320+05:30  INFO 19844 --- [asg-shipping] [main] c.a.s.v.service.VesselMasterServiceImpl  : Successfully retrieved vessel with id: 1
2026-07-15T15:48:34.324+05:30  INFO 19844 --- [asg-shipping] [main] c.a.s.v.service.VesselMasterServiceImpl  : Getting vessel with id: 1
2026-07-15T15:48:34.324+05:30  INFO 19844 --- [asg-shipping] [main] c.a.s.v.service.VesselMasterServiceImpl  : Successfully retrieved vessel with id: 1
2026-07-15T15:48:34.338+05:30  INFO 19844 --- [asg-shipping] [main] c.a.s.v.service.VesselMasterServiceImpl  : Updating vessel with id: 1
2026-07-15T15:48:34.339+05:30  INFO 19844 --- [asg-shipping] [main] c.a.s.v.service.VesselMasterServiceImpl  : Successfully updated vessel with id: 1
2026-07-15T15:48:34.342+05:30  INFO 19844 --- [asg-shipping] [main] c.a.s.v.service.VesselMasterServiceImpl  : Toggling active status for vessel with id: 1
2026-07-15T15:48:34.343+05:30  INFO 19844 --- [asg-shipping] [main] c.a.s.v.service.VesselMasterServiceImpl  : Successfully toggled active status for vessel with id: 1 to Y
2026-07-15T15:48:34.349+05:30  INFO 19844 --- [asg-shipping] [main] c.a.s.v.service.VesselMasterServiceImpl  : Searching vessels with page: 0, size: 20
2026-07-15T15:48:34.355+05:30  INFO 19844 --- [asg-shipping] [main] c.a.s.v.service.VesselMasterServiceImpl  : Creating vessel with code: VSL002, name: New Vessel
2026-07-15T15:48:34.355+05:30  INFO 19844 --- [asg-shipping] [main] c.a.s.v.service.VesselMasterServiceImpl  : Successfully created vessel with id: 2
2026-07-15T15:48:34.359+05:30  INFO 19844 --- [asg-shipping] [main] c.a.s.v.service.VesselMasterServiceImpl  : Getting vessel with id: 1
2026-07-15T15:48:34.359+05:30  WARN 19844 --- [asg-shipping] [main] c.a.s.v.service.VesselMasterServiceImpl  : Failed to fetch some LOV data

java.lang.RuntimeException: LOV Error
	at com.asg.shipping.vesselmaster.service.VesselMasterServiceImpl.enrichDtoWithLovData(VesselMasterServiceImpl.java:208) ~[classes/:na]
	at com.asg.shipping.vesselmaster.service.VesselMasterServiceImpl.getVessel(VesselMasterServiceImpl.java:83) ~[classes/:na]
	at com.asg.shipping.vesselmaster.service.VesselMasterServiceImplTest.getVessel_WithLovException_ContinuesGracefully(VesselMasterServiceImplTest.java:288) ~[test-classes/:na]
	at java.base/jdk.internal.reflect.DirectMethodHandleAccessor.invoke(DirectMethodHandleAccessor.java:103) ~[na:na]
	at java.base/java.lang.reflect.Method.invoke(Method.java:580) ~[na:na]
	at org.junit.platform.commons.util.ReflectionUtils.invokeMethod(ReflectionUtils.java:701) ~[junit-platform-commons-6.0.1.jar:6.0.1]
	at org.junit.platform.commons.support.ReflectionSupport.invokeMethod(ReflectionSupport.java:502) ~[junit-platform-commons-6.0.1.jar:6.0.1]
	at org.junit.jupiter.engine.support.MethodReflectionUtils.invoke(MethodReflectionUtils.java:45) ~[junit-jupiter-engine-6.0.1.jar:6.0.1]
	at org.junit.jupiter.engine.execution.MethodInvocation.proceed(MethodInvocation.java:61) ~[junit-jupiter-engine-6.0.1.jar:6.0.1]
	at org.junit.jupiter.engine.execution.InvocationInterceptorChain$ValidatingInvocation.proceed(InvocationInterceptorChain.java:124) ~[junit-jupiter-engine-6.0.1.jar:6.0.1]
	at org.junit.jupiter.engine.extension.TimeoutExtension.intercept(TimeoutExtension.java:163) ~[junit-jupiter-engine-6.0.1.jar:6.0.1]
	at org.junit.jupiter.engine.extension.TimeoutExtension.interceptTestableMethod(TimeoutExtension.java:148) ~[junit-jupiter-engine-6.0.1.jar:6.0.1]
	at org.junit.jupiter.engine.extension.TimeoutExtension.interceptTestMethod(TimeoutExtension.java:86) ~[junit-jupiter-engine-6.0.1.jar:6.0.1]
	at org.junit.jupiter.engine.execution.InterceptingExecutableInvoker$ReflectiveInterceptorCall.lambda$ofVoidMethod$0(InterceptingExecutableInvoker.java:123) ~[junit-jupiter-engine-6.0.1.jar:6.0.1]
	at org.junit.jupiter.engine.execution.InterceptingExecutableInvoker.lambda$invoke$0(InterceptingExecutableInvoker.java:105) ~[junit-jupiter-engine-6.0.1.jar:6.0.1]
	at org.junit.jupiter.engine.execution.InvocationInterceptorChain$InterceptedInvocation.proceed(InvocationInterceptorChain.java:99) ~[junit-jupiter-engine-6.0.1.jar:6.0.1]
	at org.junit.jupiter.engine.execution.InvocationInterceptorChain.proceed(InvocationInterceptorChain.java:66) ~[junit-jupiter-engine-6.0.1.jar:6.0.1]
	at org.junit.jupiter.engine.execution.InvocationInterceptorChain.chainAndInvoke(InvocationInterceptorChain.java:47) ~[junit-jupiter-engine-6.0.1.jar:6.0.1]
	at org.junit.jupiter.engine.execution.InvocationInterceptorChain.invoke(InvocationInterceptorChain.java:39) ~[junit-jupiter-engine-6.0.1.jar:6.0.1]
	at org.junit.jupiter.engine.execution.InterceptingExecutableInvoker.invoke(InterceptingExecutableInvoker.java:104) ~[junit-jupiter-engine-6.0.1.jar:6.0.1]
	at org.junit.jupiter.engine.execution.InterceptingExecutableInvoker.invoke(InterceptingExecutableInvoker.java:98) ~[junit-jupiter-engine-6.0.1.jar:6.0.1]
	at org.junit.jupiter.engine.execution.InterceptingExecutableInvoker.invokeVoid(InterceptingExecutableInvoker.java:71) ~[junit-jupiter-engine-6.0.1.jar:6.0.1]
	at org.junit.jupiter.engine.descriptor.TestMethodTestDescriptor.lambda$invokeTestMethod$0(TestMethodTestDescriptor.java:219) ~[junit-jupiter-engine-6.0.1.jar:6.0.1]
	at org.junit.platform.engine.support.hierarchical.ThrowableCollector.execute(ThrowableCollector.java:74) ~[junit-platform-engine-6.0.1.jar:6.0.1]
	at org.junit.jupiter.engine.descriptor.TestMethodTestDescriptor.invokeTestMethod(TestMethodTestDescriptor.java:215) ~[junit-jupiter-engine-6.0.1.jar:6.0.1]
	at org.junit.jupiter.engine.descriptor.TestMethodTestDescriptor.execute(TestMethodTestDescriptor.java:157) ~[junit-jupiter-engine-6.0.1.jar:6.0.1]
	at org.junit.jupiter.engine.descriptor.TestMethodTestDescriptor.execute(TestMethodTestDescriptor.java:70) ~[junit-jupiter-engine-6.0.1.jar:6.0.1]
	at org.junit.platform.engine.support.hierarchical.NodeTestTask.lambda$executeRecursively$2(NodeTestTask.java:176) ~[junit-platform-engine-6.0.1.jar:6.0.1]
	at org.junit.platform.engine.support.hierarchical.ThrowableCollector.execute(ThrowableCollector.java:74) ~[junit-platform-engine-6.0.1.jar:6.0.1]
	at org.junit.platform.engine.support.hierarchical.NodeTestTask.lambda$executeRecursively$1(NodeTestTask.java:166) ~[junit-platform-engine-6.0.1.jar:6.0.1]
	at org.junit.platform.engine.support.hierarchical.Node.around(Node.java:138) ~[junit-platform-engine-6.0.1.jar:6.0.1]
	at org.junit.platform.engine.support.hierarchical.NodeTestTask.lambda$executeRecursively$0(NodeTestTask.java:164) ~[junit-platform-engine-6.0.1.jar:6.0.1]
	at org.junit.platform.engine.support.hierarchical.ThrowableCollector.execute(ThrowableCollector.java:74) ~[junit-platform-engine-6.0.1.jar:6.0.1]
	at org.junit.platform.engine.support.hierarchical.NodeTestTask.executeRecursively(NodeTestTask.java:163) ~[junit-platform-engine-6.0.1.jar:6.0.1]
	at org.junit.platform.engine.support.hierarchical.NodeTestTask.execute(NodeTestTask.java:116) ~[junit-platform-engine-6.0.1.jar:6.0.1]
	at java.base/java.util.ArrayList.forEach(ArrayList.java:1596) ~[na:na]
	at org.junit.platform.engine.support.hierarchical.SameThreadHierarchicalTestExecutorService.invokeAll(SameThreadHierarchicalTestExecutorService.java:42) ~[junit-platform-engine-6.0.1.jar:6.0.1]
	at org.junit.platform.engine.support.hierarchical.NodeTestTask.lambda$executeRecursively$2(NodeTestTask.java:180) ~[junit-platform-engine-6.0.1.jar:6.0.1]
	at org.junit.platform.engine.support.hierarchical.ThrowableCollector.execute(ThrowableCollector.java:74) ~[junit-platform-engine-6.0.1.jar:6.0.1]
	at org.junit.platform.engine.support.hierarchical.NodeTestTask.lambda$executeRecursively$1(NodeTestTask.java:166) ~[junit-platform-engine-6.0.1.jar:6.0.1]
	at org.junit.platform.engine.support.hierarchical.Node.around(Node.java:138) ~[junit-platform-engine-6.0.1.jar:6.0.1]
	at org.junit.platform.engine.support.hierarchical.NodeTestTask.lambda$executeRecursively$0(NodeTestTask.java:164) ~[junit-platform-engine-6.0.1.jar:6.0.1]
	at org.junit.platform.engine.support.hierarchical.ThrowableCollector.execute(ThrowableCollector.java:74) ~[junit-platform-engine-6.0.1.jar:6.0.1]
	at org.junit.platform.engine.support.hierarchical.NodeTestTask.executeRecursively(NodeTestTask.java:163) ~[junit-platform-engine-6.0.1.jar:6.0.1]
	at org.junit.platform.engine.support.hierarchical.NodeTestTask.execute(NodeTestTask.java:116) ~[junit-platform-engine-6.0.1.jar:6.0.1]
	at java.base/java.util.ArrayList.forEach(ArrayList.java:1596) ~[na:na]
	at org.junit.platform.engine.support.hierarchical.SameThreadHierarchicalTestExecutorService.invokeAll(SameThreadHierarchicalTestExecutorService.java:42) ~[junit-platform-engine-6.0.1.jar:6.0.1]
	at org.junit.platform.engine.support.hierarchical.NodeTestTask.lambda$executeRecursively$2(NodeTestTask.java:180) ~[junit-platform-engine-6.0.1.jar:6.0.1]
	at org.junit.platform.engine.support.hierarchical.ThrowableCollector.execute(ThrowableCollector.java:74) ~[junit-platform-engine-6.0.1.jar:6.0.1]
	at org.junit.platform.engine.support.hierarchical.NodeTestTask.lambda$executeRecursively$1(NodeTestTask.java:166) ~[junit-platform-engine-6.0.1.jar:6.0.1]
	at org.junit.platform.engine.support.hierarchical.Node.around(Node.java:138) ~[junit-platform-engine-6.0.1.jar:6.0.1]
	at org.junit.platform.engine.support.hierarchical.NodeTestTask.lambda$executeRecursively$0(NodeTestTask.java:164) ~[junit-platform-engine-6.0.1.jar:6.0.1]
	at org.junit.platform.engine.support.hierarchical.ThrowableCollector.execute(ThrowableCollector.java:74) ~[junit-platform-engine-6.0.1.jar:6.0.1]
	at org.junit.platform.engine.support.hierarchical.NodeTestTask.executeRecursively(NodeTestTask.java:163) ~[junit-platform-engine-6.0.1.jar:6.0.1]
	at org.junit.platform.engine.support.hierarchical.NodeTestTask.execute(NodeTestTask.java:116) ~[junit-platform-engine-6.0.1.jar:6.0.1]
	at org.junit.platform.engine.support.hierarchical.SameThreadHierarchicalTestExecutorService.submit(SameThreadHierarchicalTestExecutorService.java:36) ~[junit-platform-engine-6.0.1.jar:6.0.1]
	at org.junit.platform.engine.support.hierarchical.HierarchicalTestExecutor.execute(HierarchicalTestExecutor.java:52) ~[junit-platform-engine-6.0.1.jar:6.0.1]
	at org.junit.platform.engine.support.hierarchical.HierarchicalTestEngine.execute(HierarchicalTestEngine.java:58) ~[junit-platform-engine-6.0.1.jar:6.0.1]
	at org.junit.platform.launcher.core.EngineExecutionOrchestrator.executeEngine(EngineExecutionOrchestrator.java:246) ~[junit-platform-launcher-6.0.1.jar:6.0.1]
	at org.junit.platform.launcher.core.EngineExecutionOrchestrator.failOrExecuteEngine(EngineExecutionOrchestrator.java:218) ~[junit-platform-launcher-6.0.1.jar:6.0.1]
	at org.junit.platform.launcher.core.EngineExecutionOrchestrator.execute(EngineExecutionOrchestrator.java:179) ~[junit-platform-launcher-6.0.1.jar:6.0.1]
	at org.junit.platform.launcher.core.EngineExecutionOrchestrator.execute(EngineExecutionOrchestrator.java:108) ~[junit-platform-launcher-6.0.1.jar:6.0.1]
	at org.junit.platform.launcher.core.EngineExecutionOrchestrator.lambda$execute$0(EngineExecutionOrchestrator.java:66) ~[junit-platform-launcher-6.0.1.jar:6.0.1]
	at org.junit.platform.launcher.core.EngineExecutionOrchestrator.withInterceptedStreams(EngineExecutionOrchestrator.java:157) ~[junit-platform-launcher-6.0.1.jar:6.0.1]
	at org.junit.platform.launcher.core.EngineExecutionOrchestrator.execute(EngineExecutionOrchestrator.java:65) ~[junit-platform-launcher-6.0.1.jar:6.0.1]
	at org.junit.platform.launcher.core.DefaultLauncher.execute(DefaultLauncher.java:125) ~[junit-platform-launcher-6.0.1.jar:6.0.1]
	at org.junit.platform.launcher.core.DefaultLauncher.execute(DefaultLauncher.java:114) ~[junit-platform-launcher-6.0.1.jar:6.0.1]
	at org.junit.platform.launcher.core.DelegatingLauncher.execute(DelegatingLauncher.java:58) ~[junit-platform-launcher-6.0.1.jar:6.0.1]
	at org.junit.platform.launcher.core.InterceptingLauncher.lambda$execute$2(InterceptingLauncher.java:57) ~[junit-platform-launcher-6.0.1.jar:6.0.1]
	at org.junit.platform.launcher.core.ClasspathAlignmentCheckingLauncherInterceptor.intercept(ClasspathAlignmentCheckingLauncherInterceptor.java:25) ~[junit-platform-launcher-6.0.1.jar:6.0.1]
	at org.junit.platform.launcher.core.InterceptingLauncher.execute(InterceptingLauncher.java:56) ~[junit-platform-launcher-6.0.1.jar:6.0.1]
	at org.junit.platform.launcher.core.DelegatingLauncher.execute(DelegatingLauncher.java:58) ~[junit-platform-launcher-6.0.1.jar:6.0.1]
	at java.base/jdk.internal.reflect.DirectMethodHandleAccessor.invoke(DirectMethodHandleAccessor.java:103) ~[na:na]
	at java.base/java.lang.reflect.Method.invoke(Method.java:580) ~[na:na]
	at org.apache.maven.surefire.api.util.ReflectionUtils.invokeMethodWithArray(ReflectionUtils.java:125) ~[surefire-api-3.5.4.jar:3.5.4]
	at org.apache.maven.surefire.junitplatform.LauncherAdapter.executeWithCancellationToken(LauncherAdapter.java:68) ~[surefire-junit-platform-3.5.4.jar:3.5.4]
	at org.apache.maven.surefire.junitplatform.LauncherAdapter.execute(LauncherAdapter.java:54) ~[surefire-junit-platform-3.5.4.jar:3.5.4]
	at org.apache.maven.surefire.junitplatform.JUnitPlatformProvider.execute(JUnitPlatformProvider.java:203) ~[surefire-junit-platform-3.5.4.jar:3.5.4]
	at org.apache.maven.surefire.junitplatform.JUnitPlatformProvider.invokeAllTests(JUnitPlatformProvider.java:168) ~[surefire-junit-platform-3.5.4.jar:3.5.4]
	at org.apache.maven.surefire.junitplatform.JUnitPlatformProvider.invoke(JUnitPlatformProvider.java:136) ~[surefire-junit-platform-3.5.4.jar:3.5.4]
	at org.apache.maven.surefire.booter.ForkedBooter.runSuitesInProcess(ForkedBooter.java:385) ~[surefire-booter-3.5.4.jar:3.5.4]
	at org.apache.maven.surefire.booter.ForkedBooter.execute(ForkedBooter.java:162) ~[surefire-booter-3.5.4.jar:3.5.4]
	at org.apache.maven.surefire.booter.ForkedBooter.run(ForkedBooter.java:507) ~[surefire-booter-3.5.4.jar:3.5.4]
	at org.apache.maven.surefire.booter.ForkedBooter.main(ForkedBooter.java:495) ~[surefire-booter-3.5.4.jar:3.5.4]

2026-07-15T15:48:34.362+05:30  INFO 19844 --- [asg-shipping] [main] c.a.s.v.service.VesselMasterServiceImpl  : Successfully retrieved vessel with id: 1
2026-07-15T15:48:34.369+05:30  INFO 19844 --- [asg-shipping] [main] c.a.s.v.service.VesselMasterServiceImpl  : Deleting vessel with id: 1
2026-07-15T15:48:34.373+05:30  INFO 19844 --- [asg-shipping] [main] c.a.s.v.service.VesselMasterServiceImpl  : Toggling active status for vessel with id: 1
2026-07-15T15:48:34.373+05:30  INFO 19844 --- [asg-shipping] [main] c.a.s.v.service.VesselMasterServiceImpl  : Successfully toggled active status for vessel with id: 1 to N
2026-07-15T15:48:34.377+05:30  INFO 19844 --- [asg-shipping] [main] c.a.s.v.service.VesselMasterServiceImpl  : Toggling active status for vessel with id: 1
2026-07-15T15:48:34.379+05:30  INFO 19844 --- [asg-shipping] [main] c.a.s.v.service.VesselMasterServiceImpl  : Successfully toggled active status for vessel with id: 1 to Y
2026-07-15T15:48:34.384+05:30  INFO 19844 --- [asg-shipping] [main] c.a.s.v.service.VesselMasterServiceImpl  : Toggling active status for vessel with id: 1
2026-07-15T15:48:34.388+05:30  INFO 19844 --- [asg-shipping] [main] c.a.s.v.service.VesselMasterServiceImpl  : Updating vessel with id: 1
2026-07-15T15:48:34.392+05:30  INFO 19844 --- [asg-shipping] [main] c.a.s.v.service.VesselMasterServiceImpl  : Getting vessel with id: 1
2026-07-15T15:48:34.603+05:30  INFO 19844 --- [asg-shipping] [main] c.a.s.v.c.VesselTypeMasterController     : Creating vessel type with code: VT001, groupId: 1, userPoid: 1
2026-07-15T15:48:34.603+05:30  INFO 19844 --- [asg-shipping] [main] c.a.s.v.c.VesselTypeMasterController     : Successfully created vessel type with id: 1
2026-07-15T15:48:34.607+05:30  INFO 19844 --- [asg-shipping] [main] c.a.s.v.c.VesselTypeMasterController     : Searching vessel types with page: 0, size: 10, sort: vesselTypeName,desc
2026-07-15T15:48:34.607+05:30  INFO 19844 --- [asg-shipping] [main] c.a.s.v.c.VesselTypeMasterController     : Successfully retrieved vessel types
2026-07-15T15:48:34.613+05:30  INFO 19844 --- [asg-shipping] [main] c.a.s.v.c.VesselTypeMasterController     : deleteVesselType started for companyPoid=1 groupPoid=1
2026-07-15T15:48:34.614+05:30  INFO 19844 --- [asg-shipping] [main] c.a.s.v.c.VesselTypeMasterController     : deleteVesselType completed for companyPoid=1 groupPoid=1
2026-07-15T15:48:34.618+05:30  INFO 19844 --- [asg-shipping] [main] c.a.s.v.c.VesselTypeMasterController     : Searching vessel types with page: 0, size: 10, sort: invalidFormat
2026-07-15T15:48:34.618+05:30  INFO 19844 --- [asg-shipping] [main] c.a.s.v.c.VesselTypeMasterController     : Successfully retrieved vessel types
2026-07-15T15:48:34.619+05:30  INFO 19844 --- [asg-shipping] [main] c.a.s.v.c.VesselTypeMasterController     : Getting vessel type with id: 1
2026-07-15T15:48:34.619+05:30  INFO 19844 --- [asg-shipping] [main] c.a.s.v.c.VesselTypeMasterController     : Successfully retrieved vessel type with id: 1
2026-07-15T15:48:34.622+05:30  INFO 19844 --- [asg-shipping] [main] c.a.s.v.c.VesselTypeMasterController     : Toggling active status for vessel type with id: 1
2026-07-15T15:48:34.626+05:30  INFO 19844 --- [asg-shipping] [main] c.a.s.v.c.VesselTypeMasterController     : Getting vessel type with id: 1
2026-07-15T15:48:34.632+05:30  INFO 19844 --- [asg-shipping] [main] c.a.s.v.c.VesselTypeMasterController     : deleteVesselType started for companyPoid=1 groupPoid=1
2026-07-15T15:48:34.632+05:30  INFO 19844 --- [asg-shipping] [main] c.a.s.v.c.VesselTypeMasterController     : deleteVesselType completed for companyPoid=1 groupPoid=1
2026-07-15T15:48:34.637+05:30  INFO 19844 --- [asg-shipping] [main] c.a.s.v.c.VesselTypeMasterController     : Creating vessel type with code: VT001, groupId: 1, userPoid: 1
2026-07-15T15:48:34.640+05:30  INFO 19844 --- [asg-shipping] [main] c.a.s.v.c.VesselTypeMasterController     : Toggling active status for vessel type with id: 1
2026-07-15T15:48:34.640+05:30  INFO 19844 --- [asg-shipping] [main] c.a.s.v.c.VesselTypeMasterController     : Successfully toggled active status for vessel type with id: 1
2026-07-15T15:48:34.643+05:30  INFO 19844 --- [asg-shipping] [main] c.a.s.v.c.VesselTypeMasterController     : Updating vessel type with id: 1, groupId: 1, userPoid: 1
2026-07-15T15:48:34.643+05:30  INFO 19844 --- [asg-shipping] [main] c.a.s.v.c.VesselTypeMasterController     : Successfully updated vessel type with id: 1
2026-07-15T15:48:34.650+05:30  INFO 19844 --- [asg-shipping] [main] c.a.s.v.c.VesselTypeMasterController     : Searching vessel types with page: 0, size: 10, sort: unknownField,asc
2026-07-15T15:48:34.651+05:30  INFO 19844 --- [asg-shipping] [main] c.a.s.v.c.VesselTypeMasterController     : Successfully retrieved vessel types
2026-07-15T15:48:34.654+05:30  INFO 19844 --- [asg-shipping] [main] c.a.s.v.c.VesselTypeMasterController     : Searching vessel types with page: 0, size: 20, sort: vesselTypeName,asc
2026-07-15T15:48:34.654+05:30  INFO 19844 --- [asg-shipping] [main] c.a.s.v.c.VesselTypeMasterController     : Successfully retrieved vessel types
2026-07-15T15:48:34.658+05:30  INFO 19844 --- [asg-shipping] [main] c.a.s.v.c.VesselTypeMasterController     : deleteVesselType started for companyPoid=1 groupPoid=1
2026-07-15T15:48:34.666+05:30  INFO 19844 --- [asg-shipping] [main] c.a.s.v.c.VesselTypeMasterController     : Searching vessel types with page: 0, size: 20, sort: null
2026-07-15T15:48:34.668+05:30  INFO 19844 --- [asg-shipping] [main] c.a.s.v.c.VesselTypeMasterController     : Successfully retrieved vessel types
2026-07-15T15:48:34.672+05:30  INFO 19844 --- [asg-shipping] [main] c.a.s.v.c.VesselTypeMasterController     : Searching vessel types with page: 0, size: 10, sort: vesselTypeCode,asc
2026-07-15T15:48:34.672+05:30  INFO 19844 --- [asg-shipping] [main] c.a.s.v.c.VesselTypeMasterController     : Successfully retrieved vessel types
2026-07-15T15:48:34.672+05:30  INFO 19844 --- [asg-shipping] [main] c.a.s.v.c.VesselTypeMasterController     : Searching vessel types with page: 0, size: 10, sort: vesselTypeName2,asc
2026-07-15T15:48:34.673+05:30  INFO 19844 --- [asg-shipping] [main] c.a.s.v.c.VesselTypeMasterController     : Successfully retrieved vessel types
2026-07-15T15:48:34.673+05:30  INFO 19844 --- [asg-shipping] [main] c.a.s.v.c.VesselTypeMasterController     : Searching vessel types with page: 0, size: 10, sort: createdDate,asc
2026-07-15T15:48:34.673+05:30  INFO 19844 --- [asg-shipping] [main] c.a.s.v.c.VesselTypeMasterController     : Successfully retrieved vessel types
2026-07-15T15:48:34.673+05:30  INFO 19844 --- [asg-shipping] [main] c.a.s.v.c.VesselTypeMasterController     : Searching vessel types with page: 0, size: 10, sort: lastmodifiedDate,asc
2026-07-15T15:48:34.674+05:30  INFO 19844 --- [asg-shipping] [main] c.a.s.v.c.VesselTypeMasterController     : Successfully retrieved vessel types
2026-07-15T15:48:34.681+05:30  INFO 19844 --- [asg-shipping] [main] c.a.s.v.c.VesselTypeMasterController     : Updating vessel type with id: 1, groupId: 1, userPoid: 1
2026-07-15T15:48:34.974+05:30  INFO 19844 --- [asg-shipping] [main] c.a.s.v.service.VesselTypeServiceImpl    : Creating vessel type with code: VT001, groupId: 1, userPoid: 1
2026-07-15T15:48:34.974+05:30  INFO 19844 --- [asg-shipping] [main] c.a.s.v.service.VesselTypeServiceImpl    : Successfully created vessel type with id: 1
2026-07-15T15:48:34.980+05:30  INFO 19844 --- [asg-shipping] [main] c.a.s.v.service.VesselTypeServiceImpl    : deleteVesselType started for vesselTypeId=1 companyPoid=1 groupPoid=1
2026-07-15T15:48:34.981+05:30  INFO 19844 --- [asg-shipping] [main] c.a.s.v.service.VesselTypeServiceImpl    : deleteVesselType completed for vesselTypeId=1 companyPoid=1
2026-07-15T15:48:34.985+05:30  INFO 19844 --- [asg-shipping] [main] c.a.s.v.service.VesselTypeServiceImpl    : Getting vessel type with id: 1
2026-07-15T15:48:34.986+05:30  INFO 19844 --- [asg-shipping] [main] c.a.s.v.service.VesselTypeServiceImpl    : Successfully retrieved vessel type with id: 1
2026-07-15T15:48:34.989+05:30  INFO 19844 --- [asg-shipping] [main] c.a.s.v.service.VesselTypeServiceImpl    : Toggling active status for vessel type with id: 1
2026-07-15T15:48:34.992+05:30  INFO 19844 --- [asg-shipping] [main] c.a.s.v.service.VesselTypeServiceImpl    : Updating vessel type with id: 1, groupId: 1, userPoid: 1
2026-07-15T15:48:34.998+05:30  INFO 19844 --- [asg-shipping] [main] c.a.s.v.service.VesselTypeServiceImpl    : Getting vessel type with id: 1
2026-07-15T15:48:35.002+05:30  INFO 19844 --- [asg-shipping] [main] c.a.s.v.service.VesselTypeServiceImpl    : Creating vessel type with code: VT001, groupId: 1, userPoid: 1
2026-07-15T15:48:35.006+05:30  INFO 19844 --- [asg-shipping] [main] c.a.s.v.service.VesselTypeServiceImpl    : Creating vessel type with code: VT001, groupId: 1, userPoid: 1
2026-07-15T15:48:35.008+05:30  INFO 19844 --- [asg-shipping] [main] c.a.s.v.service.VesselTypeServiceImpl    : Updating vessel type with id: 1, groupId: 1, userPoid: 1
2026-07-15T15:48:35.010+05:30  INFO 19844 --- [asg-shipping] [main] c.a.s.v.service.VesselTypeServiceImpl    : Successfully updated vessel type with id: 1
2026-07-15T15:48:35.017+05:30  INFO 19844 --- [asg-shipping] [main] c.a.s.v.service.VesselTypeServiceImpl    : Toggling active status for vessel type with id: 1
2026-07-15T15:48:35.018+05:30  INFO 19844 --- [asg-shipping] [main] c.a.s.v.service.VesselTypeServiceImpl    : Successfully toggled active status for vessel type with id: 1 to Y
2026-07-15T15:48:35.021+05:30  INFO 19844 --- [asg-shipping] [main] c.a.s.v.service.VesselTypeServiceImpl    : Toggling active status for vessel type with id: 1
2026-07-15T15:48:35.023+05:30  INFO 19844 --- [asg-shipping] [main] c.a.s.v.service.VesselTypeServiceImpl    : Successfully toggled active status for vessel type with id: 1 to N
2026-07-15T15:48:35.025+05:30  INFO 19844 --- [asg-shipping] [main] c.a.s.v.service.VesselTypeServiceImpl    : Searching vessel types with docId: 100-003, page: 0, size: 20
2026-07-15T15:48:35.031+05:30  INFO 19844 --- [asg-shipping] [main] c.a.s.v.service.VesselTypeServiceImpl    : Searching vessel types with docId: 100-003, page: 0, size: 20
2026-07-15T15:48:35.037+05:30  INFO 19844 --- [asg-shipping] [main] c.a.s.v.service.VesselTypeServiceImpl    : deleteVesselType started for vesselTypeId=1 companyPoid=1 groupPoid=1
2026-07-15T15:48:35.041+05:30  INFO 19844 --- [asg-shipping] [main] c.a.s.v.service.VesselTypeServiceImpl    : deleteVesselType started for vesselTypeId=1 companyPoid=1 groupPoid=1
2026-07-15T15:48:35.041+05:30  WARN 19844 --- [asg-shipping] [main] c.a.s.v.service.VesselTypeServiceImpl    : deleteVesselType found companyPoid=1 vesselTypeId=1 already deleted
2026-07-15T15:48:35.046+05:30  INFO 19844 --- [asg-shipping] [main] c.a.s.v.service.VesselTypeServiceImpl    : Updating vessel type with id: 1, groupId: 1, userPoid: 1
2026-07-15T15:48:35.229+05:30  INFO 19844 --- [asg-shipping] [main] c.a.s.v.c.VesselVoyageController         : Action=TEST_ACTION | List voyages | page=0 size=20 docId=DOC123 startDate=null endDate=null groupPoid=1 companyPoid=2 userPoid=3
2026-07-15T15:48:35.234+05:30  INFO 19844 --- [asg-shipping] [main] c.a.s.v.c.VesselVoyageController         : Action=TEST_ACTION | Download Excel export | voyagePoid=10 type=transhipment-discharge
2026-07-15T15:48:35.237+05:30  INFO 19844 --- [asg-shipping] [main] c.a.s.v.c.VesselVoyageController         : Action=TEST_ACTION | List voyages | page=0 size=20 docId=DOC123 startDate=2026-01-01 endDate=null groupPoid=1 companyPoid=2 userPoid=3
2026-07-15T15:48:35.241+05:30  INFO 19844 --- [asg-shipping] [main] c.a.s.v.c.VesselVoyageController         : Action=TEST_ACTION | List voyages | page=0 size=20 docId=DOC123 startDate=2026-01-01 endDate=2026-12-31 groupPoid=1 companyPoid=2 userPoid=3
2026-07-15T15:48:35.255+05:30  INFO 19844 --- [asg-shipping] [main] c.a.s.v.c.VesselVoyageController         : Action=TEST_ACTION | Get voyage | voyagePoid=10 groupPoid=1 companyPoid=2 userPoid=3
2026-07-15T15:48:35.256+05:30  INFO 19844 --- [asg-shipping] [main] c.a.s.v.c.VesselVoyageController         : Action=TEST_ACTION | Create voyage | voyageNo=null linePoid=null vesselPoid=null groupPoid=1 companyPoid=2 userId=user1
2026-07-15T15:48:35.256+05:30  INFO 19844 --- [asg-shipping] [main] c.a.s.v.c.VesselVoyageController         : Action=TEST_ACTION | Update voyage | voyagePoid=10 voyageNo=null linePoid=null vesselPoid=null userId=user1
2026-07-15T15:48:35.257+05:30  INFO 19844 --- [asg-shipping] [main] c.a.s.v.c.VesselVoyageController         : Action=TEST_ACTION | List BLs | voyagePoid=10 tab=HOLD filter=ALL page=0 size=20
2026-07-15T15:48:35.258+05:30  INFO 19844 --- [asg-shipping] [main] c.a.s.v.c.VesselVoyageController         : Action=TEST_ACTION | Get EDI errors | voyagePoid=10
2026-07-15T15:48:35.258+05:30  INFO 19844 --- [asg-shipping] [main] c.a.s.v.c.VesselVoyageController         : Action=TEST_ACTION | Reprocess EDI | voyagePoid=10
2026-07-15T15:48:35.258+05:30  INFO 19844 --- [asg-shipping] [main] c.a.s.v.c.VesselVoyageController         : Action=TEST_ACTION | Upload EDI | voyagePoid=10 fileName=test.edi size=4
2026-07-15T15:48:35.260+05:30  INFO 19844 --- [asg-shipping] [main] c.a.s.v.c.VesselVoyageController         : Action=TEST_ACTION | List transhipments | voyagePoid=10
2026-07-15T15:48:35.267+05:30  INFO 19844 --- [asg-shipping] [main] c.a.s.v.c.VesselVoyageController         : Action=TEST_ACTION | Update transhipments | voyagePoid=10 items=1
2026-07-15T15:48:35.269+05:30  INFO 19844 --- [asg-shipping] [main] c.a.s.v.c.VesselVoyageController         : Action=TEST_ACTION | Transfer transhipments | voyagePoid=10 targetVoyagePoid=20 detRowIds=[1, 2]
2026-07-15T15:48:35.269+05:30  INFO 19844 --- [asg-shipping] [main] c.a.s.v.c.VesselVoyageController         : Action=TEST_ACTION | Import HNJN transhipments | voyagePoid=10
2026-07-15T15:48:35.269+05:30  INFO 19844 --- [asg-shipping] [main] c.a.s.v.c.VesselVoyageController         : Action=TEST_ACTION | List currency | voyagePoid=10
2026-07-15T15:48:35.273+05:30  INFO 19844 --- [asg-shipping] [main] c.a.s.v.c.VesselVoyageController         : Action=TEST_ACTION | Update currency | voyagePoid=10 items=1
2026-07-15T15:48:35.273+05:30  INFO 19844 --- [asg-shipping] [main] c.a.s.v.c.VesselVoyageController         : Action=TEST_ACTION | Resend CAN | voyagePoid=10 blTransactionPoid=null
2026-07-15T15:48:35.274+05:30  INFO 19844 --- [asg-shipping] [main] c.a.s.v.c.VesselVoyageController         : Action=TEST_ACTION | Create empty manifest | voyagePoid=10
2026-07-15T15:48:35.274+05:30  INFO 19844 --- [asg-shipping] [main] c.a.s.v.c.VesselVoyageController         : Action=TEST_ACTION | Create TDR | voyagePoid=10 createEmptyManifestFirst=false
2026-07-15T15:48:35.274+05:30  INFO 19844 --- [asg-shipping] [main] c.a.s.v.c.VesselVoyageController         : Action=TEST_ACTION | Export COSCO EDI | voyagePoid=10 blPoid=null
2026-07-15T15:48:35.275+05:30  INFO 19844 --- [asg-shipping] [main] c.a.s.v.c.VesselVoyageController         : Action=TEST_ACTION | Import general cargo | voyagePoid=10
2026-07-15T15:48:35.275+05:30  INFO 19844 --- [asg-shipping] [main] c.a.s.v.c.VesselVoyageController         : Action=TEST_ACTION | Import selected XL | voyagePoid=10
2026-07-15T15:48:35.275+05:30  INFO 19844 --- [asg-shipping] [main] c.a.s.v.c.VesselVoyageController         : Action=TEST_ACTION | EDI moves load/discharge | voyagePoid=10 ediDateValue=2026-04-15
2026-07-15T15:48:35.276+05:30  INFO 19844 --- [asg-shipping] [main] c.a.s.v.c.VesselVoyageController         : Action=TEST_ACTION | Delete voyage | voyagePoid=10
2026-07-15T15:48:35.283+05:30  INFO 19844 --- [asg-shipping] [main] c.a.s.v.c.VesselVoyageController         : Action=TEST_ACTION | Download Excel export | voyagePoid=10 type=yml-export-csv
2026-07-15T15:48:35.285+05:30  INFO 19844 --- [asg-shipping] [main] c.a.s.v.c.VesselVoyageController         : Action=TEST_ACTION | Download Excel export | voyagePoid=10 type=apmt-general-vessel-discharge
2026-07-15T15:48:35.290+05:30  INFO 19844 --- [asg-shipping] [main] c.a.s.v.c.VesselVoyageController         : Action=TEST_ACTION | Upload EDI | voyagePoid=10 fileName=null size=0
2026-07-15T15:48:35.298+05:30 ERROR 19844 --- [asg-shipping] [main] c.a.s.v.c.VesselVoyageController         : Failed to generate PDF for Manifest PDF: 123

java.lang.RuntimeException: PDF generation failed
	at com.asg.shipping.vesselvoyagecreation.controller.VesselVoyageController.print(VesselVoyageController.java:319) ~[classes/:na]
	at com.asg.shipping.vesselvoyagecreation.controller.VesselVoyageControllerTest.print_exception_returnsError(VesselVoyageControllerTest.java:377) ~[test-classes/:na]
	at java.base/jdk.internal.reflect.DirectMethodHandleAccessor.invoke(DirectMethodHandleAccessor.java:103) ~[na:na]
	at java.base/java.lang.reflect.Method.invoke(Method.java:580) ~[na:na]
	at org.junit.platform.commons.util.ReflectionUtils.invokeMethod(ReflectionUtils.java:701) ~[junit-platform-commons-6.0.1.jar:6.0.1]
	at org.junit.platform.commons.support.ReflectionSupport.invokeMethod(ReflectionSupport.java:502) ~[junit-platform-commons-6.0.1.jar:6.0.1]
	at org.junit.jupiter.engine.support.MethodReflectionUtils.invoke(MethodReflectionUtils.java:45) ~[junit-jupiter-engine-6.0.1.jar:6.0.1]
	at org.junit.jupiter.engine.execution.MethodInvocation.proceed(MethodInvocation.java:61) ~[junit-jupiter-engine-6.0.1.jar:6.0.1]
	at org.junit.jupiter.engine.execution.InvocationInterceptorChain$ValidatingInvocation.proceed(InvocationInterceptorChain.java:124) ~[junit-jupiter-engine-6.0.1.jar:6.0.1]
	at org.junit.jupiter.engine.extension.TimeoutExtension.intercept(TimeoutExtension.java:163) ~[junit-jupiter-engine-6.0.1.jar:6.0.1]
	at org.junit.jupiter.engine.extension.TimeoutExtension.interceptTestableMethod(TimeoutExtension.java:148) ~[junit-jupiter-engine-6.0.1.jar:6.0.1]
	at org.junit.jupiter.engine.extension.TimeoutExtension.interceptTestMethod(TimeoutExtension.java:86) ~[junit-jupiter-engine-6.0.1.jar:6.0.1]
	at org.junit.jupiter.engine.execution.InterceptingExecutableInvoker$ReflectiveInterceptorCall.lambda$ofVoidMethod$0(InterceptingExecutableInvoker.java:123) ~[junit-jupiter-engine-6.0.1.jar:6.0.1]
	at org.junit.jupiter.engine.execution.InterceptingExecutableInvoker.lambda$invoke$0(InterceptingExecutableInvoker.java:105) ~[junit-jupiter-engine-6.0.1.jar:6.0.1]
	at org.junit.jupiter.engine.execution.InvocationInterceptorChain$InterceptedInvocation.proceed(InvocationInterceptorChain.java:99) ~[junit-jupiter-engine-6.0.1.jar:6.0.1]
	at org.junit.jupiter.engine.execution.InvocationInterceptorChain.proceed(InvocationInterceptorChain.java:66) ~[junit-jupiter-engine-6.0.1.jar:6.0.1]
	at org.junit.jupiter.engine.execution.InvocationInterceptorChain.chainAndInvoke(InvocationInterceptorChain.java:47) ~[junit-jupiter-engine-6.0.1.jar:6.0.1]
	at org.junit.jupiter.engine.execution.InvocationInterceptorChain.invoke(InvocationInterceptorChain.java:39) ~[junit-jupiter-engine-6.0.1.jar:6.0.1]
	at org.junit.jupiter.engine.execution.InterceptingExecutableInvoker.invoke(InterceptingExecutableInvoker.java:104) ~[junit-jupiter-engine-6.0.1.jar:6.0.1]
	at org.junit.jupiter.engine.execution.InterceptingExecutableInvoker.invoke(InterceptingExecutableInvoker.java:98) ~[junit-jupiter-engine-6.0.1.jar:6.0.1]
	at org.junit.jupiter.engine.execution.InterceptingExecutableInvoker.invokeVoid(InterceptingExecutableInvoker.java:71) ~[junit-jupiter-engine-6.0.1.jar:6.0.1]
	at org.junit.jupiter.engine.descriptor.TestMethodTestDescriptor.lambda$invokeTestMethod$0(TestMethodTestDescriptor.java:219) ~[junit-jupiter-engine-6.0.1.jar:6.0.1]
	at org.junit.platform.engine.support.hierarchical.ThrowableCollector.execute(ThrowableCollector.java:74) ~[junit-platform-engine-6.0.1.jar:6.0.1]
	at org.junit.jupiter.engine.descriptor.TestMethodTestDescriptor.invokeTestMethod(TestMethodTestDescriptor.java:215) ~[junit-jupiter-engine-6.0.1.jar:6.0.1]
	at org.junit.jupiter.engine.descriptor.TestMethodTestDescriptor.execute(TestMethodTestDescriptor.java:157) ~[junit-jupiter-engine-6.0.1.jar:6.0.1]
	at org.junit.jupiter.engine.descriptor.TestMethodTestDescriptor.execute(TestMethodTestDescriptor.java:70) ~[junit-jupiter-engine-6.0.1.jar:6.0.1]
	at org.junit.platform.engine.support.hierarchical.NodeTestTask.lambda$executeRecursively$2(NodeTestTask.java:176) ~[junit-platform-engine-6.0.1.jar:6.0.1]
	at org.junit.platform.engine.support.hierarchical.ThrowableCollector.execute(ThrowableCollector.java:74) ~[junit-platform-engine-6.0.1.jar:6.0.1]
	at org.junit.platform.engine.support.hierarchical.NodeTestTask.lambda$executeRecursively$1(NodeTestTask.java:166) ~[junit-platform-engine-6.0.1.jar:6.0.1]
	at org.junit.platform.engine.support.hierarchical.Node.around(Node.java:138) ~[junit-platform-engine-6.0.1.jar:6.0.1]
	at org.junit.platform.engine.support.hierarchical.NodeTestTask.lambda$executeRecursively$0(NodeTestTask.java:164) ~[junit-platform-engine-6.0.1.jar:6.0.1]
	at org.junit.platform.engine.support.hierarchical.ThrowableCollector.execute(ThrowableCollector.java:74) ~[junit-platform-engine-6.0.1.jar:6.0.1]
	at org.junit.platform.engine.support.hierarchical.NodeTestTask.executeRecursively(NodeTestTask.java:163) ~[junit-platform-engine-6.0.1.jar:6.0.1]
	at org.junit.platform.engine.support.hierarchical.NodeTestTask.execute(NodeTestTask.java:116) ~[junit-platform-engine-6.0.1.jar:6.0.1]
	at java.base/java.util.ArrayList.forEach(ArrayList.java:1596) ~[na:na]
	at org.junit.platform.engine.support.hierarchical.SameThreadHierarchicalTestExecutorService.invokeAll(SameThreadHierarchicalTestExecutorService.java:42) ~[junit-platform-engine-6.0.1.jar:6.0.1]
	at org.junit.platform.engine.support.hierarchical.NodeTestTask.lambda$executeRecursively$2(NodeTestTask.java:180) ~[junit-platform-engine-6.0.1.jar:6.0.1]
	at org.junit.platform.engine.support.hierarchical.ThrowableCollector.execute(ThrowableCollector.java:74) ~[junit-platform-engine-6.0.1.jar:6.0.1]
	at org.junit.platform.engine.support.hierarchical.NodeTestTask.lambda$executeRecursively$1(NodeTestTask.java:166) ~[junit-platform-engine-6.0.1.jar:6.0.1]
	at org.junit.platform.engine.support.hierarchical.Node.around(Node.java:138) ~[junit-platform-engine-6.0.1.jar:6.0.1]
	at org.junit.platform.engine.support.hierarchical.NodeTestTask.lambda$executeRecursively$0(NodeTestTask.java:164) ~[junit-platform-engine-6.0.1.jar:6.0.1]
	at org.junit.platform.engine.support.hierarchical.ThrowableCollector.execute(ThrowableCollector.java:74) ~[junit-platform-engine-6.0.1.jar:6.0.1]
	at org.junit.platform.engine.support.hierarchical.NodeTestTask.executeRecursively(NodeTestTask.java:163) ~[junit-platform-engine-6.0.1.jar:6.0.1]
	at org.junit.platform.engine.support.hierarchical.NodeTestTask.execute(NodeTestTask.java:116) ~[junit-platform-engine-6.0.1.jar:6.0.1]
	at java.base/java.util.ArrayList.forEach(ArrayList.java:1596) ~[na:na]
	at org.junit.platform.engine.support.hierarchical.SameThreadHierarchicalTestExecutorService.invokeAll(SameThreadHierarchicalTestExecutorService.java:42) ~[junit-platform-engine-6.0.1.jar:6.0.1]
	at org.junit.platform.engine.support.hierarchical.NodeTestTask.lambda$executeRecursively$2(NodeTestTask.java:180) ~[junit-platform-engine-6.0.1.jar:6.0.1]
	at org.junit.platform.engine.support.hierarchical.ThrowableCollector.execute(ThrowableCollector.java:74) ~[junit-platform-engine-6.0.1.jar:6.0.1]
	at org.junit.platform.engine.support.hierarchical.NodeTestTask.lambda$executeRecursively$1(NodeTestTask.java:166) ~[junit-platform-engine-6.0.1.jar:6.0.1]
	at org.junit.platform.engine.support.hierarchical.Node.around(Node.java:138) ~[junit-platform-engine-6.0.1.jar:6.0.1]
	at org.junit.platform.engine.support.hierarchical.NodeTestTask.lambda$executeRecursively$0(NodeTestTask.java:164) ~[junit-platform-engine-6.0.1.jar:6.0.1]
	at org.junit.platform.engine.support.hierarchical.ThrowableCollector.execute(ThrowableCollector.java:74) ~[junit-platform-engine-6.0.1.jar:6.0.1]
	at org.junit.platform.engine.support.hierarchical.NodeTestTask.executeRecursively(NodeTestTask.java:163) ~[junit-platform-engine-6.0.1.jar:6.0.1]
	at org.junit.platform.engine.support.hierarchical.NodeTestTask.execute(NodeTestTask.java:116) ~[junit-platform-engine-6.0.1.jar:6.0.1]
	at org.junit.platform.engine.support.hierarchical.SameThreadHierarchicalTestExecutorService.submit(SameThreadHierarchicalTestExecutorService.java:36) ~[junit-platform-engine-6.0.1.jar:6.0.1]
	at org.junit.platform.engine.support.hierarchical.HierarchicalTestExecutor.execute(HierarchicalTestExecutor.java:52) ~[junit-platform-engine-6.0.1.jar:6.0.1]
	at org.junit.platform.engine.support.hierarchical.HierarchicalTestEngine.execute(HierarchicalTestEngine.java:58) ~[junit-platform-engine-6.0.1.jar:6.0.1]
	at org.junit.platform.launcher.core.EngineExecutionOrchestrator.executeEngine(EngineExecutionOrchestrator.java:246) ~[junit-platform-launcher-6.0.1.jar:6.0.1]
	at org.junit.platform.launcher.core.EngineExecutionOrchestrator.failOrExecuteEngine(EngineExecutionOrchestrator.java:218) ~[junit-platform-launcher-6.0.1.jar:6.0.1]
	at org.junit.platform.launcher.core.EngineExecutionOrchestrator.execute(EngineExecutionOrchestrator.java:179) ~[junit-platform-launcher-6.0.1.jar:6.0.1]
	at org.junit.platform.launcher.core.EngineExecutionOrchestrator.execute(EngineExecutionOrchestrator.java:108) ~[junit-platform-launcher-6.0.1.jar:6.0.1]
	at org.junit.platform.launcher.core.EngineExecutionOrchestrator.lambda$execute$0(EngineExecutionOrchestrator.java:66) ~[junit-platform-launcher-6.0.1.jar:6.0.1]
	at org.junit.platform.launcher.core.EngineExecutionOrchestrator.withInterceptedStreams(EngineExecutionOrchestrator.java:157) ~[junit-platform-launcher-6.0.1.jar:6.0.1]
	at org.junit.platform.launcher.core.EngineExecutionOrchestrator.execute(EngineExecutionOrchestrator.java:65) ~[junit-platform-launcher-6.0.1.jar:6.0.1]
	at org.junit.platform.launcher.core.DefaultLauncher.execute(DefaultLauncher.java:125) ~[junit-platform-launcher-6.0.1.jar:6.0.1]
	at org.junit.platform.launcher.core.DefaultLauncher.execute(DefaultLauncher.java:114) ~[junit-platform-launcher-6.0.1.jar:6.0.1]
	at org.junit.platform.launcher.core.DelegatingLauncher.execute(DelegatingLauncher.java:58) ~[junit-platform-launcher-6.0.1.jar:6.0.1]
	at org.junit.platform.launcher.core.InterceptingLauncher.lambda$execute$2(InterceptingLauncher.java:57) ~[junit-platform-launcher-6.0.1.jar:6.0.1]
	at org.junit.platform.launcher.core.ClasspathAlignmentCheckingLauncherInterceptor.intercept(ClasspathAlignmentCheckingLauncherInterceptor.java:25) ~[junit-platform-launcher-6.0.1.jar:6.0.1]
	at org.junit.platform.launcher.core.InterceptingLauncher.execute(InterceptingLauncher.java:56) ~[junit-platform-launcher-6.0.1.jar:6.0.1]
	at org.junit.platform.launcher.core.DelegatingLauncher.execute(DelegatingLauncher.java:58) ~[junit-platform-launcher-6.0.1.jar:6.0.1]
	at java.base/jdk.internal.reflect.DirectMethodHandleAccessor.invoke(DirectMethodHandleAccessor.java:103) ~[na:na]
	at java.base/java.lang.reflect.Method.invoke(Method.java:580) ~[na:na]
	at org.apache.maven.surefire.api.util.ReflectionUtils.invokeMethodWithArray(ReflectionUtils.java:125) ~[surefire-api-3.5.4.jar:3.5.4]
	at org.apache.maven.surefire.junitplatform.LauncherAdapter.executeWithCancellationToken(LauncherAdapter.java:68) ~[surefire-junit-platform-3.5.4.jar:3.5.4]
	at org.apache.maven.surefire.junitplatform.LauncherAdapter.execute(LauncherAdapter.java:54) ~[surefire-junit-platform-3.5.4.jar:3.5.4]
	at org.apache.maven.surefire.junitplatform.JUnitPlatformProvider.execute(JUnitPlatformProvider.java:203) ~[surefire-junit-platform-3.5.4.jar:3.5.4]
	at org.apache.maven.surefire.junitplatform.JUnitPlatformProvider.invokeAllTests(JUnitPlatformProvider.java:168) ~[surefire-junit-platform-3.5.4.jar:3.5.4]
	at org.apache.maven.surefire.junitplatform.JUnitPlatformProvider.invoke(JUnitPlatformProvider.java:136) ~[surefire-junit-platform-3.5.4.jar:3.5.4]
	at org.apache.maven.surefire.booter.ForkedBooter.runSuitesInProcess(ForkedBooter.java:385) ~[surefire-booter-3.5.4.jar:3.5.4]
	at org.apache.maven.surefire.booter.ForkedBooter.execute(ForkedBooter.java:162) ~[surefire-booter-3.5.4.jar:3.5.4]
	at org.apache.maven.surefire.booter.ForkedBooter.run(ForkedBooter.java:507) ~[surefire-booter-3.5.4.jar:3.5.4]
	at org.apache.maven.surefire.booter.ForkedBooter.main(ForkedBooter.java:495) ~[surefire-booter-3.5.4.jar:3.5.4]

2026-07-15T15:48:35.452+05:30  INFO 19844 --- [asg-shipping] [main] c.a.s.v.c.VesselVoyageController         : Action=TEST_ACTION | Download manifest report | voyagePoid=10 freightCargo=FALSE importExport=EXPORT
2026-07-15T15:48:35.455+05:30  INFO 19844 --- [asg-shipping] [main] c.a.s.v.c.VesselVoyageController         : Action=TEST_ACTION | List voyages | page=0 size=20 docId=DOC123 startDate=null endDate=2026-12-31 groupPoid=1 companyPoid=2 userPoid=3
2026-07-15T15:48:35.458+05:30  INFO 19844 --- [asg-shipping] [main] c.a.s.v.c.VesselVoyageController         : Action=TEST_ACTION | Download Excel export | voyagePoid=10 type=apmt-discharge
2026-07-15T15:48:35.462+05:30  INFO 19844 --- [asg-shipping] [main] c.a.s.v.c.VesselVoyageController         : Action=TEST_ACTION | Download manifest report | voyagePoid=10 freightCargo=FALSE importExport=EXPORT
2026-07-15T15:48:35.468+05:30  INFO 19844 --- [asg-shipping] [main] c.a.s.v.c.VesselVoyageController         : Action=TEST_ACTION | Download Excel export | voyagePoid=10 type=tbl
2026-07-15T15:48:35.471+05:30  INFO 19844 --- [asg-shipping] [main] c.a.s.v.c.VesselVoyageController         : Action=TEST_ACTION | List voyages | page=0 size=20 docId=DOC123 startDate=null endDate=null groupPoid=1 companyPoid=2 userPoid=3
2026-07-15T15:48:36.444+05:30  INFO 19844 --- [asg-shipping] [main] c.a.s.v.s.impl.VesselVoyageServiceImpl   : Excel export | voyagePoid=418537 type=apmt-discharge docId=100-291
2026-07-15T15:48:36.462+05:30  INFO 19844 --- [asg-shipping] [main] c.a.s.v.s.impl.VesselVoyageServiceImpl   : EDI file stored at C:\Users\THARAN~1\AppData\Local\Temp\edi-test534520220487846209\test.edi
2026-07-15T15:48:36.463+05:30  INFO 19844 --- [asg-shipping] [main] c.a.s.v.s.impl.VesselVoyageServiceImpl   : Reprocess EDI | voyagePoid=123 groupPoid=1 companyPoid=2 docId=DOC123 user=3
2026-07-15T15:48:36.466+05:30  INFO 19844 --- [asg-shipping] [main] c.a.s.v.s.impl.VesselVoyageServiceImpl   : [MANIFEST-PRINT] transactionPoid=10 DOC_KEY_POID=10 freightCargo=FALSE importExport=EXPORT groupPoid=null compPoid=null userPoid=null
2026-07-15T15:48:36.467+05:30  WARN 19844 --- [asg-shipping] [main] c.a.s.v.s.impl.VesselVoyageServiceImpl   : [MANIFEST-PRINT] Debug query failed: Cannot invoke "java.sql.Connection.prepareStatement(String)" because "debugConn" is null
2026-07-15T15:48:36.475+05:30  INFO 19844 --- [asg-shipping] [main] c.a.s.v.s.impl.VesselVoyageServiceImpl   : List voyages | docId=DOC123 page=0 size=20 startDate=null endDate=null lineStatus=(1)
2026-07-15T15:48:36.491+05:30  INFO 19844 --- [asg-shipping] [main] c.a.s.v.s.impl.VesselVoyageServiceImpl   : List voyages | docId=DOC123 page=0 size=20 startDate=null endDate=null lineStatus=(1)
2026-07-15T15:48:36.563+05:30  INFO 19844 --- [asg-shipping] [SpringApplicationShutdownHook] j.LocalContainerEntityManagerFactoryBean : Closing JPA EntityManagerFactory for persistence unit 'default'
2026-07-15T15:48:36.569+05:30  INFO 19844 --- [asg-shipping] [SpringApplicationShutdownHook] com.zaxxer.hikari.HikariDataSource       : HikariPool-ASG - Shutdown initiated...
2026-07-15T15:48:38.079+05:30  INFO 19844 --- [asg-shipping] [SpringApplicationShutdownHook] com.zaxxer.hikari.HikariDataSource       : HikariPool-ASG - Shutdown completed.
2026-07-15T15:52:12.026+05:30  INFO 17468 --- [asg-shipping] [main] c.asg.shipping.ShippingApplicationTests  : Starting ShippingApplicationTests using Java 21.0.10 with PID 17468 (started by TharaniSakthivel in C:\Users\TharaniSakthivel\Documents\GitHub\asg-shipping)
2026-07-15T15:52:12.028+05:30 DEBUG 17468 --- [asg-shipping] [main] c.asg.shipping.ShippingApplicationTests  : Running with Spring Boot v4.0.0, Spring v7.0.1
2026-07-15T15:52:12.029+05:30  INFO 17468 --- [asg-shipping] [main] c.asg.shipping.ShippingApplicationTests  : No active profile set, falling back to 1 default profile: "default"
2026-07-15T15:52:14.191+05:30  INFO 17468 --- [asg-shipping] [main] .s.d.r.c.RepositoryConfigurationDelegate : Bootstrapping Spring Data JPA repositories in DEFAULT mode.
2026-07-15T15:52:15.276+05:30  INFO 17468 --- [asg-shipping] [main] .s.d.r.c.RepositoryConfigurationDelegate : Finished Spring Data repository scanning in 1067 ms. Found 114 JPA repository interfaces.
2026-07-15T15:52:17.760+05:30  INFO 17468 --- [asg-shipping] [main] o.hibernate.jpa.internal.util.LogHelper  : HHH000204: Processing PersistenceUnitInfo [name: default]
2026-07-15T15:52:17.911+05:30  INFO 17468 --- [asg-shipping] [main] org.hibernate.Version                    : HHH000412: Hibernate ORM core version 7.1.8.Final
2026-07-15T15:52:18.474+05:30  INFO 17468 --- [asg-shipping] [main] o.s.o.j.p.SpringPersistenceUnitInfo      : No LoadTimeWeaver setup: ignoring JPA class transformer
2026-07-15T15:52:18.559+05:30  INFO 17468 --- [asg-shipping] [main] com.zaxxer.hikari.HikariDataSource       : HikariPool-ASG - Starting...
2026-07-15T15:52:22.455+05:30  INFO 17468 --- [asg-shipping] [main] com.zaxxer.hikari.pool.HikariPool        : HikariPool-ASG - Added connection oracle.jdbc.driver.T4CConnection@3f3aef8d
2026-07-15T15:52:22.458+05:30  INFO 17468 --- [asg-shipping] [main] com.zaxxer.hikari.HikariDataSource       : HikariPool-ASG - Start completed.
2026-07-15T15:52:23.131+05:30  WARN 17468 --- [asg-shipping] [main] org.hibernate.orm.deprecation            : HHH90000025: OracleDialect does not need to be specified explicitly using 'hibernate.dialect' (remove the property setting and it will be selected by default)
2026-07-15T15:52:23.983+05:30  WARN 17468 --- [asg-shipping] [main] org.hibernate.orm.jdbc                   : HHH100123: Low default JDBC fetch size: 10 (consider setting 'hibernate.jdbc.fetch_size')
2026-07-15T15:52:24.011+05:30  INFO 17468 --- [asg-shipping] [main] org.hibernate.orm.connections.pooling    : HHH10001005: Database info:
	Database JDBC URL [jdbc:oracle:thin:@//10.100.200.85:1521/ORAVADF]
	Database driver: Oracle JDBC driver
	Database dialect: OracleDialect
	Database version: 19.1
	Default catalog/schema: undefined/QA_DB_USER
	Autocommit mode: undefined/unknown
	Isolation level: READ_COMMITTED [default READ_COMMITTED]
	JDBC fetch size: 10
	Pool: DatasourceConnectionProviderImpl
	Minimum pool size: undefined/unknown
	Maximum pool size: undefined/unknown
2026-07-15T15:52:24.400+05:30  WARN 17468 --- [asg-shipping] [main] org.hibernate.orm.deprecation            : HHH90000033: Encountered use of deprecated annotation [interface jakarta.persistence.Temporal] at com.asg.shipping.common.entity.GlobalCurrencyRatesId.rateDate.
2026-07-15T15:52:24.400+05:30  WARN 17468 --- [asg-shipping] [main] org.hibernate.orm.deprecation            : HHH90000033: Encountered use of deprecated annotation [interface jakarta.persistence.Temporal] at com.asg.shipping.common.entity.GlobalCurrencyRates.rateDate.
2026-07-15T15:52:25.663+05:30  WARN 17468 --- [asg-shipping] [main] org.hibernate.mapping.RootClass          : HHH000038: Composite id class does not override equals(): com.asg.shipping.containertypeportchargestariff.entity.ShipPortChargesDtlId
2026-07-15T15:52:25.666+05:30  WARN 17468 --- [asg-shipping] [main] org.hibernate.mapping.RootClass          : HHH000038: Composite id class does not override equals(): com.asg.shipping.customerinvoicechargemapmaster.entity.CustomerInvoicePrtDtlId
2026-07-15T15:52:29.381+05:30  INFO 17468 --- [asg-shipping] [main] o.h.e.t.j.p.i.JtaPlatformInitiator       : HHH000489: No JTA platform available (set 'hibernate.transaction.jta.platform' to enable JTA platform integration)
2026-07-15T15:52:29.403+05:30  INFO 17468 --- [asg-shipping] [main] j.LocalContainerEntityManagerFactoryBean : Initialized JPA EntityManagerFactory for persistence unit 'default'
2026-07-15T15:52:29.644+05:30  INFO 17468 --- [asg-shipping] [main] o.s.d.j.r.query.QueryEnhancerFactories   : Hibernate is in classpath; If applicable, HQL parser will be used.
2026-07-15T15:52:36.845+05:30  WARN 17468 --- [asg-shipping] [main] JpaBaseConfiguration$JpaWebConfiguration : spring.jpa.open-in-view is enabled by default. Therefore, database queries may be performed during view rendering. Explicitly configure spring.jpa.open-in-view to disable this warning
2026-07-15T15:52:38.070+05:30  INFO 17468 --- [asg-shipping] [main] o.s.b.a.e.web.EndpointLinksResolver      : Exposing 1 endpoint beneath base path '/actuator'
2026-07-15T15:52:38.238+05:30  INFO 17468 --- [asg-shipping] [main] c.asg.shipping.ShippingApplicationTests  : Started ShippingApplicationTests in 26.731 seconds (process running for 59.934)
2026-07-15T15:52:38.444+05:30  INFO 17468 --- [asg-shipping] [main] o.s.mock.web.MockServletContext          : Initializing Spring TestDispatcherServlet ''
2026-07-15T15:52:38.444+05:30  INFO 17468 --- [asg-shipping] [main] o.s.t.web.servlet.TestDispatcherServlet  : Initializing Servlet ''
2026-07-15T15:52:38.445+05:30  INFO 17468 --- [asg-shipping] [main] o.s.t.web.servlet.TestDispatcherServlet  : Completed initialization in 0 ms
2026-07-15T15:52:38.469+05:30  INFO 17468 --- [asg-shipping] [main] c.a.s.s.c.ManifestCorrectorController    : Update request for Shipping Manifest Corrector with id: 1
2026-07-15T15:52:38.489+05:30  INFO 17468 --- [asg-shipping] [main] o.s.mock.web.MockServletContext          : Initializing Spring TestDispatcherServlet ''
2026-07-15T15:52:38.489+05:30  INFO 17468 --- [asg-shipping] [main] o.s.t.web.servlet.TestDispatcherServlet  : Initializing Servlet ''
2026-07-15T15:52:38.489+05:30  INFO 17468 --- [asg-shipping] [main] o.s.t.web.servlet.TestDispatcherServlet  : Completed initialization in 0 ms
2026-07-15T15:52:38.491+05:30  INFO 17468 --- [asg-shipping] [main] c.a.s.s.c.ManifestCorrectorController    : Get request for Shipping Manifest Corrector with id: 1
2026-07-15T15:52:38.511+05:30  INFO 17468 --- [asg-shipping] [main] o.s.mock.web.MockServletContext          : Initializing Spring TestDispatcherServlet ''
2026-07-15T15:52:38.511+05:30  INFO 17468 --- [asg-shipping] [main] o.s.t.web.servlet.TestDispatcherServlet  : Initializing Servlet ''
2026-07-15T15:52:38.511+05:30  INFO 17468 --- [asg-shipping] [main] o.s.t.web.servlet.TestDispatcherServlet  : Completed initialization in 0 ms
2026-07-15T15:52:38.525+05:30  INFO 17468 --- [asg-shipping] [main] c.a.s.s.c.ManifestCorrectorController    : Search request for Shipping Manifest Corrector with page: 0, size: 20, sort: null
2026-07-15T15:52:38.543+05:30  INFO 17468 --- [asg-shipping] [main] o.s.mock.web.MockServletContext          : Initializing Spring TestDispatcherServlet ''
2026-07-15T15:52:38.543+05:30  INFO 17468 --- [asg-shipping] [main] o.s.t.web.servlet.TestDispatcherServlet  : Initializing Servlet ''
2026-07-15T15:52:38.544+05:30  INFO 17468 --- [asg-shipping] [main] o.s.t.web.servlet.TestDispatcherServlet  : Completed initialization in 0 ms
2026-07-15T15:52:38.545+05:30  INFO 17468 --- [asg-shipping] [main] c.a.s.s.c.ManifestCorrectorController    : Delete request for Shipping Manifest Corrector with id: 1
2026-07-15T15:52:38.561+05:30  INFO 17468 --- [asg-shipping] [main] o.s.mock.web.MockServletContext          : Initializing Spring TestDispatcherServlet ''
2026-07-15T15:52:38.562+05:30  INFO 17468 --- [asg-shipping] [main] o.s.t.web.servlet.TestDispatcherServlet  : Initializing Servlet ''
2026-07-15T15:52:38.562+05:30  INFO 17468 --- [asg-shipping] [main] o.s.t.web.servlet.TestDispatcherServlet  : Completed initialization in 0 ms
2026-07-15T15:52:38.569+05:30  INFO 17468 --- [asg-shipping] [main] c.a.s.s.c.ManifestCorrectorController    : BL after browse auto-population request for BL: 12345
2026-07-15T15:52:39.197+05:30  INFO 17468 --- [asg-shipping] [main] c.a.s.s.s.ManifestCorrectorServiceImpl   : Getting Shipping Manifest Corrector with id: 1
2026-07-15T15:52:39.204+05:30  INFO 17468 --- [asg-shipping] [main] c.a.s.s.s.ManifestCorrectorServiceImpl   : Successfully retrieved Shipping Manifest Corrector with id: 1
2026-07-15T15:52:39.207+05:30  INFO 17468 --- [asg-shipping] [main] c.a.s.s.s.ManifestCorrectorServiceImpl   : Updating Shipping Manifest Corrector with id: 1
2026-07-15T15:52:39.209+05:30  INFO 17468 --- [asg-shipping] [main] c.a.s.s.s.ManifestCorrectorServiceImpl   : Successfully updated Shipping Manifest Corrector with id: 1
2026-07-15T15:52:39.212+05:30  INFO 17468 --- [asg-shipping] [main] c.a.s.s.s.ManifestCorrectorServiceImpl   : Updating Shipping Manifest Corrector with id: 1
2026-07-15T15:52:39.218+05:30  INFO 17468 --- [asg-shipping] [main] c.a.s.s.s.ManifestCorrectorServiceImpl   : Getting Shipping Manifest Corrector with id: 1
2026-07-15T15:52:39.222+05:30  INFO 17468 --- [asg-shipping] [main] c.a.s.s.s.ManifestCorrectorServiceImpl   : Validating refund amounts for BL POID: 1, Container: CONT123
2026-07-15T15:52:39.227+05:30  INFO 17468 --- [asg-shipping] [main] c.a.s.s.s.ManifestCorrectorServiceImpl   : Validating refund amounts for BL POID: 1, Container: CONT123
2026-07-15T15:52:39.231+05:30  INFO 17468 --- [asg-shipping] [main] c.a.s.s.s.ManifestCorrectorServiceImpl   : Searching Shipping Manifest Corrector records with docId: 100-143, page: 0, size: 10
2026-07-15T15:52:39.236+05:30  INFO 17468 --- [asg-shipping] [main] c.a.s.s.s.ManifestCorrectorServiceImpl   : Getting Shipping Manifest Corrector with id: 1
2026-07-15T15:52:39.237+05:30  INFO 17468 --- [asg-shipping] [main] c.a.s.s.s.ManifestCorrectorServiceImpl   : Successfully retrieved Shipping Manifest Corrector with id: 1
2026-07-15T15:52:39.240+05:30  INFO 17468 --- [asg-shipping] [main] c.a.s.s.s.ManifestCorrectorServiceImpl   : Searching Shipping Manifest Corrector records with docId: 100-143, page: 0, size: 10
2026-07-15T15:52:39.243+05:30  INFO 17468 --- [asg-shipping] [main] c.a.s.s.s.ManifestCorrectorServiceImpl   : Deleting Shipping Manifest Corrector with id: 1
2026-07-15T15:52:39.244+05:30  INFO 17468 --- [asg-shipping] [main] c.a.s.s.s.ManifestCorrectorServiceImpl   : Successfully deleted Shipping Manifest Corrector with id: 1
2026-07-15T15:52:39.252+05:30  INFO 17468 --- [asg-shipping] [main] c.a.s.s.s.ManifestCorrectorServiceImpl   : Auto-populating Shipping Manifest Corrector fields for BL: 12345
2026-07-15T15:52:39.268+05:30  INFO 17468 --- [asg-shipping] [main] c.a.s.s.s.ManifestCorrectorServiceImpl   : Deleting Shipping Manifest Corrector with id: 1
2026-07-15T15:52:39.408+05:30  INFO 17468 --- [asg-shipping] [main] o.s.mock.web.MockServletContext          : Initializing Spring TestDispatcherServlet ''
2026-07-15T15:52:39.409+05:30  INFO 17468 --- [asg-shipping] [main] o.s.t.web.servlet.TestDispatcherServlet  : Initializing Servlet ''
2026-07-15T15:52:39.409+05:30  INFO 17468 --- [asg-shipping] [main] o.s.t.web.servlet.TestDispatcherServlet  : Completed initialization in 0 ms
2026-07-15T15:52:39.412+05:30  INFO 17468 --- [asg-shipping] [main] .s.t.c.c.ContainerTerminalTypeController : Delete ContainerTerminalType request | poid=1, groupPoid=100, userId=admin
2026-07-15T15:52:39.425+05:30  INFO 17468 --- [asg-shipping] [main] o.s.mock.web.MockServletContext          : Initializing Spring TestDispatcherServlet ''
2026-07-15T15:52:39.425+05:30  INFO 17468 --- [asg-shipping] [main] o.s.t.web.servlet.TestDispatcherServlet  : Initializing Servlet ''
2026-07-15T15:52:39.425+05:30  INFO 17468 --- [asg-shipping] [main] o.s.t.web.servlet.TestDispatcherServlet  : Completed initialization in 0 ms
2026-07-15T15:52:39.427+05:30  INFO 17468 --- [asg-shipping] [main] .s.t.c.c.ContainerTerminalTypeController : Get ContainerTerminalType request | poid=1, groupPoid=100
2026-07-15T15:52:39.443+05:30  INFO 17468 --- [asg-shipping] [main] o.s.mock.web.MockServletContext          : Initializing Spring TestDispatcherServlet ''
2026-07-15T15:52:39.443+05:30  INFO 17468 --- [asg-shipping] [main] o.s.t.web.servlet.TestDispatcherServlet  : Initializing Servlet ''
2026-07-15T15:52:39.443+05:30  INFO 17468 --- [asg-shipping] [main] o.s.t.web.servlet.TestDispatcherServlet  : Completed initialization in 0 ms
2026-07-15T15:52:39.453+05:30  INFO 17468 --- [asg-shipping] [main] .s.t.c.c.ContainerTerminalTypeController : Create ContainerTerminalType request | code=ISO20, groupPoid=100, userId=admin
2026-07-15T15:52:39.463+05:30  INFO 17468 --- [asg-shipping] [main] o.s.mock.web.MockServletContext          : Initializing Spring TestDispatcherServlet ''
2026-07-15T15:52:39.463+05:30  INFO 17468 --- [asg-shipping] [main] o.s.t.web.servlet.TestDispatcherServlet  : Initializing Servlet ''
2026-07-15T15:52:39.463+05:30  INFO 17468 --- [asg-shipping] [main] o.s.t.web.servlet.TestDispatcherServlet  : Completed initialization in 0 ms
2026-07-15T15:52:39.470+05:30  INFO 17468 --- [asg-shipping] [main] .s.t.c.c.ContainerTerminalTypeController : List ContainerTerminalTypes request | page=0, size=20, docId=000-000
2026-07-15T15:52:39.481+05:30  INFO 17468 --- [asg-shipping] [main] o.s.mock.web.MockServletContext          : Initializing Spring TestDispatcherServlet ''
2026-07-15T15:52:39.481+05:30  INFO 17468 --- [asg-shipping] [main] o.s.t.web.servlet.TestDispatcherServlet  : Initializing Servlet ''
2026-07-15T15:52:39.481+05:30  INFO 17468 --- [asg-shipping] [main] o.s.t.web.servlet.TestDispatcherServlet  : Completed initialization in 0 ms
2026-07-15T15:52:39.484+05:30  INFO 17468 --- [asg-shipping] [main] .s.t.c.c.ContainerTerminalTypeController : Toggle Active Status request | poid=1, groupPoid=100, userId=admin
2026-07-15T15:52:39.484+05:30  INFO 17468 --- [asg-shipping] [main] .s.t.c.c.ContainerTerminalTypeController : Toggle Active Status completed successfully | poid=1
2026-07-15T15:52:39.494+05:30  INFO 17468 --- [asg-shipping] [main] o.s.mock.web.MockServletContext          : Initializing Spring TestDispatcherServlet ''
2026-07-15T15:52:39.494+05:30  INFO 17468 --- [asg-shipping] [main] o.s.t.web.servlet.TestDispatcherServlet  : Initializing Servlet ''
2026-07-15T15:52:39.495+05:30  INFO 17468 --- [asg-shipping] [main] o.s.t.web.servlet.TestDispatcherServlet  : Completed initialization in 1 ms
2026-07-15T15:52:39.503+05:30  INFO 17468 --- [asg-shipping] [main] .s.t.c.c.ContainerTerminalTypeController : List ContainerTerminalTypes request | page=0, size=20, docId=000-000
2026-07-15T15:52:39.517+05:30  INFO 17468 --- [asg-shipping] [main] o.s.mock.web.MockServletContext          : Initializing Spring TestDispatcherServlet ''
2026-07-15T15:52:39.517+05:30  INFO 17468 --- [asg-shipping] [main] o.s.t.web.servlet.TestDispatcherServlet  : Initializing Servlet ''
2026-07-15T15:52:39.517+05:30  INFO 17468 --- [asg-shipping] [main] o.s.t.web.servlet.TestDispatcherServlet  : Completed initialization in 0 ms
2026-07-15T15:52:39.523+05:30  INFO 17468 --- [asg-shipping] [main] .s.t.c.c.ContainerTerminalTypeController : Update ContainerTerminalType request | poid=1, code=ISO20, groupPoid=100, userId=admin
2026-07-15T15:52:39.789+05:30  INFO 17468 --- [asg-shipping] [main] t.c.s.i.ContainerTerminalTypeServiceImpl : Toggling active status for container terminal type with id: 1, groupPoid: 10, userId: user1
2026-07-15T15:52:39.791+05:30  INFO 17468 --- [asg-shipping] [main] t.c.s.i.ContainerTerminalTypeServiceImpl : Successfully toggled active status for container terminal type with id: 1 from N to Y
2026-07-15T15:52:39.794+05:30  INFO 17468 --- [asg-shipping] [main] t.c.s.i.ContainerTerminalTypeServiceImpl : Toggling active status for container terminal type with id: 1, groupPoid: 10, userId: user1
2026-07-15T15:52:39.795+05:30  INFO 17468 --- [asg-shipping] [main] t.c.s.i.ContainerTerminalTypeServiceImpl : Successfully toggled active status for container terminal type with id: 1 from Y to N
2026-07-15T15:52:39.800+05:30  INFO 17468 --- [asg-shipping] [main] t.c.s.i.ContainerTerminalTypeServiceImpl : Deleting container terminal type with id: 1
2026-07-15T15:52:39.801+05:30  INFO 17468 --- [asg-shipping] [main] t.c.s.i.ContainerTerminalTypeServiceImpl : Successfully deleted container terminal type with id: 1
2026-07-15T15:52:39.804+05:30  INFO 17468 --- [asg-shipping] [main] t.c.s.i.ContainerTerminalTypeServiceImpl : Getting container terminal type with id: 1
2026-07-15T15:52:39.807+05:30  INFO 17468 --- [asg-shipping] [main] t.c.s.i.ContainerTerminalTypeServiceImpl : Getting container terminal type with id: 1
2026-07-15T15:52:39.807+05:30  INFO 17468 --- [asg-shipping] [main] t.c.s.i.ContainerTerminalTypeServiceImpl : Successfully retrieved container terminal type with id: 1
2026-07-15T15:52:39.809+05:30  INFO 17468 --- [asg-shipping] [main] t.c.s.i.ContainerTerminalTypeServiceImpl : Deleting container terminal type with id: 1
2026-07-15T15:52:39.815+05:30  INFO 17468 --- [asg-shipping] [main] t.c.s.i.ContainerTerminalTypeServiceImpl : Listing container terminal types with docId: DOC-1, page: 0, size: 10
2026-07-15T15:52:39.815+05:30  INFO 17468 --- [asg-shipping] [main] t.c.s.i.ContainerTerminalTypeServiceImpl : Successfully retrieved container terminal types
2026-07-15T15:52:39.819+05:30  INFO 17468 --- [asg-shipping] [main] t.c.s.i.ContainerTerminalTypeServiceImpl : Updating container terminal type with id: 1, groupId: 10, userId: user1
2026-07-15T15:52:39.821+05:30  INFO 17468 --- [asg-shipping] [main] t.c.s.i.ContainerTerminalTypeServiceImpl : Updating container terminal type with id: 1, groupId: 10, userId: user1
2026-07-15T15:52:39.824+05:30  INFO 17468 --- [asg-shipping] [main] t.c.s.i.ContainerTerminalTypeServiceImpl : Updating container terminal type with id: 1, groupId: 10, userId: user1
2026-07-15T15:52:39.827+05:30  INFO 17468 --- [asg-shipping] [main] t.c.s.i.ContainerTerminalTypeServiceImpl : Toggling active status for container terminal type with id: 1, groupPoid: 10, userId: user1
2026-07-15T15:52:39.831+05:30  INFO 17468 --- [asg-shipping] [main] t.c.s.i.ContainerTerminalTypeServiceImpl : Creating container terminal type with code: ISO20, groupId: 10, userId: user1
2026-07-15T15:52:39.835+05:30  INFO 17468 --- [asg-shipping] [main] t.c.s.i.ContainerTerminalTypeServiceImpl : Creating container terminal type with code: ISO20, groupId: 10, userId: user1
2026-07-15T15:52:39.838+05:30  INFO 17468 --- [asg-shipping] [main] t.c.s.i.ContainerTerminalTypeServiceImpl : Updating container terminal type with id: 1, groupId: 10, userId: user1
2026-07-15T15:52:39.838+05:30  INFO 17468 --- [asg-shipping] [main] t.c.s.i.ContainerTerminalTypeServiceImpl : Successfully updated container terminal type with id: 1
2026-07-15T15:52:39.841+05:30  INFO 17468 --- [asg-shipping] [main] t.c.s.i.ContainerTerminalTypeServiceImpl : Creating container terminal type with code: ISO20, groupId: 10, userId: user1
2026-07-15T15:52:39.842+05:30  INFO 17468 --- [asg-shipping] [main] t.c.s.i.ContainerTerminalTypeServiceImpl : Successfully created container terminal type with id: 1
2026-07-15T15:52:40.057+05:30 ERROR 17468 --- [asg-shipping] [main] c.a.s.t.s.impl.ShipTradeLaneServiceImpl  : Trade Lane Code is required
2026-07-15T15:52:40.060+05:30 ERROR 17468 --- [asg-shipping] [main] c.a.s.t.s.impl.ShipTradeLaneServiceImpl  : Trade Lane Name is required
2026-07-15T15:52:40.063+05:30 ERROR 17468 --- [asg-shipping] [main] c.a.s.t.s.impl.ShipTradeLaneServiceImpl  : Region POID is required
2026-07-15T15:52:40.071+05:30 ERROR 17468 --- [asg-shipping] [main] c.a.s.t.s.impl.ShipTradeLaneServiceImpl  : Trade Lane Code already exists: TL001
2026-07-15T15:52:40.074+05:30 ERROR 17468 --- [asg-shipping] [main] c.a.s.t.s.impl.ShipTradeLaneServiceImpl  : Trade Lane Name already exists: Trade Lane 1
2026-07-15T15:52:40.239+05:30  INFO 17468 --- [asg-shipping] [main] o.s.mock.web.MockServletContext          : Initializing Spring TestDispatcherServlet ''
2026-07-15T15:52:40.239+05:30  INFO 17468 --- [asg-shipping] [main] o.s.t.web.servlet.TestDispatcherServlet  : Initializing Servlet ''
2026-07-15T15:52:40.239+05:30  INFO 17468 --- [asg-shipping] [main] o.s.t.web.servlet.TestDispatcherServlet  : Completed initialization in 0 ms
2026-07-15T15:52:40.286+05:30  INFO 17468 --- [asg-shipping] [main] c.a.s.v.c.VesselMasterController         : Updating vessel with id: 1
2026-07-15T15:52:40.287+05:30  INFO 17468 --- [asg-shipping] [main] c.a.s.v.c.VesselMasterController         : Successfully updated vessel with id: 1
2026-07-15T15:52:40.304+05:30  INFO 17468 --- [asg-shipping] [main] o.s.mock.web.MockServletContext          : Initializing Spring TestDispatcherServlet ''
2026-07-15T15:52:40.304+05:30  INFO 17468 --- [asg-shipping] [main] o.s.t.web.servlet.TestDispatcherServlet  : Initializing Servlet ''
2026-07-15T15:52:40.305+05:30  INFO 17468 --- [asg-shipping] [main] o.s.t.web.servlet.TestDispatcherServlet  : Completed initialization in 1 ms
2026-07-15T15:52:40.312+05:30  INFO 17468 --- [asg-shipping] [main] c.a.s.v.c.VesselMasterController         : Searching vessels with page: 0, size: 20, sort: invalid
2026-07-15T15:52:40.313+05:30  INFO 17468 --- [asg-shipping] [main] c.a.s.v.c.VesselMasterController         : Successfully retrieved vessels
2026-07-15T15:52:40.328+05:30  INFO 17468 --- [asg-shipping] [main] o.s.mock.web.MockServletContext          : Initializing Spring TestDispatcherServlet ''
2026-07-15T15:52:40.329+05:30  INFO 17468 --- [asg-shipping] [main] o.s.t.web.servlet.TestDispatcherServlet  : Initializing Servlet ''
2026-07-15T15:52:40.329+05:30  INFO 17468 --- [asg-shipping] [main] o.s.t.web.servlet.TestDispatcherServlet  : Completed initialization in 0 ms
2026-07-15T15:52:40.331+05:30  INFO 17468 --- [asg-shipping] [main] c.a.s.v.c.VesselMasterController         : Deleting vessel with id: 1
2026-07-15T15:52:40.332+05:30  INFO 17468 --- [asg-shipping] [main] c.a.s.v.c.VesselMasterController         : Successfully deleted vessel with id: 1
2026-07-15T15:52:40.344+05:30  INFO 17468 --- [asg-shipping] [main] o.s.mock.web.MockServletContext          : Initializing Spring TestDispatcherServlet ''
2026-07-15T15:52:40.344+05:30  INFO 17468 --- [asg-shipping] [main] o.s.t.web.servlet.TestDispatcherServlet  : Initializing Servlet ''
2026-07-15T15:52:40.344+05:30  INFO 17468 --- [asg-shipping] [main] o.s.t.web.servlet.TestDispatcherServlet  : Completed initialization in 0 ms
2026-07-15T15:52:40.356+05:30  INFO 17468 --- [asg-shipping] [main] o.s.mock.web.MockServletContext          : Initializing Spring TestDispatcherServlet ''
2026-07-15T15:52:40.356+05:30  INFO 17468 --- [asg-shipping] [main] o.s.t.web.servlet.TestDispatcherServlet  : Initializing Servlet ''
2026-07-15T15:52:40.356+05:30  INFO 17468 --- [asg-shipping] [main] o.s.t.web.servlet.TestDispatcherServlet  : Completed initialization in 0 ms
2026-07-15T15:52:40.371+05:30  INFO 17468 --- [asg-shipping] [main] c.a.s.v.c.VesselMasterController         : Creating vessel with code: VSL002, name: New Vessel
2026-07-15T15:52:40.372+05:30  INFO 17468 --- [asg-shipping] [main] c.a.s.v.c.VesselMasterController         : Successfully created vessel with id: 1
2026-07-15T15:52:40.389+05:30  INFO 17468 --- [asg-shipping] [main] o.s.mock.web.MockServletContext          : Initializing Spring TestDispatcherServlet ''
2026-07-15T15:52:40.389+05:30  INFO 17468 --- [asg-shipping] [main] o.s.t.web.servlet.TestDispatcherServlet  : Initializing Servlet ''
2026-07-15T15:52:40.389+05:30  INFO 17468 --- [asg-shipping] [main] o.s.t.web.servlet.TestDispatcherServlet  : Completed initialization in 0 ms
2026-07-15T15:52:40.390+05:30  INFO 17468 --- [asg-shipping] [main] c.a.s.v.c.VesselMasterController         : Deleting vessel with id: 1
2026-07-15T15:52:40.391+05:30  INFO 17468 --- [asg-shipping] [main] c.a.s.v.c.VesselMasterController         : Successfully deleted vessel with id: 1
2026-07-15T15:52:40.407+05:30  INFO 17468 --- [asg-shipping] [main] o.s.mock.web.MockServletContext          : Initializing Spring TestDispatcherServlet ''
2026-07-15T15:52:40.408+05:30  INFO 17468 --- [asg-shipping] [main] o.s.t.web.servlet.TestDispatcherServlet  : Initializing Servlet ''
2026-07-15T15:52:40.408+05:30  INFO 17468 --- [asg-shipping] [main] o.s.t.web.servlet.TestDispatcherServlet  : Completed initialization in 0 ms
2026-07-15T15:52:40.413+05:30  INFO 17468 --- [asg-shipping] [main] c.a.s.v.c.VesselMasterController         : Deleting vessel with id: 1
2026-07-15T15:52:40.413+05:30  INFO 17468 --- [asg-shipping] [main] c.a.s.v.c.VesselMasterController         : Successfully deleted vessel with id: 1
2026-07-15T15:52:40.427+05:30  INFO 17468 --- [asg-shipping] [main] o.s.mock.web.MockServletContext          : Initializing Spring TestDispatcherServlet ''
2026-07-15T15:52:40.427+05:30  INFO 17468 --- [asg-shipping] [main] o.s.t.web.servlet.TestDispatcherServlet  : Initializing Servlet ''
2026-07-15T15:52:40.427+05:30  INFO 17468 --- [asg-shipping] [main] o.s.t.web.servlet.TestDispatcherServlet  : Completed initialization in 0 ms
2026-07-15T15:52:40.429+05:30  INFO 17468 --- [asg-shipping] [main] c.a.s.v.c.VesselMasterController         : Getting vessel with id: 1
2026-07-15T15:52:40.429+05:30  INFO 17468 --- [asg-shipping] [main] c.a.s.v.c.VesselMasterController         : Successfully retrieved vessel with id: 1
2026-07-15T15:52:40.444+05:30  INFO 17468 --- [asg-shipping] [main] o.s.mock.web.MockServletContext          : Initializing Spring TestDispatcherServlet ''
2026-07-15T15:52:40.445+05:30  INFO 17468 --- [asg-shipping] [main] o.s.t.web.servlet.TestDispatcherServlet  : Initializing Servlet ''
2026-07-15T15:52:40.445+05:30  INFO 17468 --- [asg-shipping] [main] o.s.t.web.servlet.TestDispatcherServlet  : Completed initialization in 0 ms
2026-07-15T15:52:40.451+05:30  INFO 17468 --- [asg-shipping] [main] c.a.s.v.c.VesselMasterController         : Searching vessels with page: 0, size: 20, sort: vesselName,asc,extra
2026-07-15T15:52:40.451+05:30  INFO 17468 --- [asg-shipping] [main] c.a.s.v.c.VesselMasterController         : Successfully retrieved vessels
2026-07-15T15:52:40.469+05:30  INFO 17468 --- [asg-shipping] [main] o.s.mock.web.MockServletContext          : Initializing Spring TestDispatcherServlet ''
2026-07-15T15:52:40.469+05:30  INFO 17468 --- [asg-shipping] [main] o.s.t.web.servlet.TestDispatcherServlet  : Initializing Servlet ''
2026-07-15T15:52:40.469+05:30  INFO 17468 --- [asg-shipping] [main] o.s.t.web.servlet.TestDispatcherServlet  : Completed initialization in 0 ms
2026-07-15T15:52:40.471+05:30  INFO 17468 --- [asg-shipping] [main] c.a.s.v.c.VesselMasterController         : Searching vessels with page: 0, size: 20, sort: null
2026-07-15T15:52:40.471+05:30  INFO 17468 --- [asg-shipping] [main] c.a.s.v.c.VesselMasterController         : Successfully retrieved vessels
2026-07-15T15:52:40.486+05:30  INFO 17468 --- [asg-shipping] [main] o.s.mock.web.MockServletContext          : Initializing Spring TestDispatcherServlet ''
2026-07-15T15:52:40.486+05:30  INFO 17468 --- [asg-shipping] [main] o.s.t.web.servlet.TestDispatcherServlet  : Initializing Servlet ''
2026-07-15T15:52:40.487+05:30  INFO 17468 --- [asg-shipping] [main] o.s.t.web.servlet.TestDispatcherServlet  : Completed initialization in 1 ms
2026-07-15T15:52:40.490+05:30  INFO 17468 --- [asg-shipping] [main] c.a.s.v.c.VesselMasterController         : Searching vessels with page: 0, size: 20, sort:    ,asc
2026-07-15T15:52:40.491+05:30  INFO 17468 --- [asg-shipping] [main] c.a.s.v.c.VesselMasterController         : Successfully retrieved vessels
2026-07-15T15:52:40.507+05:30  INFO 17468 --- [asg-shipping] [main] o.s.mock.web.MockServletContext          : Initializing Spring TestDispatcherServlet ''
2026-07-15T15:52:40.507+05:30  INFO 17468 --- [asg-shipping] [main] o.s.t.web.servlet.TestDispatcherServlet  : Initializing Servlet ''
2026-07-15T15:52:40.508+05:30  INFO 17468 --- [asg-shipping] [main] o.s.t.web.servlet.TestDispatcherServlet  : Completed initialization in 0 ms
2026-07-15T15:52:40.509+05:30  INFO 17468 --- [asg-shipping] [main] c.a.s.v.c.VesselMasterController         : Toggling active status for vessel with id: 1
2026-07-15T15:52:40.510+05:30  INFO 17468 --- [asg-shipping] [main] c.a.s.v.c.VesselMasterController         : Successfully toggled active status for vessel with id: 1
2026-07-15T15:52:40.523+05:30  INFO 17468 --- [asg-shipping] [main] o.s.mock.web.MockServletContext          : Initializing Spring TestDispatcherServlet ''
2026-07-15T15:52:40.524+05:30  INFO 17468 --- [asg-shipping] [main] o.s.t.web.servlet.TestDispatcherServlet  : Initializing Servlet ''
2026-07-15T15:52:40.524+05:30  INFO 17468 --- [asg-shipping] [main] o.s.t.web.servlet.TestDispatcherServlet  : Completed initialization in 0 ms
2026-07-15T15:52:40.538+05:30  INFO 17468 --- [asg-shipping] [main] o.s.mock.web.MockServletContext          : Initializing Spring TestDispatcherServlet ''
2026-07-15T15:52:40.538+05:30  INFO 17468 --- [asg-shipping] [main] o.s.t.web.servlet.TestDispatcherServlet  : Initializing Servlet ''
2026-07-15T15:52:40.538+05:30  INFO 17468 --- [asg-shipping] [main] o.s.t.web.servlet.TestDispatcherServlet  : Completed initialization in 0 ms
2026-07-15T15:52:40.551+05:30  INFO 17468 --- [asg-shipping] [main] o.s.mock.web.MockServletContext          : Initializing Spring TestDispatcherServlet ''
2026-07-15T15:52:40.552+05:30  INFO 17468 --- [asg-shipping] [main] o.s.t.web.servlet.TestDispatcherServlet  : Initializing Servlet ''
2026-07-15T15:52:40.552+05:30  INFO 17468 --- [asg-shipping] [main] o.s.t.web.servlet.TestDispatcherServlet  : Completed initialization in 0 ms
2026-07-15T15:52:40.555+05:30  INFO 17468 --- [asg-shipping] [main] c.a.s.v.c.VesselMasterController         : Searching vessels with page: 0, size: 20, sort: vesselName,desc
2026-07-15T15:52:40.555+05:30  INFO 17468 --- [asg-shipping] [main] c.a.s.v.c.VesselMasterController         : Successfully retrieved vessels
2026-07-15T15:52:40.570+05:30  INFO 17468 --- [asg-shipping] [main] o.s.mock.web.MockServletContext          : Initializing Spring TestDispatcherServlet ''
2026-07-15T15:52:40.571+05:30  INFO 17468 --- [asg-shipping] [main] o.s.t.web.servlet.TestDispatcherServlet  : Initializing Servlet ''
2026-07-15T15:52:40.571+05:30  INFO 17468 --- [asg-shipping] [main] o.s.t.web.servlet.TestDispatcherServlet  : Completed initialization in 0 ms
2026-07-15T15:52:40.574+05:30  INFO 17468 --- [asg-shipping] [main] c.a.s.v.c.VesselMasterController         : Searching vessels with page: 0, size: 20, sort: null
2026-07-15T15:52:40.574+05:30  INFO 17468 --- [asg-shipping] [main] c.a.s.v.c.VesselMasterController         : Successfully retrieved vessels
2026-07-15T15:52:40.591+05:30  INFO 17468 --- [asg-shipping] [main] o.s.mock.web.MockServletContext          : Initializing Spring TestDispatcherServlet ''
2026-07-15T15:52:40.591+05:30  INFO 17468 --- [asg-shipping] [main] o.s.t.web.servlet.TestDispatcherServlet  : Initializing Servlet ''
2026-07-15T15:52:40.591+05:30  INFO 17468 --- [asg-shipping] [main] o.s.t.web.servlet.TestDispatcherServlet  : Completed initialization in 0 ms
2026-07-15T15:52:40.605+05:30  INFO 17468 --- [asg-shipping] [main] o.s.mock.web.MockServletContext          : Initializing Spring TestDispatcherServlet ''
2026-07-15T15:52:40.605+05:30  INFO 17468 --- [asg-shipping] [main] o.s.t.web.servlet.TestDispatcherServlet  : Initializing Servlet ''
2026-07-15T15:52:40.605+05:30  INFO 17468 --- [asg-shipping] [main] o.s.t.web.servlet.TestDispatcherServlet  : Completed initialization in 0 ms
2026-07-15T15:52:40.610+05:30  INFO 17468 --- [asg-shipping] [main] c.a.s.v.c.VesselMasterController         : Searching vessels with page: 0, size: 20, sort: vesselPoid,asc
2026-07-15T15:52:40.610+05:30  INFO 17468 --- [asg-shipping] [main] c.a.s.v.c.VesselMasterController         : Successfully retrieved vessels
2026-07-15T15:52:40.619+05:30  INFO 17468 --- [asg-shipping] [main] c.a.s.v.c.VesselMasterController         : Searching vessels with page: 0, size: 20, sort: vesselCode,desc
2026-07-15T15:52:40.619+05:30  INFO 17468 --- [asg-shipping] [main] c.a.s.v.c.VesselMasterController         : Successfully retrieved vessels
2026-07-15T15:52:40.622+05:30  INFO 17468 --- [asg-shipping] [main] c.a.s.v.c.VesselMasterController         : Searching vessels with page: 0, size: 20, sort: vesselName,asc
2026-07-15T15:52:40.622+05:30  INFO 17468 --- [asg-shipping] [main] c.a.s.v.c.VesselMasterController         : Successfully retrieved vessels
2026-07-15T15:52:40.624+05:30  INFO 17468 --- [asg-shipping] [main] c.a.s.v.c.VesselMasterController         : Searching vessels with page: 0, size: 20, sort: vesselName2,desc
2026-07-15T15:52:40.624+05:30  INFO 17468 --- [asg-shipping] [main] c.a.s.v.c.VesselMasterController         : Successfully retrieved vessels
2026-07-15T15:52:40.625+05:30  INFO 17468 --- [asg-shipping] [main] c.a.s.v.c.VesselMasterController         : Searching vessels with page: 0, size: 20, sort: imoNumber,asc
2026-07-15T15:52:40.626+05:30  INFO 17468 --- [asg-shipping] [main] c.a.s.v.c.VesselMasterController         : Successfully retrieved vessels
2026-07-15T15:52:40.627+05:30  INFO 17468 --- [asg-shipping] [main] c.a.s.v.c.VesselMasterController         : Searching vessels with page: 0, size: 20, sort: createdDate,desc
2026-07-15T15:52:40.627+05:30  INFO 17468 --- [asg-shipping] [main] c.a.s.v.c.VesselMasterController         : Successfully retrieved vessels
2026-07-15T15:52:40.631+05:30  INFO 17468 --- [asg-shipping] [main] c.a.s.v.c.VesselMasterController         : Searching vessels with page: 0, size: 20, sort: lastModifiedDate,asc
2026-07-15T15:52:40.632+05:30  INFO 17468 --- [asg-shipping] [main] c.a.s.v.c.VesselMasterController         : Successfully retrieved vessels
2026-07-15T15:52:40.633+05:30  INFO 17468 --- [asg-shipping] [main] c.a.s.v.c.VesselMasterController         : Searching vessels with page: 0, size: 20, sort: unknownField,asc
2026-07-15T15:52:40.634+05:30  INFO 17468 --- [asg-shipping] [main] c.a.s.v.c.VesselMasterController         : Successfully retrieved vessels
2026-07-15T15:52:40.643+05:30  INFO 17468 --- [asg-shipping] [main] o.s.mock.web.MockServletContext          : Initializing Spring TestDispatcherServlet ''
2026-07-15T15:52:40.644+05:30  INFO 17468 --- [asg-shipping] [main] o.s.t.web.servlet.TestDispatcherServlet  : Initializing Servlet ''
2026-07-15T15:52:40.644+05:30  INFO 17468 --- [asg-shipping] [main] o.s.t.web.servlet.TestDispatcherServlet  : Completed initialization in 0 ms
2026-07-15T15:52:40.650+05:30  INFO 17468 --- [asg-shipping] [main] c.a.s.v.c.VesselMasterController         : Searching vessels with page: 0, size: 20, sort: 
2026-07-15T15:52:40.650+05:30  INFO 17468 --- [asg-shipping] [main] c.a.s.v.c.VesselMasterController         : Successfully retrieved vessels
2026-07-15T15:52:40.663+05:30  INFO 17468 --- [asg-shipping] [main] o.s.mock.web.MockServletContext          : Initializing Spring TestDispatcherServlet ''
2026-07-15T15:52:40.664+05:30  INFO 17468 --- [asg-shipping] [main] o.s.t.web.servlet.TestDispatcherServlet  : Initializing Servlet ''
2026-07-15T15:52:40.664+05:30  INFO 17468 --- [asg-shipping] [main] o.s.t.web.servlet.TestDispatcherServlet  : Completed initialization in 0 ms
2026-07-15T15:52:40.667+05:30  INFO 17468 --- [asg-shipping] [main] c.a.s.v.c.VesselMasterController         : Searching vessels with page: 0, size: 20, sort:    ,asc
2026-07-15T15:52:40.669+05:30  INFO 17468 --- [asg-shipping] [main] c.a.s.v.c.VesselMasterController         : Successfully retrieved vessels
2026-07-15T15:52:40.682+05:30  INFO 17468 --- [asg-shipping] [main] o.s.mock.web.MockServletContext          : Initializing Spring TestDispatcherServlet ''
2026-07-15T15:52:40.682+05:30  INFO 17468 --- [asg-shipping] [main] o.s.t.web.servlet.TestDispatcherServlet  : Initializing Servlet ''
2026-07-15T15:52:40.682+05:30  INFO 17468 --- [asg-shipping] [main] o.s.t.web.servlet.TestDispatcherServlet  : Completed initialization in 0 ms
2026-07-15T15:52:40.686+05:30  INFO 17468 --- [asg-shipping] [main] c.a.s.v.c.VesselMasterController         : Searching vessels with page: 0, size: 20, sort: vesselPoid,asc
2026-07-15T15:52:40.686+05:30  INFO 17468 --- [asg-shipping] [main] c.a.s.v.c.VesselMasterController         : Successfully retrieved vessels
2026-07-15T15:52:40.690+05:30  INFO 17468 --- [asg-shipping] [main] c.a.s.v.c.VesselMasterController         : Searching vessels with page: 0, size: 20, sort: vesselCode,asc
2026-07-15T15:52:40.690+05:30  INFO 17468 --- [asg-shipping] [main] c.a.s.v.c.VesselMasterController         : Successfully retrieved vessels
2026-07-15T15:52:40.692+05:30  INFO 17468 --- [asg-shipping] [main] c.a.s.v.c.VesselMasterController         : Searching vessels with page: 0, size: 20, sort: vesselName,asc
2026-07-15T15:52:40.692+05:30  INFO 17468 --- [asg-shipping] [main] c.a.s.v.c.VesselMasterController         : Successfully retrieved vessels
2026-07-15T15:52:40.694+05:30  INFO 17468 --- [asg-shipping] [main] c.a.s.v.c.VesselMasterController         : Searching vessels with page: 0, size: 20, sort: vesselName2,asc
2026-07-15T15:52:40.694+05:30  INFO 17468 --- [asg-shipping] [main] c.a.s.v.c.VesselMasterController         : Successfully retrieved vessels
2026-07-15T15:52:40.696+05:30  INFO 17468 --- [asg-shipping] [main] c.a.s.v.c.VesselMasterController         : Searching vessels with page: 0, size: 20, sort: imoNumber,asc
2026-07-15T15:52:40.697+05:30  INFO 17468 --- [asg-shipping] [main] c.a.s.v.c.VesselMasterController         : Successfully retrieved vessels
2026-07-15T15:52:40.699+05:30  INFO 17468 --- [asg-shipping] [main] c.a.s.v.c.VesselMasterController         : Searching vessels with page: 0, size: 20, sort: createdDate,asc
2026-07-15T15:52:40.700+05:30  INFO 17468 --- [asg-shipping] [main] c.a.s.v.c.VesselMasterController         : Successfully retrieved vessels
2026-07-15T15:52:40.702+05:30  INFO 17468 --- [asg-shipping] [main] c.a.s.v.c.VesselMasterController         : Searching vessels with page: 0, size: 20, sort: lastModifiedDate,asc
2026-07-15T15:52:40.702+05:30  INFO 17468 --- [asg-shipping] [main] c.a.s.v.c.VesselMasterController         : Successfully retrieved vessels
2026-07-15T15:52:40.711+05:30  INFO 17468 --- [asg-shipping] [main] o.s.mock.web.MockServletContext          : Initializing Spring TestDispatcherServlet ''
2026-07-15T15:52:40.711+05:30  INFO 17468 --- [asg-shipping] [main] o.s.t.web.servlet.TestDispatcherServlet  : Initializing Servlet ''
2026-07-15T15:52:40.711+05:30  INFO 17468 --- [asg-shipping] [main] o.s.t.web.servlet.TestDispatcherServlet  : Completed initialization in 0 ms
2026-07-15T15:52:40.717+05:30  INFO 17468 --- [asg-shipping] [main] c.a.s.v.c.VesselMasterController         : Searching vessels with page: 0, size: 20, sort: vesselName
2026-07-15T15:52:40.717+05:30  INFO 17468 --- [asg-shipping] [main] c.a.s.v.c.VesselMasterController         : Successfully retrieved vessels
2026-07-15T15:52:40.731+05:30  INFO 17468 --- [asg-shipping] [main] o.s.mock.web.MockServletContext          : Initializing Spring TestDispatcherServlet ''
2026-07-15T15:52:40.731+05:30  INFO 17468 --- [asg-shipping] [main] o.s.t.web.servlet.TestDispatcherServlet  : Initializing Servlet ''
2026-07-15T15:52:40.732+05:30  INFO 17468 --- [asg-shipping] [main] o.s.t.web.servlet.TestDispatcherServlet  : Completed initialization in 1 ms
2026-07-15T15:52:40.736+05:30  INFO 17468 --- [asg-shipping] [main] c.a.s.v.c.VesselMasterController         : Searching vessels with page: 0, size: 20, sort: vesselName,asc
2026-07-15T15:52:40.736+05:30  INFO 17468 --- [asg-shipping] [main] c.a.s.v.c.VesselMasterController         : Successfully retrieved vessels
2026-07-15T15:52:40.746+05:30  INFO 17468 --- [asg-shipping] [main] c.a.s.v.s.VesselMasterLovServiceImpl     : Fetching AGENT_MASTER LOV with agentPoid filter: null
2026-07-15T15:52:40.747+05:30  INFO 17468 --- [asg-shipping] [main] c.a.s.v.s.VesselMasterLovServiceImpl     : Fetched 2 AGENT_MASTER LOV items
2026-07-15T15:52:40.751+05:30  INFO 17468 --- [asg-shipping] [main] c.a.s.v.s.VesselMasterLovServiceImpl     : Fetching LINE_MASTER LOV with linePoid filter: null
2026-07-15T15:52:40.751+05:30  INFO 17468 --- [asg-shipping] [main] c.a.s.v.s.VesselMasterLovServiceImpl     : Fetched 2 LINE_MASTER LOV items
2026-07-15T15:52:40.754+05:30  INFO 17468 --- [asg-shipping] [main] c.a.s.v.s.VesselMasterLovServiceImpl     : Fetching VESSEL_TYPE LOV with vesselTypePoid filter: null
2026-07-15T15:52:40.754+05:30  INFO 17468 --- [asg-shipping] [main] c.a.s.v.s.VesselMasterLovServiceImpl     : Fetched 2 VESSEL_TYPE LOV items
2026-07-15T15:52:40.756+05:30  INFO 17468 --- [asg-shipping] [main] c.a.s.v.s.VesselMasterLovServiceImpl     : Fetching AGENT_MASTER LOV with agentPoid filter: 20
2026-07-15T15:52:40.757+05:30  INFO 17468 --- [asg-shipping] [main] c.a.s.v.s.VesselMasterLovServiceImpl     : Fetched 1 AGENT_MASTER LOV items
2026-07-15T15:52:40.759+05:30  INFO 17468 --- [asg-shipping] [main] c.a.s.v.s.VesselMasterLovServiceImpl     : Fetching LINE_MASTER LOV with linePoid filter: 10
2026-07-15T15:52:40.759+05:30  INFO 17468 --- [asg-shipping] [main] c.a.s.v.s.VesselMasterLovServiceImpl     : Fetched 1 LINE_MASTER LOV items
2026-07-15T15:52:40.762+05:30  INFO 17468 --- [asg-shipping] [main] c.a.s.v.s.VesselMasterLovServiceImpl     : Fetching VESSEL_TYPE LOV with vesselTypePoid filter: null
2026-07-15T15:52:40.764+05:30  INFO 17468 --- [asg-shipping] [main] c.a.s.v.s.VesselMasterLovServiceImpl     : Fetched 1 VESSEL_TYPE LOV items
2026-07-15T15:52:40.767+05:30  INFO 17468 --- [asg-shipping] [main] c.a.s.v.s.VesselMasterLovServiceImpl     : Fetching LINE_MASTER LOV with linePoid filter: null
2026-07-15T15:52:40.767+05:30  INFO 17468 --- [asg-shipping] [main] c.a.s.v.s.VesselMasterLovServiceImpl     : Fetched 0 LINE_MASTER LOV items
2026-07-15T15:52:40.769+05:30  INFO 17468 --- [asg-shipping] [main] c.a.s.v.s.VesselMasterLovServiceImpl     : Fetching LINE_MASTER LOV with linePoid filter: null
2026-07-15T15:52:40.770+05:30  INFO 17468 --- [asg-shipping] [main] c.a.s.v.s.VesselMasterLovServiceImpl     : Fetched 0 LINE_MASTER LOV items
2026-07-15T15:52:40.773+05:30  INFO 17468 --- [asg-shipping] [main] c.a.s.v.s.VesselMasterLovServiceImpl     : Fetching LINE_MASTER LOV with linePoid filter: null
2026-07-15T15:52:40.774+05:30  INFO 17468 --- [asg-shipping] [main] c.a.s.v.s.VesselMasterLovServiceImpl     : Fetched 1 LINE_MASTER LOV items
2026-07-15T15:52:40.776+05:30  INFO 17468 --- [asg-shipping] [main] c.a.s.v.s.VesselMasterLovServiceImpl     : Fetching AGENT_MASTER LOV with agentPoid filter: null
2026-07-15T15:52:40.776+05:30  INFO 17468 --- [asg-shipping] [main] c.a.s.v.s.VesselMasterLovServiceImpl     : Fetched 0 AGENT_MASTER LOV items
2026-07-15T15:52:40.778+05:30  INFO 17468 --- [asg-shipping] [main] c.a.s.v.s.VesselMasterLovServiceImpl     : Fetching AGENT_MASTER LOV with agentPoid filter: null
2026-07-15T15:52:40.778+05:30  INFO 17468 --- [asg-shipping] [main] c.a.s.v.s.VesselMasterLovServiceImpl     : Fetched 0 AGENT_MASTER LOV items
2026-07-15T15:52:40.781+05:30  INFO 17468 --- [asg-shipping] [main] c.a.s.v.s.VesselMasterLovServiceImpl     : Fetching VESSEL_TYPE LOV with vesselTypePoid filter: null
2026-07-15T15:52:40.782+05:30  INFO 17468 --- [asg-shipping] [main] c.a.s.v.s.VesselMasterLovServiceImpl     : Fetched 0 VESSEL_TYPE LOV items
2026-07-15T15:52:40.785+05:30  INFO 17468 --- [asg-shipping] [main] c.a.s.v.s.VesselMasterLovServiceImpl     : Fetching AGENT_MASTER LOV with agentPoid filter: null
2026-07-15T15:52:40.785+05:30  INFO 17468 --- [asg-shipping] [main] c.a.s.v.s.VesselMasterLovServiceImpl     : Fetched 1 AGENT_MASTER LOV items
2026-07-15T15:52:40.787+05:30  INFO 17468 --- [asg-shipping] [main] c.a.s.v.s.VesselMasterLovServiceImpl     : Fetching VESSEL_TYPE LOV with vesselTypePoid filter: 30
2026-07-15T15:52:40.787+05:30  INFO 17468 --- [asg-shipping] [main] c.a.s.v.s.VesselMasterLovServiceImpl     : Fetched 1 VESSEL_TYPE LOV items
2026-07-15T15:52:40.789+05:30  INFO 17468 --- [asg-shipping] [main] c.a.s.v.s.VesselMasterLovServiceImpl     : Fetching VESSEL_TYPE LOV with vesselTypePoid filter: null
2026-07-15T15:52:40.789+05:30  INFO 17468 --- [asg-shipping] [main] c.a.s.v.s.VesselMasterLovServiceImpl     : Fetched 0 VESSEL_TYPE LOV items
2026-07-15T15:52:41.226+05:30  INFO 17468 --- [asg-shipping] [main] c.a.s.v.service.VesselMasterServiceImpl  : Updating vessel with id: 1
2026-07-15T15:52:41.228+05:30  INFO 17468 --- [asg-shipping] [main] c.a.s.v.service.VesselMasterServiceImpl  : Successfully updated vessel with id: 1
2026-07-15T15:52:41.234+05:30  INFO 17468 --- [asg-shipping] [main] c.a.s.v.service.VesselMasterServiceImpl  : Updating vessel with id: 1
2026-07-15T15:52:41.235+05:30  INFO 17468 --- [asg-shipping] [main] c.a.s.v.service.VesselMasterServiceImpl  : Successfully updated vessel with id: 1
2026-07-15T15:52:41.238+05:30  INFO 17468 --- [asg-shipping] [main] c.a.s.v.service.VesselMasterServiceImpl  : Updating vessel with id: 1
2026-07-15T15:52:41.242+05:30  INFO 17468 --- [asg-shipping] [main] c.a.s.v.service.VesselMasterServiceImpl  : Creating vessel with code: VSL002, name: New Vessel
2026-07-15T15:52:41.242+05:30  INFO 17468 --- [asg-shipping] [main] c.a.s.v.service.VesselMasterServiceImpl  : Successfully created vessel with id: 2
2026-07-15T15:52:41.246+05:30  INFO 17468 --- [asg-shipping] [main] c.a.s.v.service.VesselMasterServiceImpl  : Creating vessel with code: VSL002, name: New Vessel
2026-07-15T15:52:41.247+05:30  INFO 17468 --- [asg-shipping] [main] c.a.s.v.service.VesselMasterServiceImpl  : Successfully created vessel with id: 2
2026-07-15T15:52:41.251+05:30  INFO 17468 --- [asg-shipping] [main] c.a.s.v.service.VesselMasterServiceImpl  : Getting vessel with id: 1
2026-07-15T15:52:41.252+05:30  INFO 17468 --- [asg-shipping] [main] c.a.s.v.service.VesselMasterServiceImpl  : Successfully retrieved vessel with id: 1
2026-07-15T15:52:41.255+05:30  INFO 17468 --- [asg-shipping] [main] c.a.s.v.service.VesselMasterServiceImpl  : Deleting vessel with id: 1
2026-07-15T15:52:41.255+05:30  INFO 17468 --- [asg-shipping] [main] c.a.s.v.service.VesselMasterServiceImpl  : Vessel with id: 1 is already deleted
2026-07-15T15:52:41.258+05:30  INFO 17468 --- [asg-shipping] [main] c.a.s.v.service.VesselMasterServiceImpl  : Getting vessel with id: 1
2026-07-15T15:52:41.258+05:30  INFO 17468 --- [asg-shipping] [main] c.a.s.v.service.VesselMasterServiceImpl  : Successfully retrieved vessel with id: 1
2026-07-15T15:52:41.261+05:30  INFO 17468 --- [asg-shipping] [main] c.a.s.v.service.VesselMasterServiceImpl  : Creating vessel with code: VSL002, name: New Vessel
2026-07-15T15:52:41.267+05:30  INFO 17468 --- [asg-shipping] [main] c.a.s.v.service.VesselMasterServiceImpl  : Deleting vessel with id: 1
2026-07-15T15:52:41.267+05:30  INFO 17468 --- [asg-shipping] [main] c.a.s.v.service.VesselMasterServiceImpl  : Successfully deleted vessel with id: 1
2026-07-15T15:52:41.271+05:30  INFO 17468 --- [asg-shipping] [main] c.a.s.v.service.VesselMasterServiceImpl  : Getting vessel with id: 1
2026-07-15T15:52:41.271+05:30  WARN 17468 --- [asg-shipping] [main] c.a.s.v.service.VesselMasterServiceImpl  : Failed to fetch AGENT_MASTER LOV for agentPoid: 20

java.lang.RuntimeException: Agent LOV Error
	at com.asg.shipping.vesselmaster.service.VesselMasterServiceImpl.enrichDtoWithLovData(VesselMasterServiceImpl.java:221) ~[classes/:na]
	at com.asg.shipping.vesselmaster.service.VesselMasterServiceImpl.getVessel(VesselMasterServiceImpl.java:83) ~[classes/:na]
	at com.asg.shipping.vesselmaster.service.VesselMasterServiceImplTest.getVessel_WithAgentLovException_ContinuesGracefully(VesselMasterServiceImplTest.java:307) ~[test-classes/:na]
	at java.base/jdk.internal.reflect.DirectMethodHandleAccessor.invoke(DirectMethodHandleAccessor.java:103) ~[na:na]
	at java.base/java.lang.reflect.Method.invoke(Method.java:580) ~[na:na]
	at org.junit.platform.commons.util.ReflectionUtils.invokeMethod(ReflectionUtils.java:701) ~[junit-platform-commons-6.0.1.jar:6.0.1]
	at org.junit.platform.commons.support.ReflectionSupport.invokeMethod(ReflectionSupport.java:502) ~[junit-platform-commons-6.0.1.jar:6.0.1]
	at org.junit.jupiter.engine.support.MethodReflectionUtils.invoke(MethodReflectionUtils.java:45) ~[junit-jupiter-engine-6.0.1.jar:6.0.1]
	at org.junit.jupiter.engine.execution.MethodInvocation.proceed(MethodInvocation.java:61) ~[junit-jupiter-engine-6.0.1.jar:6.0.1]
	at org.junit.jupiter.engine.execution.InvocationInterceptorChain$ValidatingInvocation.proceed(InvocationInterceptorChain.java:124) ~[junit-jupiter-engine-6.0.1.jar:6.0.1]
	at org.junit.jupiter.engine.extension.TimeoutExtension.intercept(TimeoutExtension.java:163) ~[junit-jupiter-engine-6.0.1.jar:6.0.1]
	at org.junit.jupiter.engine.extension.TimeoutExtension.interceptTestableMethod(TimeoutExtension.java:148) ~[junit-jupiter-engine-6.0.1.jar:6.0.1]
	at org.junit.jupiter.engine.extension.TimeoutExtension.interceptTestMethod(TimeoutExtension.java:86) ~[junit-jupiter-engine-6.0.1.jar:6.0.1]
	at org.junit.jupiter.engine.execution.InterceptingExecutableInvoker$ReflectiveInterceptorCall.lambda$ofVoidMethod$0(InterceptingExecutableInvoker.java:123) ~[junit-jupiter-engine-6.0.1.jar:6.0.1]
	at org.junit.jupiter.engine.execution.InterceptingExecutableInvoker.lambda$invoke$0(InterceptingExecutableInvoker.java:105) ~[junit-jupiter-engine-6.0.1.jar:6.0.1]
	at org.junit.jupiter.engine.execution.InvocationInterceptorChain$InterceptedInvocation.proceed(InvocationInterceptorChain.java:99) ~[junit-jupiter-engine-6.0.1.jar:6.0.1]
	at org.junit.jupiter.engine.execution.InvocationInterceptorChain.proceed(InvocationInterceptorChain.java:66) ~[junit-jupiter-engine-6.0.1.jar:6.0.1]
	at org.junit.jupiter.engine.execution.InvocationInterceptorChain.chainAndInvoke(InvocationInterceptorChain.java:47) ~[junit-jupiter-engine-6.0.1.jar:6.0.1]
	at org.junit.jupiter.engine.execution.InvocationInterceptorChain.invoke(InvocationInterceptorChain.java:39) ~[junit-jupiter-engine-6.0.1.jar:6.0.1]
	at org.junit.jupiter.engine.execution.InterceptingExecutableInvoker.invoke(InterceptingExecutableInvoker.java:104) ~[junit-jupiter-engine-6.0.1.jar:6.0.1]
	at org.junit.jupiter.engine.execution.InterceptingExecutableInvoker.invoke(InterceptingExecutableInvoker.java:98) ~[junit-jupiter-engine-6.0.1.jar:6.0.1]
	at org.junit.jupiter.engine.execution.InterceptingExecutableInvoker.invokeVoid(InterceptingExecutableInvoker.java:71) ~[junit-jupiter-engine-6.0.1.jar:6.0.1]
	at org.junit.jupiter.engine.descriptor.TestMethodTestDescriptor.lambda$invokeTestMethod$0(TestMethodTestDescriptor.java:219) ~[junit-jupiter-engine-6.0.1.jar:6.0.1]
	at org.junit.platform.engine.support.hierarchical.ThrowableCollector.execute(ThrowableCollector.java:74) ~[junit-platform-engine-6.0.1.jar:6.0.1]
	at org.junit.jupiter.engine.descriptor.TestMethodTestDescriptor.invokeTestMethod(TestMethodTestDescriptor.java:215) ~[junit-jupiter-engine-6.0.1.jar:6.0.1]
	at org.junit.jupiter.engine.descriptor.TestMethodTestDescriptor.execute(TestMethodTestDescriptor.java:157) ~[junit-jupiter-engine-6.0.1.jar:6.0.1]
	at org.junit.jupiter.engine.descriptor.TestMethodTestDescriptor.execute(TestMethodTestDescriptor.java:70) ~[junit-jupiter-engine-6.0.1.jar:6.0.1]
	at org.junit.platform.engine.support.hierarchical.NodeTestTask.lambda$executeRecursively$2(NodeTestTask.java:176) ~[junit-platform-engine-6.0.1.jar:6.0.1]
	at org.junit.platform.engine.support.hierarchical.ThrowableCollector.execute(ThrowableCollector.java:74) ~[junit-platform-engine-6.0.1.jar:6.0.1]
	at org.junit.platform.engine.support.hierarchical.NodeTestTask.lambda$executeRecursively$1(NodeTestTask.java:166) ~[junit-platform-engine-6.0.1.jar:6.0.1]
	at org.junit.platform.engine.support.hierarchical.Node.around(Node.java:138) ~[junit-platform-engine-6.0.1.jar:6.0.1]
	at org.junit.platform.engine.support.hierarchical.NodeTestTask.lambda$executeRecursively$0(NodeTestTask.java:164) ~[junit-platform-engine-6.0.1.jar:6.0.1]
	at org.junit.platform.engine.support.hierarchical.ThrowableCollector.execute(ThrowableCollector.java:74) ~[junit-platform-engine-6.0.1.jar:6.0.1]
	at org.junit.platform.engine.support.hierarchical.NodeTestTask.executeRecursively(NodeTestTask.java:163) ~[junit-platform-engine-6.0.1.jar:6.0.1]
	at org.junit.platform.engine.support.hierarchical.NodeTestTask.execute(NodeTestTask.java:116) ~[junit-platform-engine-6.0.1.jar:6.0.1]
	at java.base/java.util.ArrayList.forEach(ArrayList.java:1596) ~[na:na]
	at org.junit.platform.engine.support.hierarchical.SameThreadHierarchicalTestExecutorService.invokeAll(SameThreadHierarchicalTestExecutorService.java:42) ~[junit-platform-engine-6.0.1.jar:6.0.1]
	at org.junit.platform.engine.support.hierarchical.NodeTestTask.lambda$executeRecursively$2(NodeTestTask.java:180) ~[junit-platform-engine-6.0.1.jar:6.0.1]
	at org.junit.platform.engine.support.hierarchical.ThrowableCollector.execute(ThrowableCollector.java:74) ~[junit-platform-engine-6.0.1.jar:6.0.1]
	at org.junit.platform.engine.support.hierarchical.NodeTestTask.lambda$executeRecursively$1(NodeTestTask.java:166) ~[junit-platform-engine-6.0.1.jar:6.0.1]
	at org.junit.platform.engine.support.hierarchical.Node.around(Node.java:138) ~[junit-platform-engine-6.0.1.jar:6.0.1]
	at org.junit.platform.engine.support.hierarchical.NodeTestTask.lambda$executeRecursively$0(NodeTestTask.java:164) ~[junit-platform-engine-6.0.1.jar:6.0.1]
	at org.junit.platform.engine.support.hierarchical.ThrowableCollector.execute(ThrowableCollector.java:74) ~[junit-platform-engine-6.0.1.jar:6.0.1]
	at org.junit.platform.engine.support.hierarchical.NodeTestTask.executeRecursively(NodeTestTask.java:163) ~[junit-platform-engine-6.0.1.jar:6.0.1]
	at org.junit.platform.engine.support.hierarchical.NodeTestTask.execute(NodeTestTask.java:116) ~[junit-platform-engine-6.0.1.jar:6.0.1]
	at java.base/java.util.ArrayList.forEach(ArrayList.java:1596) ~[na:na]
	at org.junit.platform.engine.support.hierarchical.SameThreadHierarchicalTestExecutorService.invokeAll(SameThreadHierarchicalTestExecutorService.java:42) ~[junit-platform-engine-6.0.1.jar:6.0.1]
	at org.junit.platform.engine.support.hierarchical.NodeTestTask.lambda$executeRecursively$2(NodeTestTask.java:180) ~[junit-platform-engine-6.0.1.jar:6.0.1]
	at org.junit.platform.engine.support.hierarchical.ThrowableCollector.execute(ThrowableCollector.java:74) ~[junit-platform-engine-6.0.1.jar:6.0.1]
	at org.junit.platform.engine.support.hierarchical.NodeTestTask.lambda$executeRecursively$1(NodeTestTask.java:166) ~[junit-platform-engine-6.0.1.jar:6.0.1]
	at org.junit.platform.engine.support.hierarchical.Node.around(Node.java:138) ~[junit-platform-engine-6.0.1.jar:6.0.1]
	at org.junit.platform.engine.support.hierarchical.NodeTestTask.lambda$executeRecursively$0(NodeTestTask.java:164) ~[junit-platform-engine-6.0.1.jar:6.0.1]
	at org.junit.platform.engine.support.hierarchical.ThrowableCollector.execute(ThrowableCollector.java:74) ~[junit-platform-engine-6.0.1.jar:6.0.1]
	at org.junit.platform.engine.support.hierarchical.NodeTestTask.executeRecursively(NodeTestTask.java:163) ~[junit-platform-engine-6.0.1.jar:6.0.1]
	at org.junit.platform.engine.support.hierarchical.NodeTestTask.execute(NodeTestTask.java:116) ~[junit-platform-engine-6.0.1.jar:6.0.1]
	at org.junit.platform.engine.support.hierarchical.SameThreadHierarchicalTestExecutorService.submit(SameThreadHierarchicalTestExecutorService.java:36) ~[junit-platform-engine-6.0.1.jar:6.0.1]
	at org.junit.platform.engine.support.hierarchical.HierarchicalTestExecutor.execute(HierarchicalTestExecutor.java:52) ~[junit-platform-engine-6.0.1.jar:6.0.1]
	at org.junit.platform.engine.support.hierarchical.HierarchicalTestEngine.execute(HierarchicalTestEngine.java:58) ~[junit-platform-engine-6.0.1.jar:6.0.1]
	at org.junit.platform.launcher.core.EngineExecutionOrchestrator.executeEngine(EngineExecutionOrchestrator.java:246) ~[junit-platform-launcher-6.0.1.jar:6.0.1]
	at org.junit.platform.launcher.core.EngineExecutionOrchestrator.failOrExecuteEngine(EngineExecutionOrchestrator.java:218) ~[junit-platform-launcher-6.0.1.jar:6.0.1]
	at org.junit.platform.launcher.core.EngineExecutionOrchestrator.execute(EngineExecutionOrchestrator.java:179) ~[junit-platform-launcher-6.0.1.jar:6.0.1]
	at org.junit.platform.launcher.core.EngineExecutionOrchestrator.execute(EngineExecutionOrchestrator.java:108) ~[junit-platform-launcher-6.0.1.jar:6.0.1]
	at org.junit.platform.launcher.core.EngineExecutionOrchestrator.lambda$execute$0(EngineExecutionOrchestrator.java:66) ~[junit-platform-launcher-6.0.1.jar:6.0.1]
	at org.junit.platform.launcher.core.EngineExecutionOrchestrator.withInterceptedStreams(EngineExecutionOrchestrator.java:157) ~[junit-platform-launcher-6.0.1.jar:6.0.1]
	at org.junit.platform.launcher.core.EngineExecutionOrchestrator.execute(EngineExecutionOrchestrator.java:65) ~[junit-platform-launcher-6.0.1.jar:6.0.1]
	at org.junit.platform.launcher.core.DefaultLauncher.execute(DefaultLauncher.java:125) ~[junit-platform-launcher-6.0.1.jar:6.0.1]
	at org.junit.platform.launcher.core.DefaultLauncher.execute(DefaultLauncher.java:114) ~[junit-platform-launcher-6.0.1.jar:6.0.1]
	at org.junit.platform.launcher.core.DelegatingLauncher.execute(DelegatingLauncher.java:58) ~[junit-platform-launcher-6.0.1.jar:6.0.1]
	at org.junit.platform.launcher.core.InterceptingLauncher.lambda$execute$2(InterceptingLauncher.java:57) ~[junit-platform-launcher-6.0.1.jar:6.0.1]
	at org.junit.platform.launcher.core.ClasspathAlignmentCheckingLauncherInterceptor.intercept(ClasspathAlignmentCheckingLauncherInterceptor.java:25) ~[junit-platform-launcher-6.0.1.jar:6.0.1]
	at org.junit.platform.launcher.core.InterceptingLauncher.execute(InterceptingLauncher.java:56) ~[junit-platform-launcher-6.0.1.jar:6.0.1]
	at org.junit.platform.launcher.core.DelegatingLauncher.execute(DelegatingLauncher.java:58) ~[junit-platform-launcher-6.0.1.jar:6.0.1]
	at java.base/jdk.internal.reflect.DirectMethodHandleAccessor.invoke(DirectMethodHandleAccessor.java:103) ~[na:na]
	at java.base/java.lang.reflect.Method.invoke(Method.java:580) ~[na:na]
	at org.apache.maven.surefire.api.util.ReflectionUtils.invokeMethodWithArray(ReflectionUtils.java:125) ~[surefire-api-3.5.4.jar:3.5.4]
	at org.apache.maven.surefire.junitplatform.LauncherAdapter.executeWithCancellationToken(LauncherAdapter.java:68) ~[surefire-junit-platform-3.5.4.jar:3.5.4]
	at org.apache.maven.surefire.junitplatform.LauncherAdapter.execute(LauncherAdapter.java:54) ~[surefire-junit-platform-3.5.4.jar:3.5.4]
	at org.apache.maven.surefire.junitplatform.JUnitPlatformProvider.execute(JUnitPlatformProvider.java:203) ~[surefire-junit-platform-3.5.4.jar:3.5.4]
	at org.apache.maven.surefire.junitplatform.JUnitPlatformProvider.invokeAllTests(JUnitPlatformProvider.java:168) ~[surefire-junit-platform-3.5.4.jar:3.5.4]
	at org.apache.maven.surefire.junitplatform.JUnitPlatformProvider.invoke(JUnitPlatformProvider.java:136) ~[surefire-junit-platform-3.5.4.jar:3.5.4]
	at org.apache.maven.surefire.booter.ForkedBooter.runSuitesInProcess(ForkedBooter.java:385) ~[surefire-booter-3.5.4.jar:3.5.4]
	at org.apache.maven.surefire.booter.ForkedBooter.execute(ForkedBooter.java:162) ~[surefire-booter-3.5.4.jar:3.5.4]
	at org.apache.maven.surefire.booter.ForkedBooter.run(ForkedBooter.java:507) ~[surefire-booter-3.5.4.jar:3.5.4]
	at org.apache.maven.surefire.booter.ForkedBooter.main(ForkedBooter.java:495) ~[surefire-booter-3.5.4.jar:3.5.4]

2026-07-15T15:52:41.276+05:30  INFO 17468 --- [asg-shipping] [main] c.a.s.v.service.VesselMasterServiceImpl  : Successfully retrieved vessel with id: 1
2026-07-15T15:52:41.282+05:30  INFO 17468 --- [asg-shipping] [main] c.a.s.v.service.VesselMasterServiceImpl  : Getting vessel with id: 1
2026-07-15T15:52:41.282+05:30  INFO 17468 --- [asg-shipping] [main] c.a.s.v.service.VesselMasterServiceImpl  : Successfully retrieved vessel with id: 1
2026-07-15T15:52:41.286+05:30  INFO 17468 --- [asg-shipping] [main] c.a.s.v.service.VesselMasterServiceImpl  : Updating vessel with id: 1
2026-07-15T15:52:41.286+05:30  INFO 17468 --- [asg-shipping] [main] c.a.s.v.service.VesselMasterServiceImpl  : Successfully updated vessel with id: 1
2026-07-15T15:52:41.289+05:30  INFO 17468 --- [asg-shipping] [main] c.a.s.v.service.VesselMasterServiceImpl  : Toggling active status for vessel with id: 1
2026-07-15T15:52:41.289+05:30  INFO 17468 --- [asg-shipping] [main] c.a.s.v.service.VesselMasterServiceImpl  : Successfully toggled active status for vessel with id: 1 to Y
2026-07-15T15:52:41.292+05:30  INFO 17468 --- [asg-shipping] [main] c.a.s.v.service.VesselMasterServiceImpl  : Searching vessels with page: 0, size: 20
2026-07-15T15:52:41.297+05:30  INFO 17468 --- [asg-shipping] [main] c.a.s.v.service.VesselMasterServiceImpl  : Creating vessel with code: VSL002, name: New Vessel
2026-07-15T15:52:41.298+05:30  INFO 17468 --- [asg-shipping] [main] c.a.s.v.service.VesselMasterServiceImpl  : Successfully created vessel with id: 2
2026-07-15T15:52:41.301+05:30  INFO 17468 --- [asg-shipping] [main] c.a.s.v.service.VesselMasterServiceImpl  : Getting vessel with id: 1
2026-07-15T15:52:41.303+05:30  WARN 17468 --- [asg-shipping] [main] c.a.s.v.service.VesselMasterServiceImpl  : Failed to fetch some LOV data

java.lang.RuntimeException: LOV Error
	at com.asg.shipping.vesselmaster.service.VesselMasterServiceImpl.enrichDtoWithLovData(VesselMasterServiceImpl.java:208) ~[classes/:na]
	at com.asg.shipping.vesselmaster.service.VesselMasterServiceImpl.getVessel(VesselMasterServiceImpl.java:83) ~[classes/:na]
	at com.asg.shipping.vesselmaster.service.VesselMasterServiceImplTest.getVessel_WithLovException_ContinuesGracefully(VesselMasterServiceImplTest.java:288) ~[test-classes/:na]
	at java.base/jdk.internal.reflect.DirectMethodHandleAccessor.invoke(DirectMethodHandleAccessor.java:103) ~[na:na]
	at java.base/java.lang.reflect.Method.invoke(Method.java:580) ~[na:na]
	at org.junit.platform.commons.util.ReflectionUtils.invokeMethod(ReflectionUtils.java:701) ~[junit-platform-commons-6.0.1.jar:6.0.1]
	at org.junit.platform.commons.support.ReflectionSupport.invokeMethod(ReflectionSupport.java:502) ~[junit-platform-commons-6.0.1.jar:6.0.1]
	at org.junit.jupiter.engine.support.MethodReflectionUtils.invoke(MethodReflectionUtils.java:45) ~[junit-jupiter-engine-6.0.1.jar:6.0.1]
	at org.junit.jupiter.engine.execution.MethodInvocation.proceed(MethodInvocation.java:61) ~[junit-jupiter-engine-6.0.1.jar:6.0.1]
	at org.junit.jupiter.engine.execution.InvocationInterceptorChain$ValidatingInvocation.proceed(InvocationInterceptorChain.java:124) ~[junit-jupiter-engine-6.0.1.jar:6.0.1]
	at org.junit.jupiter.engine.extension.TimeoutExtension.intercept(TimeoutExtension.java:163) ~[junit-jupiter-engine-6.0.1.jar:6.0.1]
	at org.junit.jupiter.engine.extension.TimeoutExtension.interceptTestableMethod(TimeoutExtension.java:148) ~[junit-jupiter-engine-6.0.1.jar:6.0.1]
	at org.junit.jupiter.engine.extension.TimeoutExtension.interceptTestMethod(TimeoutExtension.java:86) ~[junit-jupiter-engine-6.0.1.jar:6.0.1]
	at org.junit.jupiter.engine.execution.InterceptingExecutableInvoker$ReflectiveInterceptorCall.lambda$ofVoidMethod$0(InterceptingExecutableInvoker.java:123) ~[junit-jupiter-engine-6.0.1.jar:6.0.1]
	at org.junit.jupiter.engine.execution.InterceptingExecutableInvoker.lambda$invoke$0(InterceptingExecutableInvoker.java:105) ~[junit-jupiter-engine-6.0.1.jar:6.0.1]
	at org.junit.jupiter.engine.execution.InvocationInterceptorChain$InterceptedInvocation.proceed(InvocationInterceptorChain.java:99) ~[junit-jupiter-engine-6.0.1.jar:6.0.1]
	at org.junit.jupiter.engine.execution.InvocationInterceptorChain.proceed(InvocationInterceptorChain.java:66) ~[junit-jupiter-engine-6.0.1.jar:6.0.1]
	at org.junit.jupiter.engine.execution.InvocationInterceptorChain.chainAndInvoke(InvocationInterceptorChain.java:47) ~[junit-jupiter-engine-6.0.1.jar:6.0.1]
	at org.junit.jupiter.engine.execution.InvocationInterceptorChain.invoke(InvocationInterceptorChain.java:39) ~[junit-jupiter-engine-6.0.1.jar:6.0.1]
	at org.junit.jupiter.engine.execution.InterceptingExecutableInvoker.invoke(InterceptingExecutableInvoker.java:104) ~[junit-jupiter-engine-6.0.1.jar:6.0.1]
	at org.junit.jupiter.engine.execution.InterceptingExecutableInvoker.invoke(InterceptingExecutableInvoker.java:98) ~[junit-jupiter-engine-6.0.1.jar:6.0.1]
	at org.junit.jupiter.engine.execution.InterceptingExecutableInvoker.invokeVoid(InterceptingExecutableInvoker.java:71) ~[junit-jupiter-engine-6.0.1.jar:6.0.1]
	at org.junit.jupiter.engine.descriptor.TestMethodTestDescriptor.lambda$invokeTestMethod$0(TestMethodTestDescriptor.java:219) ~[junit-jupiter-engine-6.0.1.jar:6.0.1]
	at org.junit.platform.engine.support.hierarchical.ThrowableCollector.execute(ThrowableCollector.java:74) ~[junit-platform-engine-6.0.1.jar:6.0.1]
	at org.junit.jupiter.engine.descriptor.TestMethodTestDescriptor.invokeTestMethod(TestMethodTestDescriptor.java:215) ~[junit-jupiter-engine-6.0.1.jar:6.0.1]
	at org.junit.jupiter.engine.descriptor.TestMethodTestDescriptor.execute(TestMethodTestDescriptor.java:157) ~[junit-jupiter-engine-6.0.1.jar:6.0.1]
	at org.junit.jupiter.engine.descriptor.TestMethodTestDescriptor.execute(TestMethodTestDescriptor.java:70) ~[junit-jupiter-engine-6.0.1.jar:6.0.1]
	at org.junit.platform.engine.support.hierarchical.NodeTestTask.lambda$executeRecursively$2(NodeTestTask.java:176) ~[junit-platform-engine-6.0.1.jar:6.0.1]
	at org.junit.platform.engine.support.hierarchical.ThrowableCollector.execute(ThrowableCollector.java:74) ~[junit-platform-engine-6.0.1.jar:6.0.1]
	at org.junit.platform.engine.support.hierarchical.NodeTestTask.lambda$executeRecursively$1(NodeTestTask.java:166) ~[junit-platform-engine-6.0.1.jar:6.0.1]
	at org.junit.platform.engine.support.hierarchical.Node.around(Node.java:138) ~[junit-platform-engine-6.0.1.jar:6.0.1]
	at org.junit.platform.engine.support.hierarchical.NodeTestTask.lambda$executeRecursively$0(NodeTestTask.java:164) ~[junit-platform-engine-6.0.1.jar:6.0.1]
	at org.junit.platform.engine.support.hierarchical.ThrowableCollector.execute(ThrowableCollector.java:74) ~[junit-platform-engine-6.0.1.jar:6.0.1]
	at org.junit.platform.engine.support.hierarchical.NodeTestTask.executeRecursively(NodeTestTask.java:163) ~[junit-platform-engine-6.0.1.jar:6.0.1]
	at org.junit.platform.engine.support.hierarchical.NodeTestTask.execute(NodeTestTask.java:116) ~[junit-platform-engine-6.0.1.jar:6.0.1]
	at java.base/java.util.ArrayList.forEach(ArrayList.java:1596) ~[na:na]
	at org.junit.platform.engine.support.hierarchical.SameThreadHierarchicalTestExecutorService.invokeAll(SameThreadHierarchicalTestExecutorService.java:42) ~[junit-platform-engine-6.0.1.jar:6.0.1]
	at org.junit.platform.engine.support.hierarchical.NodeTestTask.lambda$executeRecursively$2(NodeTestTask.java:180) ~[junit-platform-engine-6.0.1.jar:6.0.1]
	at org.junit.platform.engine.support.hierarchical.ThrowableCollector.execute(ThrowableCollector.java:74) ~[junit-platform-engine-6.0.1.jar:6.0.1]
	at org.junit.platform.engine.support.hierarchical.NodeTestTask.lambda$executeRecursively$1(NodeTestTask.java:166) ~[junit-platform-engine-6.0.1.jar:6.0.1]
	at org.junit.platform.engine.support.hierarchical.Node.around(Node.java:138) ~[junit-platform-engine-6.0.1.jar:6.0.1]
	at org.junit.platform.engine.support.hierarchical.NodeTestTask.lambda$executeRecursively$0(NodeTestTask.java:164) ~[junit-platform-engine-6.0.1.jar:6.0.1]
	at org.junit.platform.engine.support.hierarchical.ThrowableCollector.execute(ThrowableCollector.java:74) ~[junit-platform-engine-6.0.1.jar:6.0.1]
	at org.junit.platform.engine.support.hierarchical.NodeTestTask.executeRecursively(NodeTestTask.java:163) ~[junit-platform-engine-6.0.1.jar:6.0.1]
	at org.junit.platform.engine.support.hierarchical.NodeTestTask.execute(NodeTestTask.java:116) ~[junit-platform-engine-6.0.1.jar:6.0.1]
	at java.base/java.util.ArrayList.forEach(ArrayList.java:1596) ~[na:na]
	at org.junit.platform.engine.support.hierarchical.SameThreadHierarchicalTestExecutorService.invokeAll(SameThreadHierarchicalTestExecutorService.java:42) ~[junit-platform-engine-6.0.1.jar:6.0.1]
	at org.junit.platform.engine.support.hierarchical.NodeTestTask.lambda$executeRecursively$2(NodeTestTask.java:180) ~[junit-platform-engine-6.0.1.jar:6.0.1]
	at org.junit.platform.engine.support.hierarchical.ThrowableCollector.execute(ThrowableCollector.java:74) ~[junit-platform-engine-6.0.1.jar:6.0.1]
	at org.junit.platform.engine.support.hierarchical.NodeTestTask.lambda$executeRecursively$1(NodeTestTask.java:166) ~[junit-platform-engine-6.0.1.jar:6.0.1]
	at org.junit.platform.engine.support.hierarchical.Node.around(Node.java:138) ~[junit-platform-engine-6.0.1.jar:6.0.1]
	at org.junit.platform.engine.support.hierarchical.NodeTestTask.lambda$executeRecursively$0(NodeTestTask.java:164) ~[junit-platform-engine-6.0.1.jar:6.0.1]
	at org.junit.platform.engine.support.hierarchical.ThrowableCollector.execute(ThrowableCollector.java:74) ~[junit-platform-engine-6.0.1.jar:6.0.1]
	at org.junit.platform.engine.support.hierarchical.NodeTestTask.executeRecursively(NodeTestTask.java:163) ~[junit-platform-engine-6.0.1.jar:6.0.1]
	at org.junit.platform.engine.support.hierarchical.NodeTestTask.execute(NodeTestTask.java:116) ~[junit-platform-engine-6.0.1.jar:6.0.1]
	at org.junit.platform.engine.support.hierarchical.SameThreadHierarchicalTestExecutorService.submit(SameThreadHierarchicalTestExecutorService.java:36) ~[junit-platform-engine-6.0.1.jar:6.0.1]
	at org.junit.platform.engine.support.hierarchical.HierarchicalTestExecutor.execute(HierarchicalTestExecutor.java:52) ~[junit-platform-engine-6.0.1.jar:6.0.1]
	at org.junit.platform.engine.support.hierarchical.HierarchicalTestEngine.execute(HierarchicalTestEngine.java:58) ~[junit-platform-engine-6.0.1.jar:6.0.1]
	at org.junit.platform.launcher.core.EngineExecutionOrchestrator.executeEngine(EngineExecutionOrchestrator.java:246) ~[junit-platform-launcher-6.0.1.jar:6.0.1]
	at org.junit.platform.launcher.core.EngineExecutionOrchestrator.failOrExecuteEngine(EngineExecutionOrchestrator.java:218) ~[junit-platform-launcher-6.0.1.jar:6.0.1]
	at org.junit.platform.launcher.core.EngineExecutionOrchestrator.execute(EngineExecutionOrchestrator.java:179) ~[junit-platform-launcher-6.0.1.jar:6.0.1]
	at org.junit.platform.launcher.core.EngineExecutionOrchestrator.execute(EngineExecutionOrchestrator.java:108) ~[junit-platform-launcher-6.0.1.jar:6.0.1]
	at org.junit.platform.launcher.core.EngineExecutionOrchestrator.lambda$execute$0(EngineExecutionOrchestrator.java:66) ~[junit-platform-launcher-6.0.1.jar:6.0.1]
	at org.junit.platform.launcher.core.EngineExecutionOrchestrator.withInterceptedStreams(EngineExecutionOrchestrator.java:157) ~[junit-platform-launcher-6.0.1.jar:6.0.1]
	at org.junit.platform.launcher.core.EngineExecutionOrchestrator.execute(EngineExecutionOrchestrator.java:65) ~[junit-platform-launcher-6.0.1.jar:6.0.1]
	at org.junit.platform.launcher.core.DefaultLauncher.execute(DefaultLauncher.java:125) ~[junit-platform-launcher-6.0.1.jar:6.0.1]
	at org.junit.platform.launcher.core.DefaultLauncher.execute(DefaultLauncher.java:114) ~[junit-platform-launcher-6.0.1.jar:6.0.1]
	at org.junit.platform.launcher.core.DelegatingLauncher.execute(DelegatingLauncher.java:58) ~[junit-platform-launcher-6.0.1.jar:6.0.1]
	at org.junit.platform.launcher.core.InterceptingLauncher.lambda$execute$2(InterceptingLauncher.java:57) ~[junit-platform-launcher-6.0.1.jar:6.0.1]
	at org.junit.platform.launcher.core.ClasspathAlignmentCheckingLauncherInterceptor.intercept(ClasspathAlignmentCheckingLauncherInterceptor.java:25) ~[junit-platform-launcher-6.0.1.jar:6.0.1]
	at org.junit.platform.launcher.core.InterceptingLauncher.execute(InterceptingLauncher.java:56) ~[junit-platform-launcher-6.0.1.jar:6.0.1]
	at org.junit.platform.launcher.core.DelegatingLauncher.execute(DelegatingLauncher.java:58) ~[junit-platform-launcher-6.0.1.jar:6.0.1]
	at java.base/jdk.internal.reflect.DirectMethodHandleAccessor.invoke(DirectMethodHandleAccessor.java:103) ~[na:na]
	at java.base/java.lang.reflect.Method.invoke(Method.java:580) ~[na:na]
	at org.apache.maven.surefire.api.util.ReflectionUtils.invokeMethodWithArray(ReflectionUtils.java:125) ~[surefire-api-3.5.4.jar:3.5.4]
	at org.apache.maven.surefire.junitplatform.LauncherAdapter.executeWithCancellationToken(LauncherAdapter.java:68) ~[surefire-junit-platform-3.5.4.jar:3.5.4]
	at org.apache.maven.surefire.junitplatform.LauncherAdapter.execute(LauncherAdapter.java:54) ~[surefire-junit-platform-3.5.4.jar:3.5.4]
	at org.apache.maven.surefire.junitplatform.JUnitPlatformProvider.execute(JUnitPlatformProvider.java:203) ~[surefire-junit-platform-3.5.4.jar:3.5.4]
	at org.apache.maven.surefire.junitplatform.JUnitPlatformProvider.invokeAllTests(JUnitPlatformProvider.java:168) ~[surefire-junit-platform-3.5.4.jar:3.5.4]
	at org.apache.maven.surefire.junitplatform.JUnitPlatformProvider.invoke(JUnitPlatformProvider.java:136) ~[surefire-junit-platform-3.5.4.jar:3.5.4]
	at org.apache.maven.surefire.booter.ForkedBooter.runSuitesInProcess(ForkedBooter.java:385) ~[surefire-booter-3.5.4.jar:3.5.4]
	at org.apache.maven.surefire.booter.ForkedBooter.execute(ForkedBooter.java:162) ~[surefire-booter-3.5.4.jar:3.5.4]
	at org.apache.maven.surefire.booter.ForkedBooter.run(ForkedBooter.java:507) ~[surefire-booter-3.5.4.jar:3.5.4]
	at org.apache.maven.surefire.booter.ForkedBooter.main(ForkedBooter.java:495) ~[surefire-booter-3.5.4.jar:3.5.4]

2026-07-15T15:52:41.303+05:30  INFO 17468 --- [asg-shipping] [main] c.a.s.v.service.VesselMasterServiceImpl  : Successfully retrieved vessel with id: 1
2026-07-15T15:52:41.307+05:30  INFO 17468 --- [asg-shipping] [main] c.a.s.v.service.VesselMasterServiceImpl  : Deleting vessel with id: 1
2026-07-15T15:52:41.311+05:30  INFO 17468 --- [asg-shipping] [main] c.a.s.v.service.VesselMasterServiceImpl  : Toggling active status for vessel with id: 1
2026-07-15T15:52:41.311+05:30  INFO 17468 --- [asg-shipping] [main] c.a.s.v.service.VesselMasterServiceImpl  : Successfully toggled active status for vessel with id: 1 to N
2026-07-15T15:52:41.316+05:30  INFO 17468 --- [asg-shipping] [main] c.a.s.v.service.VesselMasterServiceImpl  : Toggling active status for vessel with id: 1
2026-07-15T15:52:41.316+05:30  INFO 17468 --- [asg-shipping] [main] c.a.s.v.service.VesselMasterServiceImpl  : Successfully toggled active status for vessel with id: 1 to Y
2026-07-15T15:52:41.319+05:30  INFO 17468 --- [asg-shipping] [main] c.a.s.v.service.VesselMasterServiceImpl  : Toggling active status for vessel with id: 1
2026-07-15T15:52:41.322+05:30  INFO 17468 --- [asg-shipping] [main] c.a.s.v.service.VesselMasterServiceImpl  : Updating vessel with id: 1
2026-07-15T15:52:41.326+05:30  INFO 17468 --- [asg-shipping] [main] c.a.s.v.service.VesselMasterServiceImpl  : Getting vessel with id: 1
2026-07-15T15:52:41.486+05:30  INFO 17468 --- [asg-shipping] [main] c.a.s.v.c.VesselTypeMasterController     : Creating vessel type with code: VT001, groupId: 1, userPoid: 1
2026-07-15T15:52:41.487+05:30  INFO 17468 --- [asg-shipping] [main] c.a.s.v.c.VesselTypeMasterController     : Successfully created vessel type with id: 1
2026-07-15T15:52:41.489+05:30  INFO 17468 --- [asg-shipping] [main] c.a.s.v.c.VesselTypeMasterController     : Searching vessel types with page: 0, size: 10, sort: vesselTypeName,desc
2026-07-15T15:52:41.489+05:30  INFO 17468 --- [asg-shipping] [main] c.a.s.v.c.VesselTypeMasterController     : Successfully retrieved vessel types
2026-07-15T15:52:41.492+05:30  INFO 17468 --- [asg-shipping] [main] c.a.s.v.c.VesselTypeMasterController     : deleteVesselType started for companyPoid=1 groupPoid=1
2026-07-15T15:52:41.492+05:30  INFO 17468 --- [asg-shipping] [main] c.a.s.v.c.VesselTypeMasterController     : deleteVesselType completed for companyPoid=1 groupPoid=1
2026-07-15T15:52:41.495+05:30  INFO 17468 --- [asg-shipping] [main] c.a.s.v.c.VesselTypeMasterController     : Searching vessel types with page: 0, size: 10, sort: invalidFormat
2026-07-15T15:52:41.496+05:30  INFO 17468 --- [asg-shipping] [main] c.a.s.v.c.VesselTypeMasterController     : Successfully retrieved vessel types
2026-07-15T15:52:41.499+05:30  INFO 17468 --- [asg-shipping] [main] c.a.s.v.c.VesselTypeMasterController     : Getting vessel type with id: 1
2026-07-15T15:52:41.499+05:30  INFO 17468 --- [asg-shipping] [main] c.a.s.v.c.VesselTypeMasterController     : Successfully retrieved vessel type with id: 1
2026-07-15T15:52:41.501+05:30  INFO 17468 --- [asg-shipping] [main] c.a.s.v.c.VesselTypeMasterController     : Toggling active status for vessel type with id: 1
2026-07-15T15:52:41.503+05:30  INFO 17468 --- [asg-shipping] [main] c.a.s.v.c.VesselTypeMasterController     : Getting vessel type with id: 1
2026-07-15T15:52:41.505+05:30  INFO 17468 --- [asg-shipping] [main] c.a.s.v.c.VesselTypeMasterController     : deleteVesselType started for companyPoid=1 groupPoid=1
2026-07-15T15:52:41.505+05:30  INFO 17468 --- [asg-shipping] [main] c.a.s.v.c.VesselTypeMasterController     : deleteVesselType completed for companyPoid=1 groupPoid=1
2026-07-15T15:52:41.508+05:30  INFO 17468 --- [asg-shipping] [main] c.a.s.v.c.VesselTypeMasterController     : Creating vessel type with code: VT001, groupId: 1, userPoid: 1
2026-07-15T15:52:41.511+05:30  INFO 17468 --- [asg-shipping] [main] c.a.s.v.c.VesselTypeMasterController     : Toggling active status for vessel type with id: 1
2026-07-15T15:52:41.511+05:30  INFO 17468 --- [asg-shipping] [main] c.a.s.v.c.VesselTypeMasterController     : Successfully toggled active status for vessel type with id: 1
2026-07-15T15:52:41.515+05:30  INFO 17468 --- [asg-shipping] [main] c.a.s.v.c.VesselTypeMasterController     : Updating vessel type with id: 1, groupId: 1, userPoid: 1
2026-07-15T15:52:41.515+05:30  INFO 17468 --- [asg-shipping] [main] c.a.s.v.c.VesselTypeMasterController     : Successfully updated vessel type with id: 1
2026-07-15T15:52:41.518+05:30  INFO 17468 --- [asg-shipping] [main] c.a.s.v.c.VesselTypeMasterController     : Searching vessel types with page: 0, size: 10, sort: unknownField,asc
2026-07-15T15:52:41.519+05:30  INFO 17468 --- [asg-shipping] [main] c.a.s.v.c.VesselTypeMasterController     : Successfully retrieved vessel types
2026-07-15T15:52:41.521+05:30  INFO 17468 --- [asg-shipping] [main] c.a.s.v.c.VesselTypeMasterController     : Searching vessel types with page: 0, size: 20, sort: vesselTypeName,asc
2026-07-15T15:52:41.521+05:30  INFO 17468 --- [asg-shipping] [main] c.a.s.v.c.VesselTypeMasterController     : Successfully retrieved vessel types
2026-07-15T15:52:41.525+05:30  INFO 17468 --- [asg-shipping] [main] c.a.s.v.c.VesselTypeMasterController     : deleteVesselType started for companyPoid=1 groupPoid=1
2026-07-15T15:52:41.528+05:30  INFO 17468 --- [asg-shipping] [main] c.a.s.v.c.VesselTypeMasterController     : Searching vessel types with page: 0, size: 20, sort: null
2026-07-15T15:52:41.530+05:30  INFO 17468 --- [asg-shipping] [main] c.a.s.v.c.VesselTypeMasterController     : Successfully retrieved vessel types
2026-07-15T15:52:41.534+05:30  INFO 17468 --- [asg-shipping] [main] c.a.s.v.c.VesselTypeMasterController     : Searching vessel types with page: 0, size: 10, sort: vesselTypeCode,asc
2026-07-15T15:52:41.534+05:30  INFO 17468 --- [asg-shipping] [main] c.a.s.v.c.VesselTypeMasterController     : Successfully retrieved vessel types
2026-07-15T15:52:41.534+05:30  INFO 17468 --- [asg-shipping] [main] c.a.s.v.c.VesselTypeMasterController     : Searching vessel types with page: 0, size: 10, sort: vesselTypeName2,asc
2026-07-15T15:52:41.535+05:30  INFO 17468 --- [asg-shipping] [main] c.a.s.v.c.VesselTypeMasterController     : Successfully retrieved vessel types
2026-07-15T15:52:41.535+05:30  INFO 17468 --- [asg-shipping] [main] c.a.s.v.c.VesselTypeMasterController     : Searching vessel types with page: 0, size: 10, sort: createdDate,asc
2026-07-15T15:52:41.536+05:30  INFO 17468 --- [asg-shipping] [main] c.a.s.v.c.VesselTypeMasterController     : Successfully retrieved vessel types
2026-07-15T15:52:41.536+05:30  INFO 17468 --- [asg-shipping] [main] c.a.s.v.c.VesselTypeMasterController     : Searching vessel types with page: 0, size: 10, sort: lastmodifiedDate,asc
2026-07-15T15:52:41.536+05:30  INFO 17468 --- [asg-shipping] [main] c.a.s.v.c.VesselTypeMasterController     : Successfully retrieved vessel types
2026-07-15T15:52:41.538+05:30  INFO 17468 --- [asg-shipping] [main] c.a.s.v.c.VesselTypeMasterController     : Updating vessel type with id: 1, groupId: 1, userPoid: 1
2026-07-15T15:52:41.806+05:30  INFO 17468 --- [asg-shipping] [main] c.a.s.v.service.VesselTypeServiceImpl    : Creating vessel type with code: VT001, groupId: 1, userPoid: 1
2026-07-15T15:52:41.807+05:30  INFO 17468 --- [asg-shipping] [main] c.a.s.v.service.VesselTypeServiceImpl    : Successfully created vessel type with id: 1
2026-07-15T15:52:41.811+05:30  INFO 17468 --- [asg-shipping] [main] c.a.s.v.service.VesselTypeServiceImpl    : deleteVesselType started for vesselTypeId=1 companyPoid=1 groupPoid=1
2026-07-15T15:52:41.813+05:30  INFO 17468 --- [asg-shipping] [main] c.a.s.v.service.VesselTypeServiceImpl    : deleteVesselType completed for vesselTypeId=1 companyPoid=1
2026-07-15T15:52:41.818+05:30  INFO 17468 --- [asg-shipping] [main] c.a.s.v.service.VesselTypeServiceImpl    : Getting vessel type with id: 1
2026-07-15T15:52:41.819+05:30  INFO 17468 --- [asg-shipping] [main] c.a.s.v.service.VesselTypeServiceImpl    : Successfully retrieved vessel type with id: 1
2026-07-15T15:52:41.822+05:30  INFO 17468 --- [asg-shipping] [main] c.a.s.v.service.VesselTypeServiceImpl    : Toggling active status for vessel type with id: 1
2026-07-15T15:52:41.851+05:30  INFO 17468 --- [asg-shipping] [main] c.a.s.v.service.VesselTypeServiceImpl    : Updating vessel type with id: 1, groupId: 1, userPoid: 1
2026-07-15T15:52:41.858+05:30  INFO 17468 --- [asg-shipping] [main] c.a.s.v.service.VesselTypeServiceImpl    : Getting vessel type with id: 1
2026-07-15T15:52:41.872+05:30  INFO 17468 --- [asg-shipping] [main] c.a.s.v.service.VesselTypeServiceImpl    : Creating vessel type with code: VT001, groupId: 1, userPoid: 1
2026-07-15T15:52:41.877+05:30  INFO 17468 --- [asg-shipping] [main] c.a.s.v.service.VesselTypeServiceImpl    : Creating vessel type with code: VT001, groupId: 1, userPoid: 1
2026-07-15T15:52:41.887+05:30  INFO 17468 --- [asg-shipping] [main] c.a.s.v.service.VesselTypeServiceImpl    : Updating vessel type with id: 1, groupId: 1, userPoid: 1
2026-07-15T15:52:41.889+05:30  INFO 17468 --- [asg-shipping] [main] c.a.s.v.service.VesselTypeServiceImpl    : Successfully updated vessel type with id: 1
2026-07-15T15:52:41.892+05:30  INFO 17468 --- [asg-shipping] [main] c.a.s.v.service.VesselTypeServiceImpl    : Toggling active status for vessel type with id: 1
2026-07-15T15:52:41.892+05:30  INFO 17468 --- [asg-shipping] [main] c.a.s.v.service.VesselTypeServiceImpl    : Successfully toggled active status for vessel type with id: 1 to Y
2026-07-15T15:52:41.898+05:30  INFO 17468 --- [asg-shipping] [main] c.a.s.v.service.VesselTypeServiceImpl    : Toggling active status for vessel type with id: 1
2026-07-15T15:52:41.899+05:30  INFO 17468 --- [asg-shipping] [main] c.a.s.v.service.VesselTypeServiceImpl    : Successfully toggled active status for vessel type with id: 1 to N
2026-07-15T15:52:41.905+05:30  INFO 17468 --- [asg-shipping] [main] c.a.s.v.service.VesselTypeServiceImpl    : Searching vessel types with docId: 100-003, page: 0, size: 20
2026-07-15T15:52:41.908+05:30  INFO 17468 --- [asg-shipping] [main] c.a.s.v.service.VesselTypeServiceImpl    : Searching vessel types with docId: 100-003, page: 0, size: 20
2026-07-15T15:52:41.916+05:30  INFO 17468 --- [asg-shipping] [main] c.a.s.v.service.VesselTypeServiceImpl    : deleteVesselType started for vesselTypeId=1 companyPoid=1 groupPoid=1
2026-07-15T15:52:41.920+05:30  INFO 17468 --- [asg-shipping] [main] c.a.s.v.service.VesselTypeServiceImpl    : deleteVesselType started for vesselTypeId=1 companyPoid=1 groupPoid=1
2026-07-15T15:52:41.920+05:30  WARN 17468 --- [asg-shipping] [main] c.a.s.v.service.VesselTypeServiceImpl    : deleteVesselType found companyPoid=1 vesselTypeId=1 already deleted
2026-07-15T15:52:41.923+05:30  INFO 17468 --- [asg-shipping] [main] c.a.s.v.service.VesselTypeServiceImpl    : Updating vessel type with id: 1, groupId: 1, userPoid: 1
2026-07-15T15:52:42.069+05:30  INFO 17468 --- [asg-shipping] [main] c.a.s.v.c.VesselVoyageController         : Action=TEST_ACTION | List voyages | page=0 size=20 docId=DOC123 startDate=null endDate=null groupPoid=1 companyPoid=2 userPoid=3
2026-07-15T15:52:42.073+05:30  INFO 17468 --- [asg-shipping] [main] c.a.s.v.c.VesselVoyageController         : Action=TEST_ACTION | Download Excel export | voyagePoid=10 type=transhipment-discharge
2026-07-15T15:52:42.077+05:30  INFO 17468 --- [asg-shipping] [main] c.a.s.v.c.VesselVoyageController         : Action=TEST_ACTION | List voyages | page=0 size=20 docId=DOC123 startDate=2026-01-01 endDate=null groupPoid=1 companyPoid=2 userPoid=3
2026-07-15T15:52:42.082+05:30  INFO 17468 --- [asg-shipping] [main] c.a.s.v.c.VesselVoyageController         : Action=TEST_ACTION | List voyages | page=0 size=20 docId=DOC123 startDate=2026-01-01 endDate=2026-12-31 groupPoid=1 companyPoid=2 userPoid=3
2026-07-15T15:52:42.089+05:30  INFO 17468 --- [asg-shipping] [main] c.a.s.v.c.VesselVoyageController         : Action=TEST_ACTION | Get voyage | voyagePoid=10 groupPoid=1 companyPoid=2 userPoid=3
2026-07-15T15:52:42.090+05:30  INFO 17468 --- [asg-shipping] [main] c.a.s.v.c.VesselVoyageController         : Action=TEST_ACTION | Create voyage | voyageNo=null linePoid=null vesselPoid=null groupPoid=1 companyPoid=2 userId=user1
2026-07-15T15:52:42.090+05:30  INFO 17468 --- [asg-shipping] [main] c.a.s.v.c.VesselVoyageController         : Action=TEST_ACTION | Update voyage | voyagePoid=10 voyageNo=null linePoid=null vesselPoid=null userId=user1
2026-07-15T15:52:42.091+05:30  INFO 17468 --- [asg-shipping] [main] c.a.s.v.c.VesselVoyageController         : Action=TEST_ACTION | List BLs | voyagePoid=10 tab=HOLD filter=ALL page=0 size=20
2026-07-15T15:52:42.092+05:30  INFO 17468 --- [asg-shipping] [main] c.a.s.v.c.VesselVoyageController         : Action=TEST_ACTION | Get EDI errors | voyagePoid=10
2026-07-15T15:52:42.092+05:30  INFO 17468 --- [asg-shipping] [main] c.a.s.v.c.VesselVoyageController         : Action=TEST_ACTION | Reprocess EDI | voyagePoid=10
2026-07-15T15:52:42.092+05:30  INFO 17468 --- [asg-shipping] [main] c.a.s.v.c.VesselVoyageController         : Action=TEST_ACTION | Upload EDI | voyagePoid=10 fileName=test.edi size=4
2026-07-15T15:52:42.093+05:30  INFO 17468 --- [asg-shipping] [main] c.a.s.v.c.VesselVoyageController         : Action=TEST_ACTION | List transhipments | voyagePoid=10
2026-07-15T15:52:42.100+05:30  INFO 17468 --- [asg-shipping] [main] c.a.s.v.c.VesselVoyageController         : Action=TEST_ACTION | Update transhipments | voyagePoid=10 items=1
2026-07-15T15:52:42.102+05:30  INFO 17468 --- [asg-shipping] [main] c.a.s.v.c.VesselVoyageController         : Action=TEST_ACTION | Transfer transhipments | voyagePoid=10 targetVoyagePoid=20 detRowIds=[1, 2]
2026-07-15T15:52:42.102+05:30  INFO 17468 --- [asg-shipping] [main] c.a.s.v.c.VesselVoyageController         : Action=TEST_ACTION | Import HNJN transhipments | voyagePoid=10
2026-07-15T15:52:42.103+05:30  INFO 17468 --- [asg-shipping] [main] c.a.s.v.c.VesselVoyageController         : Action=TEST_ACTION | List currency | voyagePoid=10
2026-07-15T15:52:42.107+05:30  INFO 17468 --- [asg-shipping] [main] c.a.s.v.c.VesselVoyageController         : Action=TEST_ACTION | Update currency | voyagePoid=10 items=1
2026-07-15T15:52:42.107+05:30  INFO 17468 --- [asg-shipping] [main] c.a.s.v.c.VesselVoyageController         : Action=TEST_ACTION | Resend CAN | voyagePoid=10 blTransactionPoid=null
2026-07-15T15:52:42.107+05:30  INFO 17468 --- [asg-shipping] [main] c.a.s.v.c.VesselVoyageController         : Action=TEST_ACTION | Create empty manifest | voyagePoid=10
2026-07-15T15:52:42.107+05:30  INFO 17468 --- [asg-shipping] [main] c.a.s.v.c.VesselVoyageController         : Action=TEST_ACTION | Create TDR | voyagePoid=10 createEmptyManifestFirst=false
2026-07-15T15:52:42.108+05:30  INFO 17468 --- [asg-shipping] [main] c.a.s.v.c.VesselVoyageController         : Action=TEST_ACTION | Export COSCO EDI | voyagePoid=10 blPoid=null
2026-07-15T15:52:42.108+05:30  INFO 17468 --- [asg-shipping] [main] c.a.s.v.c.VesselVoyageController         : Action=TEST_ACTION | Import general cargo | voyagePoid=10
2026-07-15T15:52:42.108+05:30  INFO 17468 --- [asg-shipping] [main] c.a.s.v.c.VesselVoyageController         : Action=TEST_ACTION | Import selected XL | voyagePoid=10
2026-07-15T15:52:42.109+05:30  INFO 17468 --- [asg-shipping] [main] c.a.s.v.c.VesselVoyageController         : Action=TEST_ACTION | EDI moves load/discharge | voyagePoid=10 ediDateValue=2026-04-15
2026-07-15T15:52:42.109+05:30  INFO 17468 --- [asg-shipping] [main] c.a.s.v.c.VesselVoyageController         : Action=TEST_ACTION | Delete voyage | voyagePoid=10
2026-07-15T15:52:42.113+05:30  INFO 17468 --- [asg-shipping] [main] c.a.s.v.c.VesselVoyageController         : Action=TEST_ACTION | Download Excel export | voyagePoid=10 type=yml-export-csv
2026-07-15T15:52:42.116+05:30  INFO 17468 --- [asg-shipping] [main] c.a.s.v.c.VesselVoyageController         : Action=TEST_ACTION | Download Excel export | voyagePoid=10 type=apmt-general-vessel-discharge
2026-07-15T15:52:42.119+05:30  INFO 17468 --- [asg-shipping] [main] c.a.s.v.c.VesselVoyageController         : Action=TEST_ACTION | Upload EDI | voyagePoid=10 fileName=null size=0
2026-07-15T15:52:42.122+05:30 ERROR 17468 --- [asg-shipping] [main] c.a.s.v.c.VesselVoyageController         : Failed to generate PDF for Manifest PDF: 123

java.lang.RuntimeException: PDF generation failed
	at com.asg.shipping.vesselvoyagecreation.controller.VesselVoyageController.print(VesselVoyageController.java:319) ~[classes/:na]
	at com.asg.shipping.vesselvoyagecreation.controller.VesselVoyageControllerTest.print_exception_returnsError(VesselVoyageControllerTest.java:377) ~[test-classes/:na]
	at java.base/jdk.internal.reflect.DirectMethodHandleAccessor.invoke(DirectMethodHandleAccessor.java:103) ~[na:na]
	at java.base/java.lang.reflect.Method.invoke(Method.java:580) ~[na:na]
	at org.junit.platform.commons.util.ReflectionUtils.invokeMethod(ReflectionUtils.java:701) ~[junit-platform-commons-6.0.1.jar:6.0.1]
	at org.junit.platform.commons.support.ReflectionSupport.invokeMethod(ReflectionSupport.java:502) ~[junit-platform-commons-6.0.1.jar:6.0.1]
	at org.junit.jupiter.engine.support.MethodReflectionUtils.invoke(MethodReflectionUtils.java:45) ~[junit-jupiter-engine-6.0.1.jar:6.0.1]
	at org.junit.jupiter.engine.execution.MethodInvocation.proceed(MethodInvocation.java:61) ~[junit-jupiter-engine-6.0.1.jar:6.0.1]
	at org.junit.jupiter.engine.execution.InvocationInterceptorChain$ValidatingInvocation.proceed(InvocationInterceptorChain.java:124) ~[junit-jupiter-engine-6.0.1.jar:6.0.1]
	at org.junit.jupiter.engine.extension.TimeoutExtension.intercept(TimeoutExtension.java:163) ~[junit-jupiter-engine-6.0.1.jar:6.0.1]
	at org.junit.jupiter.engine.extension.TimeoutExtension.interceptTestableMethod(TimeoutExtension.java:148) ~[junit-jupiter-engine-6.0.1.jar:6.0.1]
	at org.junit.jupiter.engine.extension.TimeoutExtension.interceptTestMethod(TimeoutExtension.java:86) ~[junit-jupiter-engine-6.0.1.jar:6.0.1]
	at org.junit.jupiter.engine.execution.InterceptingExecutableInvoker$ReflectiveInterceptorCall.lambda$ofVoidMethod$0(InterceptingExecutableInvoker.java:123) ~[junit-jupiter-engine-6.0.1.jar:6.0.1]
	at org.junit.jupiter.engine.execution.InterceptingExecutableInvoker.lambda$invoke$0(InterceptingExecutableInvoker.java:105) ~[junit-jupiter-engine-6.0.1.jar:6.0.1]
	at org.junit.jupiter.engine.execution.InvocationInterceptorChain$InterceptedInvocation.proceed(InvocationInterceptorChain.java:99) ~[junit-jupiter-engine-6.0.1.jar:6.0.1]
	at org.junit.jupiter.engine.execution.InvocationInterceptorChain.proceed(InvocationInterceptorChain.java:66) ~[junit-jupiter-engine-6.0.1.jar:6.0.1]
	at org.junit.jupiter.engine.execution.InvocationInterceptorChain.chainAndInvoke(InvocationInterceptorChain.java:47) ~[junit-jupiter-engine-6.0.1.jar:6.0.1]
	at org.junit.jupiter.engine.execution.InvocationInterceptorChain.invoke(InvocationInterceptorChain.java:39) ~[junit-jupiter-engine-6.0.1.jar:6.0.1]
	at org.junit.jupiter.engine.execution.InterceptingExecutableInvoker.invoke(InterceptingExecutableInvoker.java:104) ~[junit-jupiter-engine-6.0.1.jar:6.0.1]
	at org.junit.jupiter.engine.execution.InterceptingExecutableInvoker.invoke(InterceptingExecutableInvoker.java:98) ~[junit-jupiter-engine-6.0.1.jar:6.0.1]
	at org.junit.jupiter.engine.execution.InterceptingExecutableInvoker.invokeVoid(InterceptingExecutableInvoker.java:71) ~[junit-jupiter-engine-6.0.1.jar:6.0.1]
	at org.junit.jupiter.engine.descriptor.TestMethodTestDescriptor.lambda$invokeTestMethod$0(TestMethodTestDescriptor.java:219) ~[junit-jupiter-engine-6.0.1.jar:6.0.1]
	at org.junit.platform.engine.support.hierarchical.ThrowableCollector.execute(ThrowableCollector.java:74) ~[junit-platform-engine-6.0.1.jar:6.0.1]
	at org.junit.jupiter.engine.descriptor.TestMethodTestDescriptor.invokeTestMethod(TestMethodTestDescriptor.java:215) ~[junit-jupiter-engine-6.0.1.jar:6.0.1]
	at org.junit.jupiter.engine.descriptor.TestMethodTestDescriptor.execute(TestMethodTestDescriptor.java:157) ~[junit-jupiter-engine-6.0.1.jar:6.0.1]
	at org.junit.jupiter.engine.descriptor.TestMethodTestDescriptor.execute(TestMethodTestDescriptor.java:70) ~[junit-jupiter-engine-6.0.1.jar:6.0.1]
	at org.junit.platform.engine.support.hierarchical.NodeTestTask.lambda$executeRecursively$2(NodeTestTask.java:176) ~[junit-platform-engine-6.0.1.jar:6.0.1]
	at org.junit.platform.engine.support.hierarchical.ThrowableCollector.execute(ThrowableCollector.java:74) ~[junit-platform-engine-6.0.1.jar:6.0.1]
	at org.junit.platform.engine.support.hierarchical.NodeTestTask.lambda$executeRecursively$1(NodeTestTask.java:166) ~[junit-platform-engine-6.0.1.jar:6.0.1]
	at org.junit.platform.engine.support.hierarchical.Node.around(Node.java:138) ~[junit-platform-engine-6.0.1.jar:6.0.1]
	at org.junit.platform.engine.support.hierarchical.NodeTestTask.lambda$executeRecursively$0(NodeTestTask.java:164) ~[junit-platform-engine-6.0.1.jar:6.0.1]
	at org.junit.platform.engine.support.hierarchical.ThrowableCollector.execute(ThrowableCollector.java:74) ~[junit-platform-engine-6.0.1.jar:6.0.1]
	at org.junit.platform.engine.support.hierarchical.NodeTestTask.executeRecursively(NodeTestTask.java:163) ~[junit-platform-engine-6.0.1.jar:6.0.1]
	at org.junit.platform.engine.support.hierarchical.NodeTestTask.execute(NodeTestTask.java:116) ~[junit-platform-engine-6.0.1.jar:6.0.1]
	at java.base/java.util.ArrayList.forEach(ArrayList.java:1596) ~[na:na]
	at org.junit.platform.engine.support.hierarchical.SameThreadHierarchicalTestExecutorService.invokeAll(SameThreadHierarchicalTestExecutorService.java:42) ~[junit-platform-engine-6.0.1.jar:6.0.1]
	at org.junit.platform.engine.support.hierarchical.NodeTestTask.lambda$executeRecursively$2(NodeTestTask.java:180) ~[junit-platform-engine-6.0.1.jar:6.0.1]
	at org.junit.platform.engine.support.hierarchical.ThrowableCollector.execute(ThrowableCollector.java:74) ~[junit-platform-engine-6.0.1.jar:6.0.1]
	at org.junit.platform.engine.support.hierarchical.NodeTestTask.lambda$executeRecursively$1(NodeTestTask.java:166) ~[junit-platform-engine-6.0.1.jar:6.0.1]
	at org.junit.platform.engine.support.hierarchical.Node.around(Node.java:138) ~[junit-platform-engine-6.0.1.jar:6.0.1]
	at org.junit.platform.engine.support.hierarchical.NodeTestTask.lambda$executeRecursively$0(NodeTestTask.java:164) ~[junit-platform-engine-6.0.1.jar:6.0.1]
	at org.junit.platform.engine.support.hierarchical.ThrowableCollector.execute(ThrowableCollector.java:74) ~[junit-platform-engine-6.0.1.jar:6.0.1]
	at org.junit.platform.engine.support.hierarchical.NodeTestTask.executeRecursively(NodeTestTask.java:163) ~[junit-platform-engine-6.0.1.jar:6.0.1]
	at org.junit.platform.engine.support.hierarchical.NodeTestTask.execute(NodeTestTask.java:116) ~[junit-platform-engine-6.0.1.jar:6.0.1]
	at java.base/java.util.ArrayList.forEach(ArrayList.java:1596) ~[na:na]
	at org.junit.platform.engine.support.hierarchical.SameThreadHierarchicalTestExecutorService.invokeAll(SameThreadHierarchicalTestExecutorService.java:42) ~[junit-platform-engine-6.0.1.jar:6.0.1]
	at org.junit.platform.engine.support.hierarchical.NodeTestTask.lambda$executeRecursively$2(NodeTestTask.java:180) ~[junit-platform-engine-6.0.1.jar:6.0.1]
	at org.junit.platform.engine.support.hierarchical.ThrowableCollector.execute(ThrowableCollector.java:74) ~[junit-platform-engine-6.0.1.jar:6.0.1]
	at org.junit.platform.engine.support.hierarchical.NodeTestTask.lambda$executeRecursively$1(NodeTestTask.java:166) ~[junit-platform-engine-6.0.1.jar:6.0.1]
	at org.junit.platform.engine.support.hierarchical.Node.around(Node.java:138) ~[junit-platform-engine-6.0.1.jar:6.0.1]
	at org.junit.platform.engine.support.hierarchical.NodeTestTask.lambda$executeRecursively$0(NodeTestTask.java:164) ~[junit-platform-engine-6.0.1.jar:6.0.1]
	at org.junit.platform.engine.support.hierarchical.ThrowableCollector.execute(ThrowableCollector.java:74) ~[junit-platform-engine-6.0.1.jar:6.0.1]
	at org.junit.platform.engine.support.hierarchical.NodeTestTask.executeRecursively(NodeTestTask.java:163) ~[junit-platform-engine-6.0.1.jar:6.0.1]
	at org.junit.platform.engine.support.hierarchical.NodeTestTask.execute(NodeTestTask.java:116) ~[junit-platform-engine-6.0.1.jar:6.0.1]
	at org.junit.platform.engine.support.hierarchical.SameThreadHierarchicalTestExecutorService.submit(SameThreadHierarchicalTestExecutorService.java:36) ~[junit-platform-engine-6.0.1.jar:6.0.1]
	at org.junit.platform.engine.support.hierarchical.HierarchicalTestExecutor.execute(HierarchicalTestExecutor.java:52) ~[junit-platform-engine-6.0.1.jar:6.0.1]
	at org.junit.platform.engine.support.hierarchical.HierarchicalTestEngine.execute(HierarchicalTestEngine.java:58) ~[junit-platform-engine-6.0.1.jar:6.0.1]
	at org.junit.platform.launcher.core.EngineExecutionOrchestrator.executeEngine(EngineExecutionOrchestrator.java:246) ~[junit-platform-launcher-6.0.1.jar:6.0.1]
	at org.junit.platform.launcher.core.EngineExecutionOrchestrator.failOrExecuteEngine(EngineExecutionOrchestrator.java:218) ~[junit-platform-launcher-6.0.1.jar:6.0.1]
	at org.junit.platform.launcher.core.EngineExecutionOrchestrator.execute(EngineExecutionOrchestrator.java:179) ~[junit-platform-launcher-6.0.1.jar:6.0.1]
	at org.junit.platform.launcher.core.EngineExecutionOrchestrator.execute(EngineExecutionOrchestrator.java:108) ~[junit-platform-launcher-6.0.1.jar:6.0.1]
	at org.junit.platform.launcher.core.EngineExecutionOrchestrator.lambda$execute$0(EngineExecutionOrchestrator.java:66) ~[junit-platform-launcher-6.0.1.jar:6.0.1]
	at org.junit.platform.launcher.core.EngineExecutionOrchestrator.withInterceptedStreams(EngineExecutionOrchestrator.java:157) ~[junit-platform-launcher-6.0.1.jar:6.0.1]
	at org.junit.platform.launcher.core.EngineExecutionOrchestrator.execute(EngineExecutionOrchestrator.java:65) ~[junit-platform-launcher-6.0.1.jar:6.0.1]
	at org.junit.platform.launcher.core.DefaultLauncher.execute(DefaultLauncher.java:125) ~[junit-platform-launcher-6.0.1.jar:6.0.1]
	at org.junit.platform.launcher.core.DefaultLauncher.execute(DefaultLauncher.java:114) ~[junit-platform-launcher-6.0.1.jar:6.0.1]
	at org.junit.platform.launcher.core.DelegatingLauncher.execute(DelegatingLauncher.java:58) ~[junit-platform-launcher-6.0.1.jar:6.0.1]
	at org.junit.platform.launcher.core.InterceptingLauncher.lambda$execute$2(InterceptingLauncher.java:57) ~[junit-platform-launcher-6.0.1.jar:6.0.1]
	at org.junit.platform.launcher.core.ClasspathAlignmentCheckingLauncherInterceptor.intercept(ClasspathAlignmentCheckingLauncherInterceptor.java:25) ~[junit-platform-launcher-6.0.1.jar:6.0.1]
	at org.junit.platform.launcher.core.InterceptingLauncher.execute(InterceptingLauncher.java:56) ~[junit-platform-launcher-6.0.1.jar:6.0.1]
	at org.junit.platform.launcher.core.DelegatingLauncher.execute(DelegatingLauncher.java:58) ~[junit-platform-launcher-6.0.1.jar:6.0.1]
	at java.base/jdk.internal.reflect.DirectMethodHandleAccessor.invoke(DirectMethodHandleAccessor.java:103) ~[na:na]
	at java.base/java.lang.reflect.Method.invoke(Method.java:580) ~[na:na]
	at org.apache.maven.surefire.api.util.ReflectionUtils.invokeMethodWithArray(ReflectionUtils.java:125) ~[surefire-api-3.5.4.jar:3.5.4]
	at org.apache.maven.surefire.junitplatform.LauncherAdapter.executeWithCancellationToken(LauncherAdapter.java:68) ~[surefire-junit-platform-3.5.4.jar:3.5.4]
	at org.apache.maven.surefire.junitplatform.LauncherAdapter.execute(LauncherAdapter.java:54) ~[surefire-junit-platform-3.5.4.jar:3.5.4]
	at org.apache.maven.surefire.junitplatform.JUnitPlatformProvider.execute(JUnitPlatformProvider.java:203) ~[surefire-junit-platform-3.5.4.jar:3.5.4]
	at org.apache.maven.surefire.junitplatform.JUnitPlatformProvider.invokeAllTests(JUnitPlatformProvider.java:168) ~[surefire-junit-platform-3.5.4.jar:3.5.4]
	at org.apache.maven.surefire.junitplatform.JUnitPlatformProvider.invoke(JUnitPlatformProvider.java:136) ~[surefire-junit-platform-3.5.4.jar:3.5.4]
	at org.apache.maven.surefire.booter.ForkedBooter.runSuitesInProcess(ForkedBooter.java:385) ~[surefire-booter-3.5.4.jar:3.5.4]
	at org.apache.maven.surefire.booter.ForkedBooter.execute(ForkedBooter.java:162) ~[surefire-booter-3.5.4.jar:3.5.4]
	at org.apache.maven.surefire.booter.ForkedBooter.run(ForkedBooter.java:507) ~[surefire-booter-3.5.4.jar:3.5.4]
	at org.apache.maven.surefire.booter.ForkedBooter.main(ForkedBooter.java:495) ~[surefire-booter-3.5.4.jar:3.5.4]

2026-07-15T15:52:42.270+05:30  INFO 17468 --- [asg-shipping] [main] c.a.s.v.c.VesselVoyageController         : Action=TEST_ACTION | Download manifest report | voyagePoid=10 freightCargo=FALSE importExport=EXPORT
2026-07-15T15:52:42.273+05:30  INFO 17468 --- [asg-shipping] [main] c.a.s.v.c.VesselVoyageController         : Action=TEST_ACTION | List voyages | page=0 size=20 docId=DOC123 startDate=null endDate=2026-12-31 groupPoid=1 companyPoid=2 userPoid=3
2026-07-15T15:52:42.275+05:30  INFO 17468 --- [asg-shipping] [main] c.a.s.v.c.VesselVoyageController         : Action=TEST_ACTION | Download Excel export | voyagePoid=10 type=apmt-discharge
2026-07-15T15:52:42.278+05:30  INFO 17468 --- [asg-shipping] [main] c.a.s.v.c.VesselVoyageController         : Action=TEST_ACTION | Download manifest report | voyagePoid=10 freightCargo=FALSE importExport=EXPORT
2026-07-15T15:52:42.287+05:30  INFO 17468 --- [asg-shipping] [main] c.a.s.v.c.VesselVoyageController         : Action=TEST_ACTION | Download Excel export | voyagePoid=10 type=tbl
2026-07-15T15:52:42.290+05:30  INFO 17468 --- [asg-shipping] [main] c.a.s.v.c.VesselVoyageController         : Action=TEST_ACTION | List voyages | page=0 size=20 docId=DOC123 startDate=null endDate=null groupPoid=1 companyPoid=2 userPoid=3
2026-07-15T15:52:43.369+05:30  INFO 17468 --- [asg-shipping] [main] c.a.s.v.s.impl.VesselVoyageServiceImpl   : Excel export | voyagePoid=418537 type=apmt-discharge docId=100-291
2026-07-15T15:52:43.388+05:30  INFO 17468 --- [asg-shipping] [main] c.a.s.v.s.impl.VesselVoyageServiceImpl   : EDI file stored at C:\Users\THARAN~1\AppData\Local\Temp\edi-test11402333719678881669\test.edi
2026-07-15T15:52:43.388+05:30  INFO 17468 --- [asg-shipping] [main] c.a.s.v.s.impl.VesselVoyageServiceImpl   : Reprocess EDI | voyagePoid=123 groupPoid=1 companyPoid=2 docId=DOC123 user=3
2026-07-15T15:52:43.391+05:30  INFO 17468 --- [asg-shipping] [main] c.a.s.v.s.impl.VesselVoyageServiceImpl   : [MANIFEST-PRINT] transactionPoid=10 DOC_KEY_POID=10 freightCargo=FALSE importExport=EXPORT groupPoid=null compPoid=null userPoid=null
2026-07-15T15:52:43.392+05:30  WARN 17468 --- [asg-shipping] [main] c.a.s.v.s.impl.VesselVoyageServiceImpl   : [MANIFEST-PRINT] Debug query failed: Cannot invoke "java.sql.Connection.prepareStatement(String)" because "debugConn" is null
2026-07-15T15:52:43.399+05:30  INFO 17468 --- [asg-shipping] [main] c.a.s.v.s.impl.VesselVoyageServiceImpl   : List voyages | docId=DOC123 page=0 size=20 startDate=null endDate=null lineStatus=(1)
2026-07-15T15:52:43.416+05:30  INFO 17468 --- [asg-shipping] [main] c.a.s.v.s.impl.VesselVoyageServiceImpl   : List voyages | docId=DOC123 page=0 size=20 startDate=null endDate=null lineStatus=(1)
2026-07-15T15:52:43.469+05:30  INFO 17468 --- [asg-shipping] [SpringApplicationShutdownHook] j.LocalContainerEntityManagerFactoryBean : Closing JPA EntityManagerFactory for persistence unit 'default'
2026-07-15T15:52:43.472+05:30  INFO 17468 --- [asg-shipping] [SpringApplicationShutdownHook] com.zaxxer.hikari.HikariDataSource       : HikariPool-ASG - Shutdown initiated...
2026-07-15T15:52:44.832+05:30  INFO 17468 --- [asg-shipping] [SpringApplicationShutdownHook] com.zaxxer.hikari.HikariDataSource       : HikariPool-ASG - Shutdown completed.
2026-07-15T15:56:14.036+05:30  INFO 5048 --- [asg-shipping] [main] c.asg.shipping.ShippingApplicationTests  : Starting ShippingApplicationTests using Java 21.0.10 with PID 5048 (started by TharaniSakthivel in C:\Users\TharaniSakthivel\Documents\GitHub\asg-shipping)
2026-07-15T15:56:14.039+05:30 DEBUG 5048 --- [asg-shipping] [main] c.asg.shipping.ShippingApplicationTests  : Running with Spring Boot v4.0.0, Spring v7.0.1
2026-07-15T15:56:14.040+05:30  INFO 5048 --- [asg-shipping] [main] c.asg.shipping.ShippingApplicationTests  : No active profile set, falling back to 1 default profile: "default"
2026-07-15T15:56:16.222+05:30  INFO 5048 --- [asg-shipping] [main] .s.d.r.c.RepositoryConfigurationDelegate : Bootstrapping Spring Data JPA repositories in DEFAULT mode.
2026-07-15T15:56:17.055+05:30  INFO 5048 --- [asg-shipping] [main] .s.d.r.c.RepositoryConfigurationDelegate : Finished Spring Data repository scanning in 812 ms. Found 114 JPA repository interfaces.
2026-07-15T15:56:19.459+05:30  INFO 5048 --- [asg-shipping] [main] o.hibernate.jpa.internal.util.LogHelper  : HHH000204: Processing PersistenceUnitInfo [name: default]
2026-07-15T15:56:19.554+05:30  INFO 5048 --- [asg-shipping] [main] org.hibernate.Version                    : HHH000412: Hibernate ORM core version 7.1.8.Final
2026-07-15T15:56:20.165+05:30  INFO 5048 --- [asg-shipping] [main] o.s.o.j.p.SpringPersistenceUnitInfo      : No LoadTimeWeaver setup: ignoring JPA class transformer
2026-07-15T15:56:20.229+05:30  INFO 5048 --- [asg-shipping] [main] com.zaxxer.hikari.HikariDataSource       : HikariPool-ASG - Starting...
2026-07-15T15:56:23.728+05:30  INFO 5048 --- [asg-shipping] [main] com.zaxxer.hikari.pool.HikariPool        : HikariPool-ASG - Added connection oracle.jdbc.driver.T4CConnection@1aa418b6
2026-07-15T15:56:23.730+05:30  INFO 5048 --- [asg-shipping] [main] com.zaxxer.hikari.HikariDataSource       : HikariPool-ASG - Start completed.
2026-07-15T15:56:24.342+05:30  WARN 5048 --- [asg-shipping] [main] org.hibernate.orm.deprecation            : HHH90000025: OracleDialect does not need to be specified explicitly using 'hibernate.dialect' (remove the property setting and it will be selected by default)
2026-07-15T15:56:25.202+05:30  WARN 5048 --- [asg-shipping] [main] org.hibernate.orm.jdbc                   : HHH100123: Low default JDBC fetch size: 10 (consider setting 'hibernate.jdbc.fetch_size')
2026-07-15T15:56:25.227+05:30  INFO 5048 --- [asg-shipping] [main] org.hibernate.orm.connections.pooling    : HHH10001005: Database info:
	Database JDBC URL [jdbc:oracle:thin:@//10.100.200.85:1521/ORAVADF]
	Database driver: Oracle JDBC driver
	Database dialect: OracleDialect
	Database version: 19.1
	Default catalog/schema: undefined/QA_DB_USER
	Autocommit mode: undefined/unknown
	Isolation level: READ_COMMITTED [default READ_COMMITTED]
	JDBC fetch size: 10
	Pool: DatasourceConnectionProviderImpl
	Minimum pool size: undefined/unknown
	Maximum pool size: undefined/unknown
2026-07-15T15:56:25.573+05:30  WARN 5048 --- [asg-shipping] [main] org.hibernate.orm.deprecation            : HHH90000033: Encountered use of deprecated annotation [interface jakarta.persistence.Temporal] at com.asg.shipping.common.entity.GlobalCurrencyRatesId.rateDate.
2026-07-15T15:56:25.573+05:30  WARN 5048 --- [asg-shipping] [main] org.hibernate.orm.deprecation            : HHH90000033: Encountered use of deprecated annotation [interface jakarta.persistence.Temporal] at com.asg.shipping.common.entity.GlobalCurrencyRates.rateDate.
2026-07-15T15:56:26.661+05:30  WARN 5048 --- [asg-shipping] [main] org.hibernate.mapping.RootClass          : HHH000038: Composite id class does not override equals(): com.asg.shipping.containertypeportchargestariff.entity.ShipPortChargesDtlId
2026-07-15T15:56:26.664+05:30  WARN 5048 --- [asg-shipping] [main] org.hibernate.mapping.RootClass          : HHH000038: Composite id class does not override equals(): com.asg.shipping.customerinvoicechargemapmaster.entity.CustomerInvoicePrtDtlId
2026-07-15T15:56:29.822+05:30  INFO 5048 --- [asg-shipping] [main] o.h.e.t.j.p.i.JtaPlatformInitiator       : HHH000489: No JTA platform available (set 'hibernate.transaction.jta.platform' to enable JTA platform integration)
2026-07-15T15:56:29.838+05:30  INFO 5048 --- [asg-shipping] [main] j.LocalContainerEntityManagerFactoryBean : Initialized JPA EntityManagerFactory for persistence unit 'default'
2026-07-15T15:56:30.016+05:30  INFO 5048 --- [asg-shipping] [main] o.s.d.j.r.query.QueryEnhancerFactories   : Hibernate is in classpath; If applicable, HQL parser will be used.
2026-07-15T15:56:37.414+05:30  WARN 5048 --- [asg-shipping] [main] JpaBaseConfiguration$JpaWebConfiguration : spring.jpa.open-in-view is enabled by default. Therefore, database queries may be performed during view rendering. Explicitly configure spring.jpa.open-in-view to disable this warning
2026-07-15T15:56:38.674+05:30  INFO 5048 --- [asg-shipping] [main] o.s.b.a.e.web.EndpointLinksResolver      : Exposing 1 endpoint beneath base path '/actuator'
2026-07-15T15:56:38.801+05:30  INFO 5048 --- [asg-shipping] [main] c.asg.shipping.ShippingApplicationTests  : Started ShippingApplicationTests in 25.243 seconds (process running for 62.77)
2026-07-15T15:56:38.980+05:30  INFO 5048 --- [asg-shipping] [main] o.s.mock.web.MockServletContext          : Initializing Spring TestDispatcherServlet ''
2026-07-15T15:56:38.980+05:30  INFO 5048 --- [asg-shipping] [main] o.s.t.web.servlet.TestDispatcherServlet  : Initializing Servlet ''
2026-07-15T15:56:38.981+05:30  INFO 5048 --- [asg-shipping] [main] o.s.t.web.servlet.TestDispatcherServlet  : Completed initialization in 1 ms
2026-07-15T15:56:39.005+05:30  INFO 5048 --- [asg-shipping] [main] c.a.s.s.c.ManifestCorrectorController    : Update request for Shipping Manifest Corrector with id: 1
2026-07-15T15:56:39.019+05:30  INFO 5048 --- [asg-shipping] [main] o.s.mock.web.MockServletContext          : Initializing Spring TestDispatcherServlet ''
2026-07-15T15:56:39.019+05:30  INFO 5048 --- [asg-shipping] [main] o.s.t.web.servlet.TestDispatcherServlet  : Initializing Servlet ''
2026-07-15T15:56:39.019+05:30  INFO 5048 --- [asg-shipping] [main] o.s.t.web.servlet.TestDispatcherServlet  : Completed initialization in 0 ms
2026-07-15T15:56:39.020+05:30  INFO 5048 --- [asg-shipping] [main] c.a.s.s.c.ManifestCorrectorController    : Get request for Shipping Manifest Corrector with id: 1
2026-07-15T15:56:39.031+05:30  INFO 5048 --- [asg-shipping] [main] o.s.mock.web.MockServletContext          : Initializing Spring TestDispatcherServlet ''
2026-07-15T15:56:39.031+05:30  INFO 5048 --- [asg-shipping] [main] o.s.t.web.servlet.TestDispatcherServlet  : Initializing Servlet ''
2026-07-15T15:56:39.032+05:30  INFO 5048 --- [asg-shipping] [main] o.s.t.web.servlet.TestDispatcherServlet  : Completed initialization in 0 ms
2026-07-15T15:56:39.042+05:30  INFO 5048 --- [asg-shipping] [main] c.a.s.s.c.ManifestCorrectorController    : Search request for Shipping Manifest Corrector with page: 0, size: 20, sort: null
2026-07-15T15:56:39.054+05:30  INFO 5048 --- [asg-shipping] [main] o.s.mock.web.MockServletContext          : Initializing Spring TestDispatcherServlet ''
2026-07-15T15:56:39.054+05:30  INFO 5048 --- [asg-shipping] [main] o.s.t.web.servlet.TestDispatcherServlet  : Initializing Servlet ''
2026-07-15T15:56:39.054+05:30  INFO 5048 --- [asg-shipping] [main] o.s.t.web.servlet.TestDispatcherServlet  : Completed initialization in 0 ms
2026-07-15T15:56:39.056+05:30  INFO 5048 --- [asg-shipping] [main] c.a.s.s.c.ManifestCorrectorController    : Delete request for Shipping Manifest Corrector with id: 1
2026-07-15T15:56:39.074+05:30  INFO 5048 --- [asg-shipping] [main] o.s.mock.web.MockServletContext          : Initializing Spring TestDispatcherServlet ''
2026-07-15T15:56:39.074+05:30  INFO 5048 --- [asg-shipping] [main] o.s.t.web.servlet.TestDispatcherServlet  : Initializing Servlet ''
2026-07-15T15:56:39.074+05:30  INFO 5048 --- [asg-shipping] [main] o.s.t.web.servlet.TestDispatcherServlet  : Completed initialization in 0 ms
2026-07-15T15:56:39.080+05:30  INFO 5048 --- [asg-shipping] [main] c.a.s.s.c.ManifestCorrectorController    : BL after browse auto-population request for BL: 12345
2026-07-15T15:56:39.502+05:30  INFO 5048 --- [asg-shipping] [main] c.a.s.s.s.ManifestCorrectorServiceImpl   : Getting Shipping Manifest Corrector with id: 1
2026-07-15T15:56:39.506+05:30  INFO 5048 --- [asg-shipping] [main] c.a.s.s.s.ManifestCorrectorServiceImpl   : Successfully retrieved Shipping Manifest Corrector with id: 1
2026-07-15T15:56:39.509+05:30  INFO 5048 --- [asg-shipping] [main] c.a.s.s.s.ManifestCorrectorServiceImpl   : Updating Shipping Manifest Corrector with id: 1
2026-07-15T15:56:39.510+05:30  INFO 5048 --- [asg-shipping] [main] c.a.s.s.s.ManifestCorrectorServiceImpl   : Successfully updated Shipping Manifest Corrector with id: 1
2026-07-15T15:56:39.514+05:30  INFO 5048 --- [asg-shipping] [main] c.a.s.s.s.ManifestCorrectorServiceImpl   : Updating Shipping Manifest Corrector with id: 1
2026-07-15T15:56:39.517+05:30  INFO 5048 --- [asg-shipping] [main] c.a.s.s.s.ManifestCorrectorServiceImpl   : Getting Shipping Manifest Corrector with id: 1
2026-07-15T15:56:39.521+05:30  INFO 5048 --- [asg-shipping] [main] c.a.s.s.s.ManifestCorrectorServiceImpl   : Validating refund amounts for BL POID: 1, Container: CONT123
2026-07-15T15:56:39.527+05:30  INFO 5048 --- [asg-shipping] [main] c.a.s.s.s.ManifestCorrectorServiceImpl   : Validating refund amounts for BL POID: 1, Container: CONT123
2026-07-15T15:56:39.532+05:30  INFO 5048 --- [asg-shipping] [main] c.a.s.s.s.ManifestCorrectorServiceImpl   : Searching Shipping Manifest Corrector records with docId: 100-143, page: 0, size: 10
2026-07-15T15:56:39.536+05:30  INFO 5048 --- [asg-shipping] [main] c.a.s.s.s.ManifestCorrectorServiceImpl   : Getting Shipping Manifest Corrector with id: 1
2026-07-15T15:56:39.537+05:30  INFO 5048 --- [asg-shipping] [main] c.a.s.s.s.ManifestCorrectorServiceImpl   : Successfully retrieved Shipping Manifest Corrector with id: 1
2026-07-15T15:56:39.541+05:30  INFO 5048 --- [asg-shipping] [main] c.a.s.s.s.ManifestCorrectorServiceImpl   : Searching Shipping Manifest Corrector records with docId: 100-143, page: 0, size: 10
2026-07-15T15:56:39.545+05:30  INFO 5048 --- [asg-shipping] [main] c.a.s.s.s.ManifestCorrectorServiceImpl   : Deleting Shipping Manifest Corrector with id: 1
2026-07-15T15:56:39.546+05:30  INFO 5048 --- [asg-shipping] [main] c.a.s.s.s.ManifestCorrectorServiceImpl   : Successfully deleted Shipping Manifest Corrector with id: 1
2026-07-15T15:56:39.553+05:30  INFO 5048 --- [asg-shipping] [main] c.a.s.s.s.ManifestCorrectorServiceImpl   : Auto-populating Shipping Manifest Corrector fields for BL: 12345
2026-07-15T15:56:39.568+05:30  INFO 5048 --- [asg-shipping] [main] c.a.s.s.s.ManifestCorrectorServiceImpl   : Deleting Shipping Manifest Corrector with id: 1
2026-07-15T15:56:39.704+05:30  INFO 5048 --- [asg-shipping] [main] o.s.mock.web.MockServletContext          : Initializing Spring TestDispatcherServlet ''
2026-07-15T15:56:39.705+05:30  INFO 5048 --- [asg-shipping] [main] o.s.t.web.servlet.TestDispatcherServlet  : Initializing Servlet ''
2026-07-15T15:56:39.705+05:30  INFO 5048 --- [asg-shipping] [main] o.s.t.web.servlet.TestDispatcherServlet  : Completed initialization in 0 ms
2026-07-15T15:56:39.708+05:30  INFO 5048 --- [asg-shipping] [main] .s.t.c.c.ContainerTerminalTypeController : Delete ContainerTerminalType request | poid=1, groupPoid=100, userId=admin
2026-07-15T15:56:39.724+05:30  INFO 5048 --- [asg-shipping] [main] o.s.mock.web.MockServletContext          : Initializing Spring TestDispatcherServlet ''
2026-07-15T15:56:39.724+05:30  INFO 5048 --- [asg-shipping] [main] o.s.t.web.servlet.TestDispatcherServlet  : Initializing Servlet ''
2026-07-15T15:56:39.725+05:30  INFO 5048 --- [asg-shipping] [main] o.s.t.web.servlet.TestDispatcherServlet  : Completed initialization in 1 ms
2026-07-15T15:56:39.726+05:30  INFO 5048 --- [asg-shipping] [main] .s.t.c.c.ContainerTerminalTypeController : Get ContainerTerminalType request | poid=1, groupPoid=100
2026-07-15T15:56:39.744+05:30  INFO 5048 --- [asg-shipping] [main] o.s.mock.web.MockServletContext          : Initializing Spring TestDispatcherServlet ''
2026-07-15T15:56:39.744+05:30  INFO 5048 --- [asg-shipping] [main] o.s.t.web.servlet.TestDispatcherServlet  : Initializing Servlet ''
2026-07-15T15:56:39.745+05:30  INFO 5048 --- [asg-shipping] [main] o.s.t.web.servlet.TestDispatcherServlet  : Completed initialization in 1 ms
2026-07-15T15:56:39.755+05:30  INFO 5048 --- [asg-shipping] [main] .s.t.c.c.ContainerTerminalTypeController : Create ContainerTerminalType request | code=ISO20, groupPoid=100, userId=admin
2026-07-15T15:56:39.771+05:30  INFO 5048 --- [asg-shipping] [main] o.s.mock.web.MockServletContext          : Initializing Spring TestDispatcherServlet ''
2026-07-15T15:56:39.772+05:30  INFO 5048 --- [asg-shipping] [main] o.s.t.web.servlet.TestDispatcherServlet  : Initializing Servlet ''
2026-07-15T15:56:39.772+05:30  INFO 5048 --- [asg-shipping] [main] o.s.t.web.servlet.TestDispatcherServlet  : Completed initialization in 0 ms
2026-07-15T15:56:39.778+05:30  INFO 5048 --- [asg-shipping] [main] .s.t.c.c.ContainerTerminalTypeController : List ContainerTerminalTypes request | page=0, size=20, docId=000-000
2026-07-15T15:56:39.797+05:30  INFO 5048 --- [asg-shipping] [main] o.s.mock.web.MockServletContext          : Initializing Spring TestDispatcherServlet ''
2026-07-15T15:56:39.797+05:30  INFO 5048 --- [asg-shipping] [main] o.s.t.web.servlet.TestDispatcherServlet  : Initializing Servlet ''
2026-07-15T15:56:39.798+05:30  INFO 5048 --- [asg-shipping] [main] o.s.t.web.servlet.TestDispatcherServlet  : Completed initialization in 0 ms
2026-07-15T15:56:39.801+05:30  INFO 5048 --- [asg-shipping] [main] .s.t.c.c.ContainerTerminalTypeController : Toggle Active Status request | poid=1, groupPoid=100, userId=admin
2026-07-15T15:56:39.801+05:30  INFO 5048 --- [asg-shipping] [main] .s.t.c.c.ContainerTerminalTypeController : Toggle Active Status completed successfully | poid=1
2026-07-15T15:56:39.822+05:30  INFO 5048 --- [asg-shipping] [main] o.s.mock.web.MockServletContext          : Initializing Spring TestDispatcherServlet ''
2026-07-15T15:56:39.822+05:30  INFO 5048 --- [asg-shipping] [main] o.s.t.web.servlet.TestDispatcherServlet  : Initializing Servlet ''
2026-07-15T15:56:39.823+05:30  INFO 5048 --- [asg-shipping] [main] o.s.t.web.servlet.TestDispatcherServlet  : Completed initialization in 1 ms
2026-07-15T15:56:39.832+05:30  INFO 5048 --- [asg-shipping] [main] .s.t.c.c.ContainerTerminalTypeController : List ContainerTerminalTypes request | page=0, size=20, docId=000-000
2026-07-15T15:56:39.848+05:30  INFO 5048 --- [asg-shipping] [main] o.s.mock.web.MockServletContext          : Initializing Spring TestDispatcherServlet ''
2026-07-15T15:56:39.848+05:30  INFO 5048 --- [asg-shipping] [main] o.s.t.web.servlet.TestDispatcherServlet  : Initializing Servlet ''
2026-07-15T15:56:39.848+05:30  INFO 5048 --- [asg-shipping] [main] o.s.t.web.servlet.TestDispatcherServlet  : Completed initialization in 0 ms
2026-07-15T15:56:39.858+05:30  INFO 5048 --- [asg-shipping] [main] .s.t.c.c.ContainerTerminalTypeController : Update ContainerTerminalType request | poid=1, code=ISO20, groupPoid=100, userId=admin
2026-07-15T15:56:40.090+05:30  INFO 5048 --- [asg-shipping] [main] t.c.s.i.ContainerTerminalTypeServiceImpl : Toggling active status for container terminal type with id: 1, groupPoid: 10, userId: user1
2026-07-15T15:56:40.091+05:30  INFO 5048 --- [asg-shipping] [main] t.c.s.i.ContainerTerminalTypeServiceImpl : Successfully toggled active status for container terminal type with id: 1 from N to Y
2026-07-15T15:56:40.094+05:30  INFO 5048 --- [asg-shipping] [main] t.c.s.i.ContainerTerminalTypeServiceImpl : Toggling active status for container terminal type with id: 1, groupPoid: 10, userId: user1
2026-07-15T15:56:40.094+05:30  INFO 5048 --- [asg-shipping] [main] t.c.s.i.ContainerTerminalTypeServiceImpl : Successfully toggled active status for container terminal type with id: 1 from Y to N
2026-07-15T15:56:40.097+05:30  INFO 5048 --- [asg-shipping] [main] t.c.s.i.ContainerTerminalTypeServiceImpl : Deleting container terminal type with id: 1
2026-07-15T15:56:40.099+05:30  INFO 5048 --- [asg-shipping] [main] t.c.s.i.ContainerTerminalTypeServiceImpl : Successfully deleted container terminal type with id: 1
2026-07-15T15:56:40.103+05:30  INFO 5048 --- [asg-shipping] [main] t.c.s.i.ContainerTerminalTypeServiceImpl : Getting container terminal type with id: 1
2026-07-15T15:56:40.108+05:30  INFO 5048 --- [asg-shipping] [main] t.c.s.i.ContainerTerminalTypeServiceImpl : Getting container terminal type with id: 1
2026-07-15T15:56:40.108+05:30  INFO 5048 --- [asg-shipping] [main] t.c.s.i.ContainerTerminalTypeServiceImpl : Successfully retrieved container terminal type with id: 1
2026-07-15T15:56:40.112+05:30  INFO 5048 --- [asg-shipping] [main] t.c.s.i.ContainerTerminalTypeServiceImpl : Deleting container terminal type with id: 1
2026-07-15T15:56:40.116+05:30  INFO 5048 --- [asg-shipping] [main] t.c.s.i.ContainerTerminalTypeServiceImpl : Listing container terminal types with docId: DOC-1, page: 0, size: 10
2026-07-15T15:56:40.116+05:30  INFO 5048 --- [asg-shipping] [main] t.c.s.i.ContainerTerminalTypeServiceImpl : Successfully retrieved container terminal types
2026-07-15T15:56:40.120+05:30  INFO 5048 --- [asg-shipping] [main] t.c.s.i.ContainerTerminalTypeServiceImpl : Updating container terminal type with id: 1, groupId: 10, userId: user1
2026-07-15T15:56:40.125+05:30  INFO 5048 --- [asg-shipping] [main] t.c.s.i.ContainerTerminalTypeServiceImpl : Updating container terminal type with id: 1, groupId: 10, userId: user1
2026-07-15T15:56:40.127+05:30  INFO 5048 --- [asg-shipping] [main] t.c.s.i.ContainerTerminalTypeServiceImpl : Updating container terminal type with id: 1, groupId: 10, userId: user1
2026-07-15T15:56:40.130+05:30  INFO 5048 --- [asg-shipping] [main] t.c.s.i.ContainerTerminalTypeServiceImpl : Toggling active status for container terminal type with id: 1, groupPoid: 10, userId: user1
2026-07-15T15:56:40.134+05:30  INFO 5048 --- [asg-shipping] [main] t.c.s.i.ContainerTerminalTypeServiceImpl : Creating container terminal type with code: ISO20, groupId: 10, userId: user1
2026-07-15T15:56:40.139+05:30  INFO 5048 --- [asg-shipping] [main] t.c.s.i.ContainerTerminalTypeServiceImpl : Creating container terminal type with code: ISO20, groupId: 10, userId: user1
2026-07-15T15:56:40.143+05:30  INFO 5048 --- [asg-shipping] [main] t.c.s.i.ContainerTerminalTypeServiceImpl : Updating container terminal type with id: 1, groupId: 10, userId: user1
2026-07-15T15:56:40.144+05:30  INFO 5048 --- [asg-shipping] [main] t.c.s.i.ContainerTerminalTypeServiceImpl : Successfully updated container terminal type with id: 1
2026-07-15T15:56:40.147+05:30  INFO 5048 --- [asg-shipping] [main] t.c.s.i.ContainerTerminalTypeServiceImpl : Creating container terminal type with code: ISO20, groupId: 10, userId: user1
2026-07-15T15:56:40.148+05:30  INFO 5048 --- [asg-shipping] [main] t.c.s.i.ContainerTerminalTypeServiceImpl : Successfully created container terminal type with id: 1
2026-07-15T15:56:40.417+05:30 ERROR 5048 --- [asg-shipping] [main] c.a.s.t.s.impl.ShipTradeLaneServiceImpl  : Trade Lane Code is required
2026-07-15T15:56:40.423+05:30 ERROR 5048 --- [asg-shipping] [main] c.a.s.t.s.impl.ShipTradeLaneServiceImpl  : Trade Lane Name is required
2026-07-15T15:56:40.426+05:30 ERROR 5048 --- [asg-shipping] [main] c.a.s.t.s.impl.ShipTradeLaneServiceImpl  : Region POID is required
2026-07-15T15:56:40.433+05:30 ERROR 5048 --- [asg-shipping] [main] c.a.s.t.s.impl.ShipTradeLaneServiceImpl  : Trade Lane Code already exists: TL001
2026-07-15T15:56:40.438+05:30 ERROR 5048 --- [asg-shipping] [main] c.a.s.t.s.impl.ShipTradeLaneServiceImpl  : Trade Lane Name already exists: Trade Lane 1
2026-07-15T15:56:40.623+05:30  INFO 5048 --- [asg-shipping] [main] o.s.mock.web.MockServletContext          : Initializing Spring TestDispatcherServlet ''
2026-07-15T15:56:40.623+05:30  INFO 5048 --- [asg-shipping] [main] o.s.t.web.servlet.TestDispatcherServlet  : Initializing Servlet ''
2026-07-15T15:56:40.623+05:30  INFO 5048 --- [asg-shipping] [main] o.s.t.web.servlet.TestDispatcherServlet  : Completed initialization in 0 ms
2026-07-15T15:56:40.663+05:30  INFO 5048 --- [asg-shipping] [main] c.a.s.v.c.VesselMasterController         : Updating vessel with id: 1
2026-07-15T15:56:40.663+05:30  INFO 5048 --- [asg-shipping] [main] c.a.s.v.c.VesselMasterController         : Successfully updated vessel with id: 1
2026-07-15T15:56:40.681+05:30  INFO 5048 --- [asg-shipping] [main] o.s.mock.web.MockServletContext          : Initializing Spring TestDispatcherServlet ''
2026-07-15T15:56:40.681+05:30  INFO 5048 --- [asg-shipping] [main] o.s.t.web.servlet.TestDispatcherServlet  : Initializing Servlet ''
2026-07-15T15:56:40.682+05:30  INFO 5048 --- [asg-shipping] [main] o.s.t.web.servlet.TestDispatcherServlet  : Completed initialization in 0 ms
2026-07-15T15:56:40.688+05:30  INFO 5048 --- [asg-shipping] [main] c.a.s.v.c.VesselMasterController         : Searching vessels with page: 0, size: 20, sort: invalid
2026-07-15T15:56:40.689+05:30  INFO 5048 --- [asg-shipping] [main] c.a.s.v.c.VesselMasterController         : Successfully retrieved vessels
2026-07-15T15:56:40.711+05:30  INFO 5048 --- [asg-shipping] [main] o.s.mock.web.MockServletContext          : Initializing Spring TestDispatcherServlet ''
2026-07-15T15:56:40.711+05:30  INFO 5048 --- [asg-shipping] [main] o.s.t.web.servlet.TestDispatcherServlet  : Initializing Servlet ''
2026-07-15T15:56:40.712+05:30  INFO 5048 --- [asg-shipping] [main] o.s.t.web.servlet.TestDispatcherServlet  : Completed initialization in 1 ms
2026-07-15T15:56:40.714+05:30  INFO 5048 --- [asg-shipping] [main] c.a.s.v.c.VesselMasterController         : Deleting vessel with id: 1
2026-07-15T15:56:40.714+05:30  INFO 5048 --- [asg-shipping] [main] c.a.s.v.c.VesselMasterController         : Successfully deleted vessel with id: 1
2026-07-15T15:56:40.740+05:30  INFO 5048 --- [asg-shipping] [main] o.s.mock.web.MockServletContext          : Initializing Spring TestDispatcherServlet ''
2026-07-15T15:56:40.740+05:30  INFO 5048 --- [asg-shipping] [main] o.s.t.web.servlet.TestDispatcherServlet  : Initializing Servlet ''
2026-07-15T15:56:40.741+05:30  INFO 5048 --- [asg-shipping] [main] o.s.t.web.servlet.TestDispatcherServlet  : Completed initialization in 1 ms
2026-07-15T15:56:40.758+05:30  INFO 5048 --- [asg-shipping] [main] o.s.mock.web.MockServletContext          : Initializing Spring TestDispatcherServlet ''
2026-07-15T15:56:40.758+05:30  INFO 5048 --- [asg-shipping] [main] o.s.t.web.servlet.TestDispatcherServlet  : Initializing Servlet ''
2026-07-15T15:56:40.759+05:30  INFO 5048 --- [asg-shipping] [main] o.s.t.web.servlet.TestDispatcherServlet  : Completed initialization in 1 ms
2026-07-15T15:56:40.785+05:30  INFO 5048 --- [asg-shipping] [main] c.a.s.v.c.VesselMasterController         : Creating vessel with code: VSL002, name: New Vessel
2026-07-15T15:56:40.785+05:30  INFO 5048 --- [asg-shipping] [main] c.a.s.v.c.VesselMasterController         : Successfully created vessel with id: 1
2026-07-15T15:56:40.806+05:30  INFO 5048 --- [asg-shipping] [main] o.s.mock.web.MockServletContext          : Initializing Spring TestDispatcherServlet ''
2026-07-15T15:56:40.807+05:30  INFO 5048 --- [asg-shipping] [main] o.s.t.web.servlet.TestDispatcherServlet  : Initializing Servlet ''
2026-07-15T15:56:40.807+05:30  INFO 5048 --- [asg-shipping] [main] o.s.t.web.servlet.TestDispatcherServlet  : Completed initialization in 0 ms
2026-07-15T15:56:40.808+05:30  INFO 5048 --- [asg-shipping] [main] c.a.s.v.c.VesselMasterController         : Deleting vessel with id: 1
2026-07-15T15:56:40.809+05:30  INFO 5048 --- [asg-shipping] [main] c.a.s.v.c.VesselMasterController         : Successfully deleted vessel with id: 1
2026-07-15T15:56:40.824+05:30  INFO 5048 --- [asg-shipping] [main] o.s.mock.web.MockServletContext          : Initializing Spring TestDispatcherServlet ''
2026-07-15T15:56:40.824+05:30  INFO 5048 --- [asg-shipping] [main] o.s.t.web.servlet.TestDispatcherServlet  : Initializing Servlet ''
2026-07-15T15:56:40.824+05:30  INFO 5048 --- [asg-shipping] [main] o.s.t.web.servlet.TestDispatcherServlet  : Completed initialization in 0 ms
2026-07-15T15:56:40.830+05:30  INFO 5048 --- [asg-shipping] [main] c.a.s.v.c.VesselMasterController         : Deleting vessel with id: 1
2026-07-15T15:56:40.831+05:30  INFO 5048 --- [asg-shipping] [main] c.a.s.v.c.VesselMasterController         : Successfully deleted vessel with id: 1
2026-07-15T15:56:40.852+05:30  INFO 5048 --- [asg-shipping] [main] o.s.mock.web.MockServletContext          : Initializing Spring TestDispatcherServlet ''
2026-07-15T15:56:40.853+05:30  INFO 5048 --- [asg-shipping] [main] o.s.t.web.servlet.TestDispatcherServlet  : Initializing Servlet ''
2026-07-15T15:56:40.853+05:30  INFO 5048 --- [asg-shipping] [main] o.s.t.web.servlet.TestDispatcherServlet  : Completed initialization in 0 ms
2026-07-15T15:56:40.855+05:30  INFO 5048 --- [asg-shipping] [main] c.a.s.v.c.VesselMasterController         : Getting vessel with id: 1
2026-07-15T15:56:40.856+05:30  INFO 5048 --- [asg-shipping] [main] c.a.s.v.c.VesselMasterController         : Successfully retrieved vessel with id: 1
2026-07-15T15:56:40.899+05:30  INFO 5048 --- [asg-shipping] [main] o.s.mock.web.MockServletContext          : Initializing Spring TestDispatcherServlet ''
2026-07-15T15:56:40.899+05:30  INFO 5048 --- [asg-shipping] [main] o.s.t.web.servlet.TestDispatcherServlet  : Initializing Servlet ''
2026-07-15T15:56:40.899+05:30  INFO 5048 --- [asg-shipping] [main] o.s.t.web.servlet.TestDispatcherServlet  : Completed initialization in 0 ms
2026-07-15T15:56:40.906+05:30  INFO 5048 --- [asg-shipping] [main] c.a.s.v.c.VesselMasterController         : Searching vessels with page: 0, size: 20, sort: vesselName,asc,extra
2026-07-15T15:56:40.906+05:30  INFO 5048 --- [asg-shipping] [main] c.a.s.v.c.VesselMasterController         : Successfully retrieved vessels
2026-07-15T15:56:40.926+05:30  INFO 5048 --- [asg-shipping] [main] o.s.mock.web.MockServletContext          : Initializing Spring TestDispatcherServlet ''
2026-07-15T15:56:40.927+05:30  INFO 5048 --- [asg-shipping] [main] o.s.t.web.servlet.TestDispatcherServlet  : Initializing Servlet ''
2026-07-15T15:56:40.927+05:30  INFO 5048 --- [asg-shipping] [main] o.s.t.web.servlet.TestDispatcherServlet  : Completed initialization in 0 ms
2026-07-15T15:56:40.929+05:30  INFO 5048 --- [asg-shipping] [main] c.a.s.v.c.VesselMasterController         : Searching vessels with page: 0, size: 20, sort: null
2026-07-15T15:56:40.929+05:30  INFO 5048 --- [asg-shipping] [main] c.a.s.v.c.VesselMasterController         : Successfully retrieved vessels
2026-07-15T15:56:40.947+05:30  INFO 5048 --- [asg-shipping] [main] o.s.mock.web.MockServletContext          : Initializing Spring TestDispatcherServlet ''
2026-07-15T15:56:40.947+05:30  INFO 5048 --- [asg-shipping] [main] o.s.t.web.servlet.TestDispatcherServlet  : Initializing Servlet ''
2026-07-15T15:56:40.947+05:30  INFO 5048 --- [asg-shipping] [main] o.s.t.web.servlet.TestDispatcherServlet  : Completed initialization in 0 ms
2026-07-15T15:56:40.951+05:30  INFO 5048 --- [asg-shipping] [main] c.a.s.v.c.VesselMasterController         : Searching vessels with page: 0, size: 20, sort:    ,asc
2026-07-15T15:56:40.951+05:30  INFO 5048 --- [asg-shipping] [main] c.a.s.v.c.VesselMasterController         : Successfully retrieved vessels
2026-07-15T15:56:40.972+05:30  INFO 5048 --- [asg-shipping] [main] o.s.mock.web.MockServletContext          : Initializing Spring TestDispatcherServlet ''
2026-07-15T15:56:40.972+05:30  INFO 5048 --- [asg-shipping] [main] o.s.t.web.servlet.TestDispatcherServlet  : Initializing Servlet ''
2026-07-15T15:56:40.973+05:30  INFO 5048 --- [asg-shipping] [main] o.s.t.web.servlet.TestDispatcherServlet  : Completed initialization in 0 ms
2026-07-15T15:56:40.974+05:30  INFO 5048 --- [asg-shipping] [main] c.a.s.v.c.VesselMasterController         : Toggling active status for vessel with id: 1
2026-07-15T15:56:40.975+05:30  INFO 5048 --- [asg-shipping] [main] c.a.s.v.c.VesselMasterController         : Successfully toggled active status for vessel with id: 1
2026-07-15T15:56:40.993+05:30  INFO 5048 --- [asg-shipping] [main] o.s.mock.web.MockServletContext          : Initializing Spring TestDispatcherServlet ''
2026-07-15T15:56:40.994+05:30  INFO 5048 --- [asg-shipping] [main] o.s.t.web.servlet.TestDispatcherServlet  : Initializing Servlet ''
2026-07-15T15:56:40.994+05:30  INFO 5048 --- [asg-shipping] [main] o.s.t.web.servlet.TestDispatcherServlet  : Completed initialization in 0 ms
2026-07-15T15:56:41.012+05:30  INFO 5048 --- [asg-shipping] [main] o.s.mock.web.MockServletContext          : Initializing Spring TestDispatcherServlet ''
2026-07-15T15:56:41.012+05:30  INFO 5048 --- [asg-shipping] [main] o.s.t.web.servlet.TestDispatcherServlet  : Initializing Servlet ''
2026-07-15T15:56:41.013+05:30  INFO 5048 --- [asg-shipping] [main] o.s.t.web.servlet.TestDispatcherServlet  : Completed initialization in 1 ms
2026-07-15T15:56:41.028+05:30  INFO 5048 --- [asg-shipping] [main] o.s.mock.web.MockServletContext          : Initializing Spring TestDispatcherServlet ''
2026-07-15T15:56:41.029+05:30  INFO 5048 --- [asg-shipping] [main] o.s.t.web.servlet.TestDispatcherServlet  : Initializing Servlet ''
2026-07-15T15:56:41.029+05:30  INFO 5048 --- [asg-shipping] [main] o.s.t.web.servlet.TestDispatcherServlet  : Completed initialization in 0 ms
2026-07-15T15:56:41.032+05:30  INFO 5048 --- [asg-shipping] [main] c.a.s.v.c.VesselMasterController         : Searching vessels with page: 0, size: 20, sort: vesselName,desc
2026-07-15T15:56:41.033+05:30  INFO 5048 --- [asg-shipping] [main] c.a.s.v.c.VesselMasterController         : Successfully retrieved vessels
2026-07-15T15:56:41.049+05:30  INFO 5048 --- [asg-shipping] [main] o.s.mock.web.MockServletContext          : Initializing Spring TestDispatcherServlet ''
2026-07-15T15:56:41.049+05:30  INFO 5048 --- [asg-shipping] [main] o.s.t.web.servlet.TestDispatcherServlet  : Initializing Servlet ''
2026-07-15T15:56:41.050+05:30  INFO 5048 --- [asg-shipping] [main] o.s.t.web.servlet.TestDispatcherServlet  : Completed initialization in 0 ms
2026-07-15T15:56:41.055+05:30  INFO 5048 --- [asg-shipping] [main] c.a.s.v.c.VesselMasterController         : Searching vessels with page: 0, size: 20, sort: null
2026-07-15T15:56:41.056+05:30  INFO 5048 --- [asg-shipping] [main] c.a.s.v.c.VesselMasterController         : Successfully retrieved vessels
2026-07-15T15:56:41.070+05:30  INFO 5048 --- [asg-shipping] [main] o.s.mock.web.MockServletContext          : Initializing Spring TestDispatcherServlet ''
2026-07-15T15:56:41.070+05:30  INFO 5048 --- [asg-shipping] [main] o.s.t.web.servlet.TestDispatcherServlet  : Initializing Servlet ''
2026-07-15T15:56:41.071+05:30  INFO 5048 --- [asg-shipping] [main] o.s.t.web.servlet.TestDispatcherServlet  : Completed initialization in 1 ms
2026-07-15T15:56:41.083+05:30  INFO 5048 --- [asg-shipping] [main] o.s.mock.web.MockServletContext          : Initializing Spring TestDispatcherServlet ''
2026-07-15T15:56:41.083+05:30  INFO 5048 --- [asg-shipping] [main] o.s.t.web.servlet.TestDispatcherServlet  : Initializing Servlet ''
2026-07-15T15:56:41.083+05:30  INFO 5048 --- [asg-shipping] [main] o.s.t.web.servlet.TestDispatcherServlet  : Completed initialization in 0 ms
2026-07-15T15:56:41.089+05:30  INFO 5048 --- [asg-shipping] [main] c.a.s.v.c.VesselMasterController         : Searching vessels with page: 0, size: 20, sort: vesselPoid,asc
2026-07-15T15:56:41.090+05:30  INFO 5048 --- [asg-shipping] [main] c.a.s.v.c.VesselMasterController         : Successfully retrieved vessels
2026-07-15T15:56:41.098+05:30  INFO 5048 --- [asg-shipping] [main] c.a.s.v.c.VesselMasterController         : Searching vessels with page: 0, size: 20, sort: vesselCode,desc
2026-07-15T15:56:41.098+05:30  INFO 5048 --- [asg-shipping] [main] c.a.s.v.c.VesselMasterController         : Successfully retrieved vessels
2026-07-15T15:56:41.102+05:30  INFO 5048 --- [asg-shipping] [main] c.a.s.v.c.VesselMasterController         : Searching vessels with page: 0, size: 20, sort: vesselName,asc
2026-07-15T15:56:41.103+05:30  INFO 5048 --- [asg-shipping] [main] c.a.s.v.c.VesselMasterController         : Successfully retrieved vessels
2026-07-15T15:56:41.106+05:30  INFO 5048 --- [asg-shipping] [main] c.a.s.v.c.VesselMasterController         : Searching vessels with page: 0, size: 20, sort: vesselName2,desc
2026-07-15T15:56:41.107+05:30  INFO 5048 --- [asg-shipping] [main] c.a.s.v.c.VesselMasterController         : Successfully retrieved vessels
2026-07-15T15:56:41.109+05:30  INFO 5048 --- [asg-shipping] [main] c.a.s.v.c.VesselMasterController         : Searching vessels with page: 0, size: 20, sort: imoNumber,asc
2026-07-15T15:56:41.109+05:30  INFO 5048 --- [asg-shipping] [main] c.a.s.v.c.VesselMasterController         : Successfully retrieved vessels
2026-07-15T15:56:41.111+05:30  INFO 5048 --- [asg-shipping] [main] c.a.s.v.c.VesselMasterController         : Searching vessels with page: 0, size: 20, sort: createdDate,desc
2026-07-15T15:56:41.112+05:30  INFO 5048 --- [asg-shipping] [main] c.a.s.v.c.VesselMasterController         : Successfully retrieved vessels
2026-07-15T15:56:41.113+05:30  INFO 5048 --- [asg-shipping] [main] c.a.s.v.c.VesselMasterController         : Searching vessels with page: 0, size: 20, sort: lastModifiedDate,asc
2026-07-15T15:56:41.114+05:30  INFO 5048 --- [asg-shipping] [main] c.a.s.v.c.VesselMasterController         : Successfully retrieved vessels
2026-07-15T15:56:41.115+05:30  INFO 5048 --- [asg-shipping] [main] c.a.s.v.c.VesselMasterController         : Searching vessels with page: 0, size: 20, sort: unknownField,asc
2026-07-15T15:56:41.115+05:30  INFO 5048 --- [asg-shipping] [main] c.a.s.v.c.VesselMasterController         : Successfully retrieved vessels
2026-07-15T15:56:41.131+05:30  INFO 5048 --- [asg-shipping] [main] o.s.mock.web.MockServletContext          : Initializing Spring TestDispatcherServlet ''
2026-07-15T15:56:41.131+05:30  INFO 5048 --- [asg-shipping] [main] o.s.t.web.servlet.TestDispatcherServlet  : Initializing Servlet ''
2026-07-15T15:56:41.131+05:30  INFO 5048 --- [asg-shipping] [main] o.s.t.web.servlet.TestDispatcherServlet  : Completed initialization in 0 ms
2026-07-15T15:56:41.135+05:30  INFO 5048 --- [asg-shipping] [main] c.a.s.v.c.VesselMasterController         : Searching vessels with page: 0, size: 20, sort: 
2026-07-15T15:56:41.135+05:30  INFO 5048 --- [asg-shipping] [main] c.a.s.v.c.VesselMasterController         : Successfully retrieved vessels
2026-07-15T15:56:41.150+05:30  INFO 5048 --- [asg-shipping] [main] o.s.mock.web.MockServletContext          : Initializing Spring TestDispatcherServlet ''
2026-07-15T15:56:41.150+05:30  INFO 5048 --- [asg-shipping] [main] o.s.t.web.servlet.TestDispatcherServlet  : Initializing Servlet ''
2026-07-15T15:56:41.150+05:30  INFO 5048 --- [asg-shipping] [main] o.s.t.web.servlet.TestDispatcherServlet  : Completed initialization in 0 ms
2026-07-15T15:56:41.156+05:30  INFO 5048 --- [asg-shipping] [main] c.a.s.v.c.VesselMasterController         : Searching vessels with page: 0, size: 20, sort:    ,asc
2026-07-15T15:56:41.157+05:30  INFO 5048 --- [asg-shipping] [main] c.a.s.v.c.VesselMasterController         : Successfully retrieved vessels
2026-07-15T15:56:41.175+05:30  INFO 5048 --- [asg-shipping] [main] o.s.mock.web.MockServletContext          : Initializing Spring TestDispatcherServlet ''
2026-07-15T15:56:41.175+05:30  INFO 5048 --- [asg-shipping] [main] o.s.t.web.servlet.TestDispatcherServlet  : Initializing Servlet ''
2026-07-15T15:56:41.175+05:30  INFO 5048 --- [asg-shipping] [main] o.s.t.web.servlet.TestDispatcherServlet  : Completed initialization in 0 ms
2026-07-15T15:56:41.180+05:30  INFO 5048 --- [asg-shipping] [main] c.a.s.v.c.VesselMasterController         : Searching vessels with page: 0, size: 20, sort: vesselPoid,asc
2026-07-15T15:56:41.181+05:30  INFO 5048 --- [asg-shipping] [main] c.a.s.v.c.VesselMasterController         : Successfully retrieved vessels
2026-07-15T15:56:41.185+05:30  INFO 5048 --- [asg-shipping] [main] c.a.s.v.c.VesselMasterController         : Searching vessels with page: 0, size: 20, sort: vesselCode,asc
2026-07-15T15:56:41.186+05:30  INFO 5048 --- [asg-shipping] [main] c.a.s.v.c.VesselMasterController         : Successfully retrieved vessels
2026-07-15T15:56:41.189+05:30  INFO 5048 --- [asg-shipping] [main] c.a.s.v.c.VesselMasterController         : Searching vessels with page: 0, size: 20, sort: vesselName,asc
2026-07-15T15:56:41.190+05:30  INFO 5048 --- [asg-shipping] [main] c.a.s.v.c.VesselMasterController         : Successfully retrieved vessels
2026-07-15T15:56:41.192+05:30  INFO 5048 --- [asg-shipping] [main] c.a.s.v.c.VesselMasterController         : Searching vessels with page: 0, size: 20, sort: vesselName2,asc
2026-07-15T15:56:41.192+05:30  INFO 5048 --- [asg-shipping] [main] c.a.s.v.c.VesselMasterController         : Successfully retrieved vessels
2026-07-15T15:56:41.194+05:30  INFO 5048 --- [asg-shipping] [main] c.a.s.v.c.VesselMasterController         : Searching vessels with page: 0, size: 20, sort: imoNumber,asc
2026-07-15T15:56:41.195+05:30  INFO 5048 --- [asg-shipping] [main] c.a.s.v.c.VesselMasterController         : Successfully retrieved vessels
2026-07-15T15:56:41.197+05:30  INFO 5048 --- [asg-shipping] [main] c.a.s.v.c.VesselMasterController         : Searching vessels with page: 0, size: 20, sort: createdDate,asc
2026-07-15T15:56:41.198+05:30  INFO 5048 --- [asg-shipping] [main] c.a.s.v.c.VesselMasterController         : Successfully retrieved vessels
2026-07-15T15:56:41.200+05:30  INFO 5048 --- [asg-shipping] [main] c.a.s.v.c.VesselMasterController         : Searching vessels with page: 0, size: 20, sort: lastModifiedDate,asc
2026-07-15T15:56:41.200+05:30  INFO 5048 --- [asg-shipping] [main] c.a.s.v.c.VesselMasterController         : Successfully retrieved vessels
2026-07-15T15:56:41.217+05:30  INFO 5048 --- [asg-shipping] [main] o.s.mock.web.MockServletContext          : Initializing Spring TestDispatcherServlet ''
2026-07-15T15:56:41.217+05:30  INFO 5048 --- [asg-shipping] [main] o.s.t.web.servlet.TestDispatcherServlet  : Initializing Servlet ''
2026-07-15T15:56:41.217+05:30  INFO 5048 --- [asg-shipping] [main] o.s.t.web.servlet.TestDispatcherServlet  : Completed initialization in 0 ms
2026-07-15T15:56:41.224+05:30  INFO 5048 --- [asg-shipping] [main] c.a.s.v.c.VesselMasterController         : Searching vessels with page: 0, size: 20, sort: vesselName
2026-07-15T15:56:41.225+05:30  INFO 5048 --- [asg-shipping] [main] c.a.s.v.c.VesselMasterController         : Successfully retrieved vessels
2026-07-15T15:56:41.242+05:30  INFO 5048 --- [asg-shipping] [main] o.s.mock.web.MockServletContext          : Initializing Spring TestDispatcherServlet ''
2026-07-15T15:56:41.242+05:30  INFO 5048 --- [asg-shipping] [main] o.s.t.web.servlet.TestDispatcherServlet  : Initializing Servlet ''
2026-07-15T15:56:41.242+05:30  INFO 5048 --- [asg-shipping] [main] o.s.t.web.servlet.TestDispatcherServlet  : Completed initialization in 0 ms
2026-07-15T15:56:41.245+05:30  INFO 5048 --- [asg-shipping] [main] c.a.s.v.c.VesselMasterController         : Searching vessels with page: 0, size: 20, sort: vesselName,asc
2026-07-15T15:56:41.246+05:30  INFO 5048 --- [asg-shipping] [main] c.a.s.v.c.VesselMasterController         : Successfully retrieved vessels
2026-07-15T15:56:41.259+05:30  INFO 5048 --- [asg-shipping] [main] c.a.s.v.s.VesselMasterLovServiceImpl     : Fetching AGENT_MASTER LOV with agentPoid filter: null
2026-07-15T15:56:41.259+05:30  INFO 5048 --- [asg-shipping] [main] c.a.s.v.s.VesselMasterLovServiceImpl     : Fetched 2 AGENT_MASTER LOV items
2026-07-15T15:56:41.262+05:30  INFO 5048 --- [asg-shipping] [main] c.a.s.v.s.VesselMasterLovServiceImpl     : Fetching LINE_MASTER LOV with linePoid filter: null
2026-07-15T15:56:41.262+05:30  INFO 5048 --- [asg-shipping] [main] c.a.s.v.s.VesselMasterLovServiceImpl     : Fetched 2 LINE_MASTER LOV items
2026-07-15T15:56:41.264+05:30  INFO 5048 --- [asg-shipping] [main] c.a.s.v.s.VesselMasterLovServiceImpl     : Fetching VESSEL_TYPE LOV with vesselTypePoid filter: null
2026-07-15T15:56:41.264+05:30  INFO 5048 --- [asg-shipping] [main] c.a.s.v.s.VesselMasterLovServiceImpl     : Fetched 2 VESSEL_TYPE LOV items
2026-07-15T15:56:41.266+05:30  INFO 5048 --- [asg-shipping] [main] c.a.s.v.s.VesselMasterLovServiceImpl     : Fetching AGENT_MASTER LOV with agentPoid filter: 20
2026-07-15T15:56:41.266+05:30  INFO 5048 --- [asg-shipping] [main] c.a.s.v.s.VesselMasterLovServiceImpl     : Fetched 1 AGENT_MASTER LOV items
2026-07-15T15:56:41.271+05:30  INFO 5048 --- [asg-shipping] [main] c.a.s.v.s.VesselMasterLovServiceImpl     : Fetching LINE_MASTER LOV with linePoid filter: 10
2026-07-15T15:56:41.271+05:30  INFO 5048 --- [asg-shipping] [main] c.a.s.v.s.VesselMasterLovServiceImpl     : Fetched 1 LINE_MASTER LOV items
2026-07-15T15:56:41.275+05:30  INFO 5048 --- [asg-shipping] [main] c.a.s.v.s.VesselMasterLovServiceImpl     : Fetching VESSEL_TYPE LOV with vesselTypePoid filter: null
2026-07-15T15:56:41.275+05:30  INFO 5048 --- [asg-shipping] [main] c.a.s.v.s.VesselMasterLovServiceImpl     : Fetched 1 VESSEL_TYPE LOV items
2026-07-15T15:56:41.277+05:30  INFO 5048 --- [asg-shipping] [main] c.a.s.v.s.VesselMasterLovServiceImpl     : Fetching LINE_MASTER LOV with linePoid filter: null
2026-07-15T15:56:41.277+05:30  INFO 5048 --- [asg-shipping] [main] c.a.s.v.s.VesselMasterLovServiceImpl     : Fetched 0 LINE_MASTER LOV items
2026-07-15T15:56:41.280+05:30  INFO 5048 --- [asg-shipping] [main] c.a.s.v.s.VesselMasterLovServiceImpl     : Fetching LINE_MASTER LOV with linePoid filter: null
2026-07-15T15:56:41.280+05:30  INFO 5048 --- [asg-shipping] [main] c.a.s.v.s.VesselMasterLovServiceImpl     : Fetched 0 LINE_MASTER LOV items
2026-07-15T15:56:41.286+05:30  INFO 5048 --- [asg-shipping] [main] c.a.s.v.s.VesselMasterLovServiceImpl     : Fetching LINE_MASTER LOV with linePoid filter: null
2026-07-15T15:56:41.287+05:30  INFO 5048 --- [asg-shipping] [main] c.a.s.v.s.VesselMasterLovServiceImpl     : Fetched 1 LINE_MASTER LOV items
2026-07-15T15:56:41.291+05:30  INFO 5048 --- [asg-shipping] [main] c.a.s.v.s.VesselMasterLovServiceImpl     : Fetching AGENT_MASTER LOV with agentPoid filter: null
2026-07-15T15:56:41.291+05:30  INFO 5048 --- [asg-shipping] [main] c.a.s.v.s.VesselMasterLovServiceImpl     : Fetched 0 AGENT_MASTER LOV items
2026-07-15T15:56:41.293+05:30  INFO 5048 --- [asg-shipping] [main] c.a.s.v.s.VesselMasterLovServiceImpl     : Fetching AGENT_MASTER LOV with agentPoid filter: null
2026-07-15T15:56:41.294+05:30  INFO 5048 --- [asg-shipping] [main] c.a.s.v.s.VesselMasterLovServiceImpl     : Fetched 0 AGENT_MASTER LOV items
2026-07-15T15:56:41.296+05:30  INFO 5048 --- [asg-shipping] [main] c.a.s.v.s.VesselMasterLovServiceImpl     : Fetching VESSEL_TYPE LOV with vesselTypePoid filter: null
2026-07-15T15:56:41.296+05:30  INFO 5048 --- [asg-shipping] [main] c.a.s.v.s.VesselMasterLovServiceImpl     : Fetched 0 VESSEL_TYPE LOV items
2026-07-15T15:56:41.299+05:30  INFO 5048 --- [asg-shipping] [main] c.a.s.v.s.VesselMasterLovServiceImpl     : Fetching AGENT_MASTER LOV with agentPoid filter: null
2026-07-15T15:56:41.299+05:30  INFO 5048 --- [asg-shipping] [main] c.a.s.v.s.VesselMasterLovServiceImpl     : Fetched 1 AGENT_MASTER LOV items
2026-07-15T15:56:41.302+05:30  INFO 5048 --- [asg-shipping] [main] c.a.s.v.s.VesselMasterLovServiceImpl     : Fetching VESSEL_TYPE LOV with vesselTypePoid filter: 30
2026-07-15T15:56:41.303+05:30  INFO 5048 --- [asg-shipping] [main] c.a.s.v.s.VesselMasterLovServiceImpl     : Fetched 1 VESSEL_TYPE LOV items
2026-07-15T15:56:41.307+05:30  INFO 5048 --- [asg-shipping] [main] c.a.s.v.s.VesselMasterLovServiceImpl     : Fetching VESSEL_TYPE LOV with vesselTypePoid filter: null
2026-07-15T15:56:41.307+05:30  INFO 5048 --- [asg-shipping] [main] c.a.s.v.s.VesselMasterLovServiceImpl     : Fetched 0 VESSEL_TYPE LOV items
2026-07-15T15:56:41.631+05:30  INFO 5048 --- [asg-shipping] [main] c.a.s.v.service.VesselMasterServiceImpl  : Updating vessel with id: 1
2026-07-15T15:56:41.633+05:30  INFO 5048 --- [asg-shipping] [main] c.a.s.v.service.VesselMasterServiceImpl  : Successfully updated vessel with id: 1
2026-07-15T15:56:41.638+05:30  INFO 5048 --- [asg-shipping] [main] c.a.s.v.service.VesselMasterServiceImpl  : Updating vessel with id: 1
2026-07-15T15:56:41.639+05:30  INFO 5048 --- [asg-shipping] [main] c.a.s.v.service.VesselMasterServiceImpl  : Successfully updated vessel with id: 1
2026-07-15T15:56:41.642+05:30  INFO 5048 --- [asg-shipping] [main] c.a.s.v.service.VesselMasterServiceImpl  : Updating vessel with id: 1
2026-07-15T15:56:41.647+05:30  INFO 5048 --- [asg-shipping] [main] c.a.s.v.service.VesselMasterServiceImpl  : Creating vessel with code: VSL002, name: New Vessel
2026-07-15T15:56:41.648+05:30  INFO 5048 --- [asg-shipping] [main] c.a.s.v.service.VesselMasterServiceImpl  : Successfully created vessel with id: 2
2026-07-15T15:56:41.652+05:30  INFO 5048 --- [asg-shipping] [main] c.a.s.v.service.VesselMasterServiceImpl  : Creating vessel with code: VSL002, name: New Vessel
2026-07-15T15:56:41.653+05:30  INFO 5048 --- [asg-shipping] [main] c.a.s.v.service.VesselMasterServiceImpl  : Successfully created vessel with id: 2
2026-07-15T15:56:41.656+05:30  INFO 5048 --- [asg-shipping] [main] c.a.s.v.service.VesselMasterServiceImpl  : Getting vessel with id: 1
2026-07-15T15:56:41.656+05:30  INFO 5048 --- [asg-shipping] [main] c.a.s.v.service.VesselMasterServiceImpl  : Successfully retrieved vessel with id: 1
2026-07-15T15:56:41.659+05:30  INFO 5048 --- [asg-shipping] [main] c.a.s.v.service.VesselMasterServiceImpl  : Deleting vessel with id: 1
2026-07-15T15:56:41.659+05:30  INFO 5048 --- [asg-shipping] [main] c.a.s.v.service.VesselMasterServiceImpl  : Vessel with id: 1 is already deleted
2026-07-15T15:56:41.663+05:30  INFO 5048 --- [asg-shipping] [main] c.a.s.v.service.VesselMasterServiceImpl  : Getting vessel with id: 1
2026-07-15T15:56:41.664+05:30  INFO 5048 --- [asg-shipping] [main] c.a.s.v.service.VesselMasterServiceImpl  : Successfully retrieved vessel with id: 1
2026-07-15T15:56:41.669+05:30  INFO 5048 --- [asg-shipping] [main] c.a.s.v.service.VesselMasterServiceImpl  : Creating vessel with code: VSL002, name: New Vessel
2026-07-15T15:56:41.674+05:30  INFO 5048 --- [asg-shipping] [main] c.a.s.v.service.VesselMasterServiceImpl  : Deleting vessel with id: 1
2026-07-15T15:56:41.674+05:30  INFO 5048 --- [asg-shipping] [main] c.a.s.v.service.VesselMasterServiceImpl  : Successfully deleted vessel with id: 1
2026-07-15T15:56:41.677+05:30  INFO 5048 --- [asg-shipping] [main] c.a.s.v.service.VesselMasterServiceImpl  : Getting vessel with id: 1
2026-07-15T15:56:41.678+05:30  WARN 5048 --- [asg-shipping] [main] c.a.s.v.service.VesselMasterServiceImpl  : Failed to fetch AGENT_MASTER LOV for agentPoid: 20

java.lang.RuntimeException: Agent LOV Error
	at com.asg.shipping.vesselmaster.service.VesselMasterServiceImpl.enrichDtoWithLovData(VesselMasterServiceImpl.java:221) ~[classes/:na]
	at com.asg.shipping.vesselmaster.service.VesselMasterServiceImpl.getVessel(VesselMasterServiceImpl.java:83) ~[classes/:na]
	at com.asg.shipping.vesselmaster.service.VesselMasterServiceImplTest.getVessel_WithAgentLovException_ContinuesGracefully(VesselMasterServiceImplTest.java:307) ~[test-classes/:na]
	at java.base/jdk.internal.reflect.DirectMethodHandleAccessor.invoke(DirectMethodHandleAccessor.java:103) ~[na:na]
	at java.base/java.lang.reflect.Method.invoke(Method.java:580) ~[na:na]
	at org.junit.platform.commons.util.ReflectionUtils.invokeMethod(ReflectionUtils.java:701) ~[junit-platform-commons-6.0.1.jar:6.0.1]
	at org.junit.platform.commons.support.ReflectionSupport.invokeMethod(ReflectionSupport.java:502) ~[junit-platform-commons-6.0.1.jar:6.0.1]
	at org.junit.jupiter.engine.support.MethodReflectionUtils.invoke(MethodReflectionUtils.java:45) ~[junit-jupiter-engine-6.0.1.jar:6.0.1]
	at org.junit.jupiter.engine.execution.MethodInvocation.proceed(MethodInvocation.java:61) ~[junit-jupiter-engine-6.0.1.jar:6.0.1]
	at org.junit.jupiter.engine.execution.InvocationInterceptorChain$ValidatingInvocation.proceed(InvocationInterceptorChain.java:124) ~[junit-jupiter-engine-6.0.1.jar:6.0.1]
	at org.junit.jupiter.engine.extension.TimeoutExtension.intercept(TimeoutExtension.java:163) ~[junit-jupiter-engine-6.0.1.jar:6.0.1]
	at org.junit.jupiter.engine.extension.TimeoutExtension.interceptTestableMethod(TimeoutExtension.java:148) ~[junit-jupiter-engine-6.0.1.jar:6.0.1]
	at org.junit.jupiter.engine.extension.TimeoutExtension.interceptTestMethod(TimeoutExtension.java:86) ~[junit-jupiter-engine-6.0.1.jar:6.0.1]
	at org.junit.jupiter.engine.execution.InterceptingExecutableInvoker$ReflectiveInterceptorCall.lambda$ofVoidMethod$0(InterceptingExecutableInvoker.java:123) ~[junit-jupiter-engine-6.0.1.jar:6.0.1]
	at org.junit.jupiter.engine.execution.InterceptingExecutableInvoker.lambda$invoke$0(InterceptingExecutableInvoker.java:105) ~[junit-jupiter-engine-6.0.1.jar:6.0.1]
	at org.junit.jupiter.engine.execution.InvocationInterceptorChain$InterceptedInvocation.proceed(InvocationInterceptorChain.java:99) ~[junit-jupiter-engine-6.0.1.jar:6.0.1]
	at org.junit.jupiter.engine.execution.InvocationInterceptorChain.proceed(InvocationInterceptorChain.java:66) ~[junit-jupiter-engine-6.0.1.jar:6.0.1]
	at org.junit.jupiter.engine.execution.InvocationInterceptorChain.chainAndInvoke(InvocationInterceptorChain.java:47) ~[junit-jupiter-engine-6.0.1.jar:6.0.1]
	at org.junit.jupiter.engine.execution.InvocationInterceptorChain.invoke(InvocationInterceptorChain.java:39) ~[junit-jupiter-engine-6.0.1.jar:6.0.1]
	at org.junit.jupiter.engine.execution.InterceptingExecutableInvoker.invoke(InterceptingExecutableInvoker.java:104) ~[junit-jupiter-engine-6.0.1.jar:6.0.1]
	at org.junit.jupiter.engine.execution.InterceptingExecutableInvoker.invoke(InterceptingExecutableInvoker.java:98) ~[junit-jupiter-engine-6.0.1.jar:6.0.1]
	at org.junit.jupiter.engine.execution.InterceptingExecutableInvoker.invokeVoid(InterceptingExecutableInvoker.java:71) ~[junit-jupiter-engine-6.0.1.jar:6.0.1]
	at org.junit.jupiter.engine.descriptor.TestMethodTestDescriptor.lambda$invokeTestMethod$0(TestMethodTestDescriptor.java:219) ~[junit-jupiter-engine-6.0.1.jar:6.0.1]
	at org.junit.platform.engine.support.hierarchical.ThrowableCollector.execute(ThrowableCollector.java:74) ~[junit-platform-engine-6.0.1.jar:6.0.1]
	at org.junit.jupiter.engine.descriptor.TestMethodTestDescriptor.invokeTestMethod(TestMethodTestDescriptor.java:215) ~[junit-jupiter-engine-6.0.1.jar:6.0.1]
	at org.junit.jupiter.engine.descriptor.TestMethodTestDescriptor.execute(TestMethodTestDescriptor.java:157) ~[junit-jupiter-engine-6.0.1.jar:6.0.1]
	at org.junit.jupiter.engine.descriptor.TestMethodTestDescriptor.execute(TestMethodTestDescriptor.java:70) ~[junit-jupiter-engine-6.0.1.jar:6.0.1]
	at org.junit.platform.engine.support.hierarchical.NodeTestTask.lambda$executeRecursively$2(NodeTestTask.java:176) ~[junit-platform-engine-6.0.1.jar:6.0.1]
	at org.junit.platform.engine.support.hierarchical.ThrowableCollector.execute(ThrowableCollector.java:74) ~[junit-platform-engine-6.0.1.jar:6.0.1]
	at org.junit.platform.engine.support.hierarchical.NodeTestTask.lambda$executeRecursively$1(NodeTestTask.java:166) ~[junit-platform-engine-6.0.1.jar:6.0.1]
	at org.junit.platform.engine.support.hierarchical.Node.around(Node.java:138) ~[junit-platform-engine-6.0.1.jar:6.0.1]
	at org.junit.platform.engine.support.hierarchical.NodeTestTask.lambda$executeRecursively$0(NodeTestTask.java:164) ~[junit-platform-engine-6.0.1.jar:6.0.1]
	at org.junit.platform.engine.support.hierarchical.ThrowableCollector.execute(ThrowableCollector.java:74) ~[junit-platform-engine-6.0.1.jar:6.0.1]
	at org.junit.platform.engine.support.hierarchical.NodeTestTask.executeRecursively(NodeTestTask.java:163) ~[junit-platform-engine-6.0.1.jar:6.0.1]
	at org.junit.platform.engine.support.hierarchical.NodeTestTask.execute(NodeTestTask.java:116) ~[junit-platform-engine-6.0.1.jar:6.0.1]
	at java.base/java.util.ArrayList.forEach(ArrayList.java:1596) ~[na:na]
	at org.junit.platform.engine.support.hierarchical.SameThreadHierarchicalTestExecutorService.invokeAll(SameThreadHierarchicalTestExecutorService.java:42) ~[junit-platform-engine-6.0.1.jar:6.0.1]
	at org.junit.platform.engine.support.hierarchical.NodeTestTask.lambda$executeRecursively$2(NodeTestTask.java:180) ~[junit-platform-engine-6.0.1.jar:6.0.1]
	at org.junit.platform.engine.support.hierarchical.ThrowableCollector.execute(ThrowableCollector.java:74) ~[junit-platform-engine-6.0.1.jar:6.0.1]
	at org.junit.platform.engine.support.hierarchical.NodeTestTask.lambda$executeRecursively$1(NodeTestTask.java:166) ~[junit-platform-engine-6.0.1.jar:6.0.1]
	at org.junit.platform.engine.support.hierarchical.Node.around(Node.java:138) ~[junit-platform-engine-6.0.1.jar:6.0.1]
	at org.junit.platform.engine.support.hierarchical.NodeTestTask.lambda$executeRecursively$0(NodeTestTask.java:164) ~[junit-platform-engine-6.0.1.jar:6.0.1]
	at org.junit.platform.engine.support.hierarchical.ThrowableCollector.execute(ThrowableCollector.java:74) ~[junit-platform-engine-6.0.1.jar:6.0.1]
	at org.junit.platform.engine.support.hierarchical.NodeTestTask.executeRecursively(NodeTestTask.java:163) ~[junit-platform-engine-6.0.1.jar:6.0.1]
	at org.junit.platform.engine.support.hierarchical.NodeTestTask.execute(NodeTestTask.java:116) ~[junit-platform-engine-6.0.1.jar:6.0.1]
	at java.base/java.util.ArrayList.forEach(ArrayList.java:1596) ~[na:na]
	at org.junit.platform.engine.support.hierarchical.SameThreadHierarchicalTestExecutorService.invokeAll(SameThreadHierarchicalTestExecutorService.java:42) ~[junit-platform-engine-6.0.1.jar:6.0.1]
	at org.junit.platform.engine.support.hierarchical.NodeTestTask.lambda$executeRecursively$2(NodeTestTask.java:180) ~[junit-platform-engine-6.0.1.jar:6.0.1]
	at org.junit.platform.engine.support.hierarchical.ThrowableCollector.execute(ThrowableCollector.java:74) ~[junit-platform-engine-6.0.1.jar:6.0.1]
	at org.junit.platform.engine.support.hierarchical.NodeTestTask.lambda$executeRecursively$1(NodeTestTask.java:166) ~[junit-platform-engine-6.0.1.jar:6.0.1]
	at org.junit.platform.engine.support.hierarchical.Node.around(Node.java:138) ~[junit-platform-engine-6.0.1.jar:6.0.1]
	at org.junit.platform.engine.support.hierarchical.NodeTestTask.lambda$executeRecursively$0(NodeTestTask.java:164) ~[junit-platform-engine-6.0.1.jar:6.0.1]
	at org.junit.platform.engine.support.hierarchical.ThrowableCollector.execute(ThrowableCollector.java:74) ~[junit-platform-engine-6.0.1.jar:6.0.1]
	at org.junit.platform.engine.support.hierarchical.NodeTestTask.executeRecursively(NodeTestTask.java:163) ~[junit-platform-engine-6.0.1.jar:6.0.1]
	at org.junit.platform.engine.support.hierarchical.NodeTestTask.execute(NodeTestTask.java:116) ~[junit-platform-engine-6.0.1.jar:6.0.1]
	at org.junit.platform.engine.support.hierarchical.SameThreadHierarchicalTestExecutorService.submit(SameThreadHierarchicalTestExecutorService.java:36) ~[junit-platform-engine-6.0.1.jar:6.0.1]
	at org.junit.platform.engine.support.hierarchical.HierarchicalTestExecutor.execute(HierarchicalTestExecutor.java:52) ~[junit-platform-engine-6.0.1.jar:6.0.1]
	at org.junit.platform.engine.support.hierarchical.HierarchicalTestEngine.execute(HierarchicalTestEngine.java:58) ~[junit-platform-engine-6.0.1.jar:6.0.1]
	at org.junit.platform.launcher.core.EngineExecutionOrchestrator.executeEngine(EngineExecutionOrchestrator.java:246) ~[junit-platform-launcher-6.0.1.jar:6.0.1]
	at org.junit.platform.launcher.core.EngineExecutionOrchestrator.failOrExecuteEngine(EngineExecutionOrchestrator.java:218) ~[junit-platform-launcher-6.0.1.jar:6.0.1]
	at org.junit.platform.launcher.core.EngineExecutionOrchestrator.execute(EngineExecutionOrchestrator.java:179) ~[junit-platform-launcher-6.0.1.jar:6.0.1]
	at org.junit.platform.launcher.core.EngineExecutionOrchestrator.execute(EngineExecutionOrchestrator.java:108) ~[junit-platform-launcher-6.0.1.jar:6.0.1]
	at org.junit.platform.launcher.core.EngineExecutionOrchestrator.lambda$execute$0(EngineExecutionOrchestrator.java:66) ~[junit-platform-launcher-6.0.1.jar:6.0.1]
	at org.junit.platform.launcher.core.EngineExecutionOrchestrator.withInterceptedStreams(EngineExecutionOrchestrator.java:157) ~[junit-platform-launcher-6.0.1.jar:6.0.1]
	at org.junit.platform.launcher.core.EngineExecutionOrchestrator.execute(EngineExecutionOrchestrator.java:65) ~[junit-platform-launcher-6.0.1.jar:6.0.1]
	at org.junit.platform.launcher.core.DefaultLauncher.execute(DefaultLauncher.java:125) ~[junit-platform-launcher-6.0.1.jar:6.0.1]
	at org.junit.platform.launcher.core.DefaultLauncher.execute(DefaultLauncher.java:114) ~[junit-platform-launcher-6.0.1.jar:6.0.1]
	at org.junit.platform.launcher.core.DelegatingLauncher.execute(DelegatingLauncher.java:58) ~[junit-platform-launcher-6.0.1.jar:6.0.1]
	at org.junit.platform.launcher.core.InterceptingLauncher.lambda$execute$2(InterceptingLauncher.java:57) ~[junit-platform-launcher-6.0.1.jar:6.0.1]
	at org.junit.platform.launcher.core.ClasspathAlignmentCheckingLauncherInterceptor.intercept(ClasspathAlignmentCheckingLauncherInterceptor.java:25) ~[junit-platform-launcher-6.0.1.jar:6.0.1]
	at org.junit.platform.launcher.core.InterceptingLauncher.execute(InterceptingLauncher.java:56) ~[junit-platform-launcher-6.0.1.jar:6.0.1]
	at org.junit.platform.launcher.core.DelegatingLauncher.execute(DelegatingLauncher.java:58) ~[junit-platform-launcher-6.0.1.jar:6.0.1]
	at java.base/jdk.internal.reflect.DirectMethodHandleAccessor.invoke(DirectMethodHandleAccessor.java:103) ~[na:na]
	at java.base/java.lang.reflect.Method.invoke(Method.java:580) ~[na:na]
	at org.apache.maven.surefire.api.util.ReflectionUtils.invokeMethodWithArray(ReflectionUtils.java:125) ~[surefire-api-3.5.4.jar:3.5.4]
	at org.apache.maven.surefire.junitplatform.LauncherAdapter.executeWithCancellationToken(LauncherAdapter.java:68) ~[surefire-junit-platform-3.5.4.jar:3.5.4]
	at org.apache.maven.surefire.junitplatform.LauncherAdapter.execute(LauncherAdapter.java:54) ~[surefire-junit-platform-3.5.4.jar:3.5.4]
	at org.apache.maven.surefire.junitplatform.JUnitPlatformProvider.execute(JUnitPlatformProvider.java:203) ~[surefire-junit-platform-3.5.4.jar:3.5.4]
	at org.apache.maven.surefire.junitplatform.JUnitPlatformProvider.invokeAllTests(JUnitPlatformProvider.java:168) ~[surefire-junit-platform-3.5.4.jar:3.5.4]
	at org.apache.maven.surefire.junitplatform.JUnitPlatformProvider.invoke(JUnitPlatformProvider.java:136) ~[surefire-junit-platform-3.5.4.jar:3.5.4]
	at org.apache.maven.surefire.booter.ForkedBooter.runSuitesInProcess(ForkedBooter.java:385) ~[surefire-booter-3.5.4.jar:3.5.4]
	at org.apache.maven.surefire.booter.ForkedBooter.execute(ForkedBooter.java:162) ~[surefire-booter-3.5.4.jar:3.5.4]
	at org.apache.maven.surefire.booter.ForkedBooter.run(ForkedBooter.java:507) ~[surefire-booter-3.5.4.jar:3.5.4]
	at org.apache.maven.surefire.booter.ForkedBooter.main(ForkedBooter.java:495) ~[surefire-booter-3.5.4.jar:3.5.4]

2026-07-15T15:56:41.683+05:30  INFO 5048 --- [asg-shipping] [main] c.a.s.v.service.VesselMasterServiceImpl  : Successfully retrieved vessel with id: 1
2026-07-15T15:56:41.689+05:30  INFO 5048 --- [asg-shipping] [main] c.a.s.v.service.VesselMasterServiceImpl  : Getting vessel with id: 1
2026-07-15T15:56:41.690+05:30  INFO 5048 --- [asg-shipping] [main] c.a.s.v.service.VesselMasterServiceImpl  : Successfully retrieved vessel with id: 1
2026-07-15T15:56:41.694+05:30  INFO 5048 --- [asg-shipping] [main] c.a.s.v.service.VesselMasterServiceImpl  : Updating vessel with id: 1
2026-07-15T15:56:41.695+05:30  INFO 5048 --- [asg-shipping] [main] c.a.s.v.service.VesselMasterServiceImpl  : Successfully updated vessel with id: 1
2026-07-15T15:56:41.699+05:30  INFO 5048 --- [asg-shipping] [main] c.a.s.v.service.VesselMasterServiceImpl  : Toggling active status for vessel with id: 1
2026-07-15T15:56:41.701+05:30  INFO 5048 --- [asg-shipping] [main] c.a.s.v.service.VesselMasterServiceImpl  : Successfully toggled active status for vessel with id: 1 to Y
2026-07-15T15:56:41.706+05:30  INFO 5048 --- [asg-shipping] [main] c.a.s.v.service.VesselMasterServiceImpl  : Searching vessels with page: 0, size: 20
2026-07-15T15:56:41.711+05:30  INFO 5048 --- [asg-shipping] [main] c.a.s.v.service.VesselMasterServiceImpl  : Creating vessel with code: VSL002, name: New Vessel
2026-07-15T15:56:41.711+05:30  INFO 5048 --- [asg-shipping] [main] c.a.s.v.service.VesselMasterServiceImpl  : Successfully created vessel with id: 2
2026-07-15T15:56:41.716+05:30  INFO 5048 --- [asg-shipping] [main] c.a.s.v.service.VesselMasterServiceImpl  : Getting vessel with id: 1
2026-07-15T15:56:41.717+05:30  WARN 5048 --- [asg-shipping] [main] c.a.s.v.service.VesselMasterServiceImpl  : Failed to fetch some LOV data

java.lang.RuntimeException: LOV Error
	at com.asg.shipping.vesselmaster.service.VesselMasterServiceImpl.enrichDtoWithLovData(VesselMasterServiceImpl.java:208) ~[classes/:na]
	at com.asg.shipping.vesselmaster.service.VesselMasterServiceImpl.getVessel(VesselMasterServiceImpl.java:83) ~[classes/:na]
	at com.asg.shipping.vesselmaster.service.VesselMasterServiceImplTest.getVessel_WithLovException_ContinuesGracefully(VesselMasterServiceImplTest.java:288) ~[test-classes/:na]
	at java.base/jdk.internal.reflect.DirectMethodHandleAccessor.invoke(DirectMethodHandleAccessor.java:103) ~[na:na]
	at java.base/java.lang.reflect.Method.invoke(Method.java:580) ~[na:na]
	at org.junit.platform.commons.util.ReflectionUtils.invokeMethod(ReflectionUtils.java:701) ~[junit-platform-commons-6.0.1.jar:6.0.1]
	at org.junit.platform.commons.support.ReflectionSupport.invokeMethod(ReflectionSupport.java:502) ~[junit-platform-commons-6.0.1.jar:6.0.1]
	at org.junit.jupiter.engine.support.MethodReflectionUtils.invoke(MethodReflectionUtils.java:45) ~[junit-jupiter-engine-6.0.1.jar:6.0.1]
	at org.junit.jupiter.engine.execution.MethodInvocation.proceed(MethodInvocation.java:61) ~[junit-jupiter-engine-6.0.1.jar:6.0.1]
	at org.junit.jupiter.engine.execution.InvocationInterceptorChain$ValidatingInvocation.proceed(InvocationInterceptorChain.java:124) ~[junit-jupiter-engine-6.0.1.jar:6.0.1]
	at org.junit.jupiter.engine.extension.TimeoutExtension.intercept(TimeoutExtension.java:163) ~[junit-jupiter-engine-6.0.1.jar:6.0.1]
	at org.junit.jupiter.engine.extension.TimeoutExtension.interceptTestableMethod(TimeoutExtension.java:148) ~[junit-jupiter-engine-6.0.1.jar:6.0.1]
	at org.junit.jupiter.engine.extension.TimeoutExtension.interceptTestMethod(TimeoutExtension.java:86) ~[junit-jupiter-engine-6.0.1.jar:6.0.1]
	at org.junit.jupiter.engine.execution.InterceptingExecutableInvoker$ReflectiveInterceptorCall.lambda$ofVoidMethod$0(InterceptingExecutableInvoker.java:123) ~[junit-jupiter-engine-6.0.1.jar:6.0.1]
	at org.junit.jupiter.engine.execution.InterceptingExecutableInvoker.lambda$invoke$0(InterceptingExecutableInvoker.java:105) ~[junit-jupiter-engine-6.0.1.jar:6.0.1]
	at org.junit.jupiter.engine.execution.InvocationInterceptorChain$InterceptedInvocation.proceed(InvocationInterceptorChain.java:99) ~[junit-jupiter-engine-6.0.1.jar:6.0.1]
	at org.junit.jupiter.engine.execution.InvocationInterceptorChain.proceed(InvocationInterceptorChain.java:66) ~[junit-jupiter-engine-6.0.1.jar:6.0.1]
	at org.junit.jupiter.engine.execution.InvocationInterceptorChain.chainAndInvoke(InvocationInterceptorChain.java:47) ~[junit-jupiter-engine-6.0.1.jar:6.0.1]
	at org.junit.jupiter.engine.execution.InvocationInterceptorChain.invoke(InvocationInterceptorChain.java:39) ~[junit-jupiter-engine-6.0.1.jar:6.0.1]
	at org.junit.jupiter.engine.execution.InterceptingExecutableInvoker.invoke(InterceptingExecutableInvoker.java:104) ~[junit-jupiter-engine-6.0.1.jar:6.0.1]
	at org.junit.jupiter.engine.execution.InterceptingExecutableInvoker.invoke(InterceptingExecutableInvoker.java:98) ~[junit-jupiter-engine-6.0.1.jar:6.0.1]
	at org.junit.jupiter.engine.execution.InterceptingExecutableInvoker.invokeVoid(InterceptingExecutableInvoker.java:71) ~[junit-jupiter-engine-6.0.1.jar:6.0.1]
	at org.junit.jupiter.engine.descriptor.TestMethodTestDescriptor.lambda$invokeTestMethod$0(TestMethodTestDescriptor.java:219) ~[junit-jupiter-engine-6.0.1.jar:6.0.1]
	at org.junit.platform.engine.support.hierarchical.ThrowableCollector.execute(ThrowableCollector.java:74) ~[junit-platform-engine-6.0.1.jar:6.0.1]
	at org.junit.jupiter.engine.descriptor.TestMethodTestDescriptor.invokeTestMethod(TestMethodTestDescriptor.java:215) ~[junit-jupiter-engine-6.0.1.jar:6.0.1]
	at org.junit.jupiter.engine.descriptor.TestMethodTestDescriptor.execute(TestMethodTestDescriptor.java:157) ~[junit-jupiter-engine-6.0.1.jar:6.0.1]
	at org.junit.jupiter.engine.descriptor.TestMethodTestDescriptor.execute(TestMethodTestDescriptor.java:70) ~[junit-jupiter-engine-6.0.1.jar:6.0.1]
	at org.junit.platform.engine.support.hierarchical.NodeTestTask.lambda$executeRecursively$2(NodeTestTask.java:176) ~[junit-platform-engine-6.0.1.jar:6.0.1]
	at org.junit.platform.engine.support.hierarchical.ThrowableCollector.execute(ThrowableCollector.java:74) ~[junit-platform-engine-6.0.1.jar:6.0.1]
	at org.junit.platform.engine.support.hierarchical.NodeTestTask.lambda$executeRecursively$1(NodeTestTask.java:166) ~[junit-platform-engine-6.0.1.jar:6.0.1]
	at org.junit.platform.engine.support.hierarchical.Node.around(Node.java:138) ~[junit-platform-engine-6.0.1.jar:6.0.1]
	at org.junit.platform.engine.support.hierarchical.NodeTestTask.lambda$executeRecursively$0(NodeTestTask.java:164) ~[junit-platform-engine-6.0.1.jar:6.0.1]
	at org.junit.platform.engine.support.hierarchical.ThrowableCollector.execute(ThrowableCollector.java:74) ~[junit-platform-engine-6.0.1.jar:6.0.1]
	at org.junit.platform.engine.support.hierarchical.NodeTestTask.executeRecursively(NodeTestTask.java:163) ~[junit-platform-engine-6.0.1.jar:6.0.1]
	at org.junit.platform.engine.support.hierarchical.NodeTestTask.execute(NodeTestTask.java:116) ~[junit-platform-engine-6.0.1.jar:6.0.1]
	at java.base/java.util.ArrayList.forEach(ArrayList.java:1596) ~[na:na]
	at org.junit.platform.engine.support.hierarchical.SameThreadHierarchicalTestExecutorService.invokeAll(SameThreadHierarchicalTestExecutorService.java:42) ~[junit-platform-engine-6.0.1.jar:6.0.1]
	at org.junit.platform.engine.support.hierarchical.NodeTestTask.lambda$executeRecursively$2(NodeTestTask.java:180) ~[junit-platform-engine-6.0.1.jar:6.0.1]
	at org.junit.platform.engine.support.hierarchical.ThrowableCollector.execute(ThrowableCollector.java:74) ~[junit-platform-engine-6.0.1.jar:6.0.1]
	at org.junit.platform.engine.support.hierarchical.NodeTestTask.lambda$executeRecursively$1(NodeTestTask.java:166) ~[junit-platform-engine-6.0.1.jar:6.0.1]
	at org.junit.platform.engine.support.hierarchical.Node.around(Node.java:138) ~[junit-platform-engine-6.0.1.jar:6.0.1]
	at org.junit.platform.engine.support.hierarchical.NodeTestTask.lambda$executeRecursively$0(NodeTestTask.java:164) ~[junit-platform-engine-6.0.1.jar:6.0.1]
	at org.junit.platform.engine.support.hierarchical.ThrowableCollector.execute(ThrowableCollector.java:74) ~[junit-platform-engine-6.0.1.jar:6.0.1]
	at org.junit.platform.engine.support.hierarchical.NodeTestTask.executeRecursively(NodeTestTask.java:163) ~[junit-platform-engine-6.0.1.jar:6.0.1]
	at org.junit.platform.engine.support.hierarchical.NodeTestTask.execute(NodeTestTask.java:116) ~[junit-platform-engine-6.0.1.jar:6.0.1]
	at java.base/java.util.ArrayList.forEach(ArrayList.java:1596) ~[na:na]
	at org.junit.platform.engine.support.hierarchical.SameThreadHierarchicalTestExecutorService.invokeAll(SameThreadHierarchicalTestExecutorService.java:42) ~[junit-platform-engine-6.0.1.jar:6.0.1]
	at org.junit.platform.engine.support.hierarchical.NodeTestTask.lambda$executeRecursively$2(NodeTestTask.java:180) ~[junit-platform-engine-6.0.1.jar:6.0.1]
	at org.junit.platform.engine.support.hierarchical.ThrowableCollector.execute(ThrowableCollector.java:74) ~[junit-platform-engine-6.0.1.jar:6.0.1]
	at org.junit.platform.engine.support.hierarchical.NodeTestTask.lambda$executeRecursively$1(NodeTestTask.java:166) ~[junit-platform-engine-6.0.1.jar:6.0.1]
	at org.junit.platform.engine.support.hierarchical.Node.around(Node.java:138) ~[junit-platform-engine-6.0.1.jar:6.0.1]
	at org.junit.platform.engine.support.hierarchical.NodeTestTask.lambda$executeRecursively$0(NodeTestTask.java:164) ~[junit-platform-engine-6.0.1.jar:6.0.1]
	at org.junit.platform.engine.support.hierarchical.ThrowableCollector.execute(ThrowableCollector.java:74) ~[junit-platform-engine-6.0.1.jar:6.0.1]
	at org.junit.platform.engine.support.hierarchical.NodeTestTask.executeRecursively(NodeTestTask.java:163) ~[junit-platform-engine-6.0.1.jar:6.0.1]
	at org.junit.platform.engine.support.hierarchical.NodeTestTask.execute(NodeTestTask.java:116) ~[junit-platform-engine-6.0.1.jar:6.0.1]
	at org.junit.platform.engine.support.hierarchical.SameThreadHierarchicalTestExecutorService.submit(SameThreadHierarchicalTestExecutorService.java:36) ~[junit-platform-engine-6.0.1.jar:6.0.1]
	at org.junit.platform.engine.support.hierarchical.HierarchicalTestExecutor.execute(HierarchicalTestExecutor.java:52) ~[junit-platform-engine-6.0.1.jar:6.0.1]
	at org.junit.platform.engine.support.hierarchical.HierarchicalTestEngine.execute(HierarchicalTestEngine.java:58) ~[junit-platform-engine-6.0.1.jar:6.0.1]
	at org.junit.platform.launcher.core.EngineExecutionOrchestrator.executeEngine(EngineExecutionOrchestrator.java:246) ~[junit-platform-launcher-6.0.1.jar:6.0.1]
	at org.junit.platform.launcher.core.EngineExecutionOrchestrator.failOrExecuteEngine(EngineExecutionOrchestrator.java:218) ~[junit-platform-launcher-6.0.1.jar:6.0.1]
	at org.junit.platform.launcher.core.EngineExecutionOrchestrator.execute(EngineExecutionOrchestrator.java:179) ~[junit-platform-launcher-6.0.1.jar:6.0.1]
	at org.junit.platform.launcher.core.EngineExecutionOrchestrator.execute(EngineExecutionOrchestrator.java:108) ~[junit-platform-launcher-6.0.1.jar:6.0.1]
	at org.junit.platform.launcher.core.EngineExecutionOrchestrator.lambda$execute$0(EngineExecutionOrchestrator.java:66) ~[junit-platform-launcher-6.0.1.jar:6.0.1]
	at org.junit.platform.launcher.core.EngineExecutionOrchestrator.withInterceptedStreams(EngineExecutionOrchestrator.java:157) ~[junit-platform-launcher-6.0.1.jar:6.0.1]
	at org.junit.platform.launcher.core.EngineExecutionOrchestrator.execute(EngineExecutionOrchestrator.java:65) ~[junit-platform-launcher-6.0.1.jar:6.0.1]
	at org.junit.platform.launcher.core.DefaultLauncher.execute(DefaultLauncher.java:125) ~[junit-platform-launcher-6.0.1.jar:6.0.1]
	at org.junit.platform.launcher.core.DefaultLauncher.execute(DefaultLauncher.java:114) ~[junit-platform-launcher-6.0.1.jar:6.0.1]
	at org.junit.platform.launcher.core.DelegatingLauncher.execute(DelegatingLauncher.java:58) ~[junit-platform-launcher-6.0.1.jar:6.0.1]
	at org.junit.platform.launcher.core.InterceptingLauncher.lambda$execute$2(InterceptingLauncher.java:57) ~[junit-platform-launcher-6.0.1.jar:6.0.1]
	at org.junit.platform.launcher.core.ClasspathAlignmentCheckingLauncherInterceptor.intercept(ClasspathAlignmentCheckingLauncherInterceptor.java:25) ~[junit-platform-launcher-6.0.1.jar:6.0.1]
	at org.junit.platform.launcher.core.InterceptingLauncher.execute(InterceptingLauncher.java:56) ~[junit-platform-launcher-6.0.1.jar:6.0.1]
	at org.junit.platform.launcher.core.DelegatingLauncher.execute(DelegatingLauncher.java:58) ~[junit-platform-launcher-6.0.1.jar:6.0.1]
	at java.base/jdk.internal.reflect.DirectMethodHandleAccessor.invoke(DirectMethodHandleAccessor.java:103) ~[na:na]
	at java.base/java.lang.reflect.Method.invoke(Method.java:580) ~[na:na]
	at org.apache.maven.surefire.api.util.ReflectionUtils.invokeMethodWithArray(ReflectionUtils.java:125) ~[surefire-api-3.5.4.jar:3.5.4]
	at org.apache.maven.surefire.junitplatform.LauncherAdapter.executeWithCancellationToken(LauncherAdapter.java:68) ~[surefire-junit-platform-3.5.4.jar:3.5.4]
	at org.apache.maven.surefire.junitplatform.LauncherAdapter.execute(LauncherAdapter.java:54) ~[surefire-junit-platform-3.5.4.jar:3.5.4]
	at org.apache.maven.surefire.junitplatform.JUnitPlatformProvider.execute(JUnitPlatformProvider.java:203) ~[surefire-junit-platform-3.5.4.jar:3.5.4]
	at org.apache.maven.surefire.junitplatform.JUnitPlatformProvider.invokeAllTests(JUnitPlatformProvider.java:168) ~[surefire-junit-platform-3.5.4.jar:3.5.4]
	at org.apache.maven.surefire.junitplatform.JUnitPlatformProvider.invoke(JUnitPlatformProvider.java:136) ~[surefire-junit-platform-3.5.4.jar:3.5.4]
	at org.apache.maven.surefire.booter.ForkedBooter.runSuitesInProcess(ForkedBooter.java:385) ~[surefire-booter-3.5.4.jar:3.5.4]
	at org.apache.maven.surefire.booter.ForkedBooter.execute(ForkedBooter.java:162) ~[surefire-booter-3.5.4.jar:3.5.4]
	at org.apache.maven.surefire.booter.ForkedBooter.run(ForkedBooter.java:507) ~[surefire-booter-3.5.4.jar:3.5.4]
	at org.apache.maven.surefire.booter.ForkedBooter.main(ForkedBooter.java:495) ~[surefire-booter-3.5.4.jar:3.5.4]

2026-07-15T15:56:41.719+05:30  INFO 5048 --- [asg-shipping] [main] c.a.s.v.service.VesselMasterServiceImpl  : Successfully retrieved vessel with id: 1
2026-07-15T15:56:41.724+05:30  INFO 5048 --- [asg-shipping] [main] c.a.s.v.service.VesselMasterServiceImpl  : Deleting vessel with id: 1
2026-07-15T15:56:41.728+05:30  INFO 5048 --- [asg-shipping] [main] c.a.s.v.service.VesselMasterServiceImpl  : Toggling active status for vessel with id: 1
2026-07-15T15:56:41.729+05:30  INFO 5048 --- [asg-shipping] [main] c.a.s.v.service.VesselMasterServiceImpl  : Successfully toggled active status for vessel with id: 1 to N
2026-07-15T15:56:41.733+05:30  INFO 5048 --- [asg-shipping] [main] c.a.s.v.service.VesselMasterServiceImpl  : Toggling active status for vessel with id: 1
2026-07-15T15:56:41.734+05:30  INFO 5048 --- [asg-shipping] [main] c.a.s.v.service.VesselMasterServiceImpl  : Successfully toggled active status for vessel with id: 1 to Y
2026-07-15T15:56:41.738+05:30  INFO 5048 --- [asg-shipping] [main] c.a.s.v.service.VesselMasterServiceImpl  : Toggling active status for vessel with id: 1
2026-07-15T15:56:41.741+05:30  INFO 5048 --- [asg-shipping] [main] c.a.s.v.service.VesselMasterServiceImpl  : Updating vessel with id: 1
2026-07-15T15:56:41.747+05:30  INFO 5048 --- [asg-shipping] [main] c.a.s.v.service.VesselMasterServiceImpl  : Getting vessel with id: 1
2026-07-15T15:56:41.938+05:30  INFO 5048 --- [asg-shipping] [main] c.a.s.v.c.VesselTypeMasterController     : Creating vessel type with code: VT001, groupId: 1, userPoid: 1
2026-07-15T15:56:41.939+05:30  INFO 5048 --- [asg-shipping] [main] c.a.s.v.c.VesselTypeMasterController     : Successfully created vessel type with id: 1
2026-07-15T15:56:41.942+05:30  INFO 5048 --- [asg-shipping] [main] c.a.s.v.c.VesselTypeMasterController     : Searching vessel types with page: 0, size: 10, sort: vesselTypeName,desc
2026-07-15T15:56:41.943+05:30  INFO 5048 --- [asg-shipping] [main] c.a.s.v.c.VesselTypeMasterController     : Successfully retrieved vessel types
2026-07-15T15:56:41.946+05:30  INFO 5048 --- [asg-shipping] [main] c.a.s.v.c.VesselTypeMasterController     : deleteVesselType started for companyPoid=1 groupPoid=1
2026-07-15T15:56:41.946+05:30  INFO 5048 --- [asg-shipping] [main] c.a.s.v.c.VesselTypeMasterController     : deleteVesselType completed for companyPoid=1 groupPoid=1
2026-07-15T15:56:41.950+05:30  INFO 5048 --- [asg-shipping] [main] c.a.s.v.c.VesselTypeMasterController     : Searching vessel types with page: 0, size: 10, sort: invalidFormat
2026-07-15T15:56:41.950+05:30  INFO 5048 --- [asg-shipping] [main] c.a.s.v.c.VesselTypeMasterController     : Successfully retrieved vessel types
2026-07-15T15:56:41.952+05:30  INFO 5048 --- [asg-shipping] [main] c.a.s.v.c.VesselTypeMasterController     : Getting vessel type with id: 1
2026-07-15T15:56:41.953+05:30  INFO 5048 --- [asg-shipping] [main] c.a.s.v.c.VesselTypeMasterController     : Successfully retrieved vessel type with id: 1
2026-07-15T15:56:41.955+05:30  INFO 5048 --- [asg-shipping] [main] c.a.s.v.c.VesselTypeMasterController     : Toggling active status for vessel type with id: 1
2026-07-15T15:56:41.959+05:30  INFO 5048 --- [asg-shipping] [main] c.a.s.v.c.VesselTypeMasterController     : Getting vessel type with id: 1
2026-07-15T15:56:41.965+05:30  INFO 5048 --- [asg-shipping] [main] c.a.s.v.c.VesselTypeMasterController     : deleteVesselType started for companyPoid=1 groupPoid=1
2026-07-15T15:56:41.965+05:30  INFO 5048 --- [asg-shipping] [main] c.a.s.v.c.VesselTypeMasterController     : deleteVesselType completed for companyPoid=1 groupPoid=1
2026-07-15T15:56:41.972+05:30  INFO 5048 --- [asg-shipping] [main] c.a.s.v.c.VesselTypeMasterController     : Creating vessel type with code: VT001, groupId: 1, userPoid: 1
2026-07-15T15:56:41.973+05:30  INFO 5048 --- [asg-shipping] [main] c.a.s.v.c.VesselTypeMasterController     : Toggling active status for vessel type with id: 1
2026-07-15T15:56:41.974+05:30  INFO 5048 --- [asg-shipping] [main] c.a.s.v.c.VesselTypeMasterController     : Successfully toggled active status for vessel type with id: 1
2026-07-15T15:56:41.977+05:30  INFO 5048 --- [asg-shipping] [main] c.a.s.v.c.VesselTypeMasterController     : Updating vessel type with id: 1, groupId: 1, userPoid: 1
2026-07-15T15:56:41.977+05:30  INFO 5048 --- [asg-shipping] [main] c.a.s.v.c.VesselTypeMasterController     : Successfully updated vessel type with id: 1
2026-07-15T15:56:41.980+05:30  INFO 5048 --- [asg-shipping] [main] c.a.s.v.c.VesselTypeMasterController     : Searching vessel types with page: 0, size: 10, sort: unknownField,asc
2026-07-15T15:56:41.980+05:30  INFO 5048 --- [asg-shipping] [main] c.a.s.v.c.VesselTypeMasterController     : Successfully retrieved vessel types
2026-07-15T15:56:41.984+05:30  INFO 5048 --- [asg-shipping] [main] c.a.s.v.c.VesselTypeMasterController     : Searching vessel types with page: 0, size: 20, sort: vesselTypeName,asc
2026-07-15T15:56:41.985+05:30  INFO 5048 --- [asg-shipping] [main] c.a.s.v.c.VesselTypeMasterController     : Successfully retrieved vessel types
2026-07-15T15:56:41.989+05:30  INFO 5048 --- [asg-shipping] [main] c.a.s.v.c.VesselTypeMasterController     : deleteVesselType started for companyPoid=1 groupPoid=1
2026-07-15T15:56:41.993+05:30  INFO 5048 --- [asg-shipping] [main] c.a.s.v.c.VesselTypeMasterController     : Searching vessel types with page: 0, size: 20, sort: null
2026-07-15T15:56:41.993+05:30  INFO 5048 --- [asg-shipping] [main] c.a.s.v.c.VesselTypeMasterController     : Successfully retrieved vessel types
2026-07-15T15:56:41.997+05:30  INFO 5048 --- [asg-shipping] [main] c.a.s.v.c.VesselTypeMasterController     : Searching vessel types with page: 0, size: 10, sort: vesselTypeCode,asc
2026-07-15T15:56:41.997+05:30  INFO 5048 --- [asg-shipping] [main] c.a.s.v.c.VesselTypeMasterController     : Successfully retrieved vessel types
2026-07-15T15:56:41.997+05:30  INFO 5048 --- [asg-shipping] [main] c.a.s.v.c.VesselTypeMasterController     : Searching vessel types with page: 0, size: 10, sort: vesselTypeName2,asc
2026-07-15T15:56:41.997+05:30  INFO 5048 --- [asg-shipping] [main] c.a.s.v.c.VesselTypeMasterController     : Successfully retrieved vessel types
2026-07-15T15:56:41.997+05:30  INFO 5048 --- [asg-shipping] [main] c.a.s.v.c.VesselTypeMasterController     : Searching vessel types with page: 0, size: 10, sort: createdDate,asc
2026-07-15T15:56:41.997+05:30  INFO 5048 --- [asg-shipping] [main] c.a.s.v.c.VesselTypeMasterController     : Successfully retrieved vessel types
2026-07-15T15:56:41.999+05:30  INFO 5048 --- [asg-shipping] [main] c.a.s.v.c.VesselTypeMasterController     : Searching vessel types with page: 0, size: 10, sort: lastmodifiedDate,asc
2026-07-15T15:56:41.999+05:30  INFO 5048 --- [asg-shipping] [main] c.a.s.v.c.VesselTypeMasterController     : Successfully retrieved vessel types
2026-07-15T15:56:42.006+05:30  INFO 5048 --- [asg-shipping] [main] c.a.s.v.c.VesselTypeMasterController     : Updating vessel type with id: 1, groupId: 1, userPoid: 1
2026-07-15T15:56:42.261+05:30  INFO 5048 --- [asg-shipping] [main] c.a.s.v.service.VesselTypeServiceImpl    : Creating vessel type with code: VT001, groupId: 1, userPoid: 1
2026-07-15T15:56:42.262+05:30  INFO 5048 --- [asg-shipping] [main] c.a.s.v.service.VesselTypeServiceImpl    : Successfully created vessel type with id: 1
2026-07-15T15:56:42.265+05:30  INFO 5048 --- [asg-shipping] [main] c.a.s.v.service.VesselTypeServiceImpl    : deleteVesselType started for vesselTypeId=1 companyPoid=1 groupPoid=1
2026-07-15T15:56:42.266+05:30  INFO 5048 --- [asg-shipping] [main] c.a.s.v.service.VesselTypeServiceImpl    : deleteVesselType completed for vesselTypeId=1 companyPoid=1
2026-07-15T15:56:42.269+05:30  INFO 5048 --- [asg-shipping] [main] c.a.s.v.service.VesselTypeServiceImpl    : Getting vessel type with id: 1
2026-07-15T15:56:42.271+05:30  INFO 5048 --- [asg-shipping] [main] c.a.s.v.service.VesselTypeServiceImpl    : Successfully retrieved vessel type with id: 1
2026-07-15T15:56:42.274+05:30  INFO 5048 --- [asg-shipping] [main] c.a.s.v.service.VesselTypeServiceImpl    : Toggling active status for vessel type with id: 1
2026-07-15T15:56:42.278+05:30  INFO 5048 --- [asg-shipping] [main] c.a.s.v.service.VesselTypeServiceImpl    : Updating vessel type with id: 1, groupId: 1, userPoid: 1
2026-07-15T15:56:42.283+05:30  INFO 5048 --- [asg-shipping] [main] c.a.s.v.service.VesselTypeServiceImpl    : Getting vessel type with id: 1
2026-07-15T15:56:42.286+05:30  INFO 5048 --- [asg-shipping] [main] c.a.s.v.service.VesselTypeServiceImpl    : Creating vessel type with code: VT001, groupId: 1, userPoid: 1
2026-07-15T15:56:42.289+05:30  INFO 5048 --- [asg-shipping] [main] c.a.s.v.service.VesselTypeServiceImpl    : Creating vessel type with code: VT001, groupId: 1, userPoid: 1
2026-07-15T15:56:42.293+05:30  INFO 5048 --- [asg-shipping] [main] c.a.s.v.service.VesselTypeServiceImpl    : Updating vessel type with id: 1, groupId: 1, userPoid: 1
2026-07-15T15:56:42.294+05:30  INFO 5048 --- [asg-shipping] [main] c.a.s.v.service.VesselTypeServiceImpl    : Successfully updated vessel type with id: 1
2026-07-15T15:56:42.298+05:30  INFO 5048 --- [asg-shipping] [main] c.a.s.v.service.VesselTypeServiceImpl    : Toggling active status for vessel type with id: 1
2026-07-15T15:56:42.299+05:30  INFO 5048 --- [asg-shipping] [main] c.a.s.v.service.VesselTypeServiceImpl    : Successfully toggled active status for vessel type with id: 1 to Y
2026-07-15T15:56:42.302+05:30  INFO 5048 --- [asg-shipping] [main] c.a.s.v.service.VesselTypeServiceImpl    : Toggling active status for vessel type with id: 1
2026-07-15T15:56:42.303+05:30  INFO 5048 --- [asg-shipping] [main] c.a.s.v.service.VesselTypeServiceImpl    : Successfully toggled active status for vessel type with id: 1 to N
2026-07-15T15:56:42.307+05:30  INFO 5048 --- [asg-shipping] [main] c.a.s.v.service.VesselTypeServiceImpl    : Searching vessel types with docId: 100-003, page: 0, size: 20
2026-07-15T15:56:42.310+05:30  INFO 5048 --- [asg-shipping] [main] c.a.s.v.service.VesselTypeServiceImpl    : Searching vessel types with docId: 100-003, page: 0, size: 20
2026-07-15T15:56:42.317+05:30  INFO 5048 --- [asg-shipping] [main] c.a.s.v.service.VesselTypeServiceImpl    : deleteVesselType started for vesselTypeId=1 companyPoid=1 groupPoid=1
2026-07-15T15:56:42.319+05:30  INFO 5048 --- [asg-shipping] [main] c.a.s.v.service.VesselTypeServiceImpl    : deleteVesselType started for vesselTypeId=1 companyPoid=1 groupPoid=1
2026-07-15T15:56:42.319+05:30  WARN 5048 --- [asg-shipping] [main] c.a.s.v.service.VesselTypeServiceImpl    : deleteVesselType found companyPoid=1 vesselTypeId=1 already deleted
2026-07-15T15:56:42.324+05:30  INFO 5048 --- [asg-shipping] [main] c.a.s.v.service.VesselTypeServiceImpl    : Updating vessel type with id: 1, groupId: 1, userPoid: 1
2026-07-15T15:56:42.471+05:30  INFO 5048 --- [asg-shipping] [main] c.a.s.v.c.VesselVoyageController         : Action=TEST_ACTION | List voyages | page=0 size=20 docId=DOC123 startDate=null endDate=null groupPoid=1 companyPoid=2 userPoid=3
2026-07-15T15:56:42.474+05:30  INFO 5048 --- [asg-shipping] [main] c.a.s.v.c.VesselVoyageController         : Action=TEST_ACTION | Download Excel export | voyagePoid=10 type=transhipment-discharge
2026-07-15T15:56:42.476+05:30  INFO 5048 --- [asg-shipping] [main] c.a.s.v.c.VesselVoyageController         : Action=TEST_ACTION | List voyages | page=0 size=20 docId=DOC123 startDate=2026-01-01 endDate=null groupPoid=1 companyPoid=2 userPoid=3
2026-07-15T15:56:42.479+05:30  INFO 5048 --- [asg-shipping] [main] c.a.s.v.c.VesselVoyageController         : Action=TEST_ACTION | List voyages | page=0 size=20 docId=DOC123 startDate=2026-01-01 endDate=2026-12-31 groupPoid=1 companyPoid=2 userPoid=3
2026-07-15T15:56:42.484+05:30  INFO 5048 --- [asg-shipping] [main] c.a.s.v.c.VesselVoyageController         : Action=TEST_ACTION | Get voyage | voyagePoid=10 groupPoid=1 companyPoid=2 userPoid=3
2026-07-15T15:56:42.486+05:30  INFO 5048 --- [asg-shipping] [main] c.a.s.v.c.VesselVoyageController         : Action=TEST_ACTION | Create voyage | voyageNo=null linePoid=null vesselPoid=null groupPoid=1 companyPoid=2 userId=user1
2026-07-15T15:56:42.486+05:30  INFO 5048 --- [asg-shipping] [main] c.a.s.v.c.VesselVoyageController         : Action=TEST_ACTION | Update voyage | voyagePoid=10 voyageNo=null linePoid=null vesselPoid=null userId=user1
2026-07-15T15:56:42.487+05:30  INFO 5048 --- [asg-shipping] [main] c.a.s.v.c.VesselVoyageController         : Action=TEST_ACTION | List BLs | voyagePoid=10 tab=HOLD filter=ALL page=0 size=20
2026-07-15T15:56:42.487+05:30  INFO 5048 --- [asg-shipping] [main] c.a.s.v.c.VesselVoyageController         : Action=TEST_ACTION | Get EDI errors | voyagePoid=10
2026-07-15T15:56:42.487+05:30  INFO 5048 --- [asg-shipping] [main] c.a.s.v.c.VesselVoyageController         : Action=TEST_ACTION | Reprocess EDI | voyagePoid=10
2026-07-15T15:56:42.489+05:30  INFO 5048 --- [asg-shipping] [main] c.a.s.v.c.VesselVoyageController         : Action=TEST_ACTION | Upload EDI | voyagePoid=10 fileName=test.edi size=4
2026-07-15T15:56:42.489+05:30  INFO 5048 --- [asg-shipping] [main] c.a.s.v.c.VesselVoyageController         : Action=TEST_ACTION | List transhipments | voyagePoid=10
2026-07-15T15:56:42.494+05:30  INFO 5048 --- [asg-shipping] [main] c.a.s.v.c.VesselVoyageController         : Action=TEST_ACTION | Update transhipments | voyagePoid=10 items=1
2026-07-15T15:56:42.497+05:30  INFO 5048 --- [asg-shipping] [main] c.a.s.v.c.VesselVoyageController         : Action=TEST_ACTION | Transfer transhipments | voyagePoid=10 targetVoyagePoid=20 detRowIds=[1, 2]
2026-07-15T15:56:42.497+05:30  INFO 5048 --- [asg-shipping] [main] c.a.s.v.c.VesselVoyageController         : Action=TEST_ACTION | Import HNJN transhipments | voyagePoid=10
2026-07-15T15:56:42.497+05:30  INFO 5048 --- [asg-shipping] [main] c.a.s.v.c.VesselVoyageController         : Action=TEST_ACTION | List currency | voyagePoid=10
2026-07-15T15:56:42.503+05:30  INFO 5048 --- [asg-shipping] [main] c.a.s.v.c.VesselVoyageController         : Action=TEST_ACTION | Update currency | voyagePoid=10 items=1
2026-07-15T15:56:42.504+05:30  INFO 5048 --- [asg-shipping] [main] c.a.s.v.c.VesselVoyageController         : Action=TEST_ACTION | Resend CAN | voyagePoid=10 blTransactionPoid=null
2026-07-15T15:56:42.505+05:30  INFO 5048 --- [asg-shipping] [main] c.a.s.v.c.VesselVoyageController         : Action=TEST_ACTION | Create empty manifest | voyagePoid=10
2026-07-15T15:56:42.505+05:30  INFO 5048 --- [asg-shipping] [main] c.a.s.v.c.VesselVoyageController         : Action=TEST_ACTION | Create TDR | voyagePoid=10 createEmptyManifestFirst=false
2026-07-15T15:56:42.505+05:30  INFO 5048 --- [asg-shipping] [main] c.a.s.v.c.VesselVoyageController         : Action=TEST_ACTION | Export COSCO EDI | voyagePoid=10 blPoid=null
2026-07-15T15:56:42.506+05:30  INFO 5048 --- [asg-shipping] [main] c.a.s.v.c.VesselVoyageController         : Action=TEST_ACTION | Import general cargo | voyagePoid=10
2026-07-15T15:56:42.506+05:30  INFO 5048 --- [asg-shipping] [main] c.a.s.v.c.VesselVoyageController         : Action=TEST_ACTION | Import selected XL | voyagePoid=10
2026-07-15T15:56:42.506+05:30  INFO 5048 --- [asg-shipping] [main] c.a.s.v.c.VesselVoyageController         : Action=TEST_ACTION | EDI moves load/discharge | voyagePoid=10 ediDateValue=2026-04-15
2026-07-15T15:56:42.506+05:30  INFO 5048 --- [asg-shipping] [main] c.a.s.v.c.VesselVoyageController         : Action=TEST_ACTION | Delete voyage | voyagePoid=10
2026-07-15T15:56:42.508+05:30  INFO 5048 --- [asg-shipping] [main] c.a.s.v.c.VesselVoyageController         : Action=TEST_ACTION | Download Excel export | voyagePoid=10 type=yml-export-csv
2026-07-15T15:56:42.510+05:30  INFO 5048 --- [asg-shipping] [main] c.a.s.v.c.VesselVoyageController         : Action=TEST_ACTION | Download Excel export | voyagePoid=10 type=apmt-general-vessel-discharge
2026-07-15T15:56:42.513+05:30  INFO 5048 --- [asg-shipping] [main] c.a.s.v.c.VesselVoyageController         : Action=TEST_ACTION | Upload EDI | voyagePoid=10 fileName=null size=0
2026-07-15T15:56:42.518+05:30 ERROR 5048 --- [asg-shipping] [main] c.a.s.v.c.VesselVoyageController         : Failed to generate PDF for Manifest PDF: 123

java.lang.RuntimeException: PDF generation failed
	at com.asg.shipping.vesselvoyagecreation.controller.VesselVoyageController.print(VesselVoyageController.java:319) ~[classes/:na]
	at com.asg.shipping.vesselvoyagecreation.controller.VesselVoyageControllerTest.print_exception_returnsError(VesselVoyageControllerTest.java:377) ~[test-classes/:na]
	at java.base/jdk.internal.reflect.DirectMethodHandleAccessor.invoke(DirectMethodHandleAccessor.java:103) ~[na:na]
	at java.base/java.lang.reflect.Method.invoke(Method.java:580) ~[na:na]
	at org.junit.platform.commons.util.ReflectionUtils.invokeMethod(ReflectionUtils.java:701) ~[junit-platform-commons-6.0.1.jar:6.0.1]
	at org.junit.platform.commons.support.ReflectionSupport.invokeMethod(ReflectionSupport.java:502) ~[junit-platform-commons-6.0.1.jar:6.0.1]
	at org.junit.jupiter.engine.support.MethodReflectionUtils.invoke(MethodReflectionUtils.java:45) ~[junit-jupiter-engine-6.0.1.jar:6.0.1]
	at org.junit.jupiter.engine.execution.MethodInvocation.proceed(MethodInvocation.java:61) ~[junit-jupiter-engine-6.0.1.jar:6.0.1]
	at org.junit.jupiter.engine.execution.InvocationInterceptorChain$ValidatingInvocation.proceed(InvocationInterceptorChain.java:124) ~[junit-jupiter-engine-6.0.1.jar:6.0.1]
	at org.junit.jupiter.engine.extension.TimeoutExtension.intercept(TimeoutExtension.java:163) ~[junit-jupiter-engine-6.0.1.jar:6.0.1]
	at org.junit.jupiter.engine.extension.TimeoutExtension.interceptTestableMethod(TimeoutExtension.java:148) ~[junit-jupiter-engine-6.0.1.jar:6.0.1]
	at org.junit.jupiter.engine.extension.TimeoutExtension.interceptTestMethod(TimeoutExtension.java:86) ~[junit-jupiter-engine-6.0.1.jar:6.0.1]
	at org.junit.jupiter.engine.execution.InterceptingExecutableInvoker$ReflectiveInterceptorCall.lambda$ofVoidMethod$0(InterceptingExecutableInvoker.java:123) ~[junit-jupiter-engine-6.0.1.jar:6.0.1]
	at org.junit.jupiter.engine.execution.InterceptingExecutableInvoker.lambda$invoke$0(InterceptingExecutableInvoker.java:105) ~[junit-jupiter-engine-6.0.1.jar:6.0.1]
	at org.junit.jupiter.engine.execution.InvocationInterceptorChain$InterceptedInvocation.proceed(InvocationInterceptorChain.java:99) ~[junit-jupiter-engine-6.0.1.jar:6.0.1]
	at org.junit.jupiter.engine.execution.InvocationInterceptorChain.proceed(InvocationInterceptorChain.java:66) ~[junit-jupiter-engine-6.0.1.jar:6.0.1]
	at org.junit.jupiter.engine.execution.InvocationInterceptorChain.chainAndInvoke(InvocationInterceptorChain.java:47) ~[junit-jupiter-engine-6.0.1.jar:6.0.1]
	at org.junit.jupiter.engine.execution.InvocationInterceptorChain.invoke(InvocationInterceptorChain.java:39) ~[junit-jupiter-engine-6.0.1.jar:6.0.1]
	at org.junit.jupiter.engine.execution.InterceptingExecutableInvoker.invoke(InterceptingExecutableInvoker.java:104) ~[junit-jupiter-engine-6.0.1.jar:6.0.1]
	at org.junit.jupiter.engine.execution.InterceptingExecutableInvoker.invoke(InterceptingExecutableInvoker.java:98) ~[junit-jupiter-engine-6.0.1.jar:6.0.1]
	at org.junit.jupiter.engine.execution.InterceptingExecutableInvoker.invokeVoid(InterceptingExecutableInvoker.java:71) ~[junit-jupiter-engine-6.0.1.jar:6.0.1]
	at org.junit.jupiter.engine.descriptor.TestMethodTestDescriptor.lambda$invokeTestMethod$0(TestMethodTestDescriptor.java:219) ~[junit-jupiter-engine-6.0.1.jar:6.0.1]
	at org.junit.platform.engine.support.hierarchical.ThrowableCollector.execute(ThrowableCollector.java:74) ~[junit-platform-engine-6.0.1.jar:6.0.1]
	at org.junit.jupiter.engine.descriptor.TestMethodTestDescriptor.invokeTestMethod(TestMethodTestDescriptor.java:215) ~[junit-jupiter-engine-6.0.1.jar:6.0.1]
	at org.junit.jupiter.engine.descriptor.TestMethodTestDescriptor.execute(TestMethodTestDescriptor.java:157) ~[junit-jupiter-engine-6.0.1.jar:6.0.1]
	at org.junit.jupiter.engine.descriptor.TestMethodTestDescriptor.execute(TestMethodTestDescriptor.java:70) ~[junit-jupiter-engine-6.0.1.jar:6.0.1]
	at org.junit.platform.engine.support.hierarchical.NodeTestTask.lambda$executeRecursively$2(NodeTestTask.java:176) ~[junit-platform-engine-6.0.1.jar:6.0.1]
	at org.junit.platform.engine.support.hierarchical.ThrowableCollector.execute(ThrowableCollector.java:74) ~[junit-platform-engine-6.0.1.jar:6.0.1]
	at org.junit.platform.engine.support.hierarchical.NodeTestTask.lambda$executeRecursively$1(NodeTestTask.java:166) ~[junit-platform-engine-6.0.1.jar:6.0.1]
	at org.junit.platform.engine.support.hierarchical.Node.around(Node.java:138) ~[junit-platform-engine-6.0.1.jar:6.0.1]
	at org.junit.platform.engine.support.hierarchical.NodeTestTask.lambda$executeRecursively$0(NodeTestTask.java:164) ~[junit-platform-engine-6.0.1.jar:6.0.1]
	at org.junit.platform.engine.support.hierarchical.ThrowableCollector.execute(ThrowableCollector.java:74) ~[junit-platform-engine-6.0.1.jar:6.0.1]
	at org.junit.platform.engine.support.hierarchical.NodeTestTask.executeRecursively(NodeTestTask.java:163) ~[junit-platform-engine-6.0.1.jar:6.0.1]
	at org.junit.platform.engine.support.hierarchical.NodeTestTask.execute(NodeTestTask.java:116) ~[junit-platform-engine-6.0.1.jar:6.0.1]
	at java.base/java.util.ArrayList.forEach(ArrayList.java:1596) ~[na:na]
	at org.junit.platform.engine.support.hierarchical.SameThreadHierarchicalTestExecutorService.invokeAll(SameThreadHierarchicalTestExecutorService.java:42) ~[junit-platform-engine-6.0.1.jar:6.0.1]
	at org.junit.platform.engine.support.hierarchical.NodeTestTask.lambda$executeRecursively$2(NodeTestTask.java:180) ~[junit-platform-engine-6.0.1.jar:6.0.1]
	at org.junit.platform.engine.support.hierarchical.ThrowableCollector.execute(ThrowableCollector.java:74) ~[junit-platform-engine-6.0.1.jar:6.0.1]
	at org.junit.platform.engine.support.hierarchical.NodeTestTask.lambda$executeRecursively$1(NodeTestTask.java:166) ~[junit-platform-engine-6.0.1.jar:6.0.1]
	at org.junit.platform.engine.support.hierarchical.Node.around(Node.java:138) ~[junit-platform-engine-6.0.1.jar:6.0.1]
	at org.junit.platform.engine.support.hierarchical.NodeTestTask.lambda$executeRecursively$0(NodeTestTask.java:164) ~[junit-platform-engine-6.0.1.jar:6.0.1]
	at org.junit.platform.engine.support.hierarchical.ThrowableCollector.execute(ThrowableCollector.java:74) ~[junit-platform-engine-6.0.1.jar:6.0.1]
	at org.junit.platform.engine.support.hierarchical.NodeTestTask.executeRecursively(NodeTestTask.java:163) ~[junit-platform-engine-6.0.1.jar:6.0.1]
	at org.junit.platform.engine.support.hierarchical.NodeTestTask.execute(NodeTestTask.java:116) ~[junit-platform-engine-6.0.1.jar:6.0.1]
	at java.base/java.util.ArrayList.forEach(ArrayList.java:1596) ~[na:na]
	at org.junit.platform.engine.support.hierarchical.SameThreadHierarchicalTestExecutorService.invokeAll(SameThreadHierarchicalTestExecutorService.java:42) ~[junit-platform-engine-6.0.1.jar:6.0.1]
	at org.junit.platform.engine.support.hierarchical.NodeTestTask.lambda$executeRecursively$2(NodeTestTask.java:180) ~[junit-platform-engine-6.0.1.jar:6.0.1]
	at org.junit.platform.engine.support.hierarchical.ThrowableCollector.execute(ThrowableCollector.java:74) ~[junit-platform-engine-6.0.1.jar:6.0.1]
	at org.junit.platform.engine.support.hierarchical.NodeTestTask.lambda$executeRecursively$1(NodeTestTask.java:166) ~[junit-platform-engine-6.0.1.jar:6.0.1]
	at org.junit.platform.engine.support.hierarchical.Node.around(Node.java:138) ~[junit-platform-engine-6.0.1.jar:6.0.1]
	at org.junit.platform.engine.support.hierarchical.NodeTestTask.lambda$executeRecursively$0(NodeTestTask.java:164) ~[junit-platform-engine-6.0.1.jar:6.0.1]
	at org.junit.platform.engine.support.hierarchical.ThrowableCollector.execute(ThrowableCollector.java:74) ~[junit-platform-engine-6.0.1.jar:6.0.1]
	at org.junit.platform.engine.support.hierarchical.NodeTestTask.executeRecursively(NodeTestTask.java:163) ~[junit-platform-engine-6.0.1.jar:6.0.1]
	at org.junit.platform.engine.support.hierarchical.NodeTestTask.execute(NodeTestTask.java:116) ~[junit-platform-engine-6.0.1.jar:6.0.1]
	at org.junit.platform.engine.support.hierarchical.SameThreadHierarchicalTestExecutorService.submit(SameThreadHierarchicalTestExecutorService.java:36) ~[junit-platform-engine-6.0.1.jar:6.0.1]
	at org.junit.platform.engine.support.hierarchical.HierarchicalTestExecutor.execute(HierarchicalTestExecutor.java:52) ~[junit-platform-engine-6.0.1.jar:6.0.1]
	at org.junit.platform.engine.support.hierarchical.HierarchicalTestEngine.execute(HierarchicalTestEngine.java:58) ~[junit-platform-engine-6.0.1.jar:6.0.1]
	at org.junit.platform.launcher.core.EngineExecutionOrchestrator.executeEngine(EngineExecutionOrchestrator.java:246) ~[junit-platform-launcher-6.0.1.jar:6.0.1]
	at org.junit.platform.launcher.core.EngineExecutionOrchestrator.failOrExecuteEngine(EngineExecutionOrchestrator.java:218) ~[junit-platform-launcher-6.0.1.jar:6.0.1]
	at org.junit.platform.launcher.core.EngineExecutionOrchestrator.execute(EngineExecutionOrchestrator.java:179) ~[junit-platform-launcher-6.0.1.jar:6.0.1]
	at org.junit.platform.launcher.core.EngineExecutionOrchestrator.execute(EngineExecutionOrchestrator.java:108) ~[junit-platform-launcher-6.0.1.jar:6.0.1]
	at org.junit.platform.launcher.core.EngineExecutionOrchestrator.lambda$execute$0(EngineExecutionOrchestrator.java:66) ~[junit-platform-launcher-6.0.1.jar:6.0.1]
	at org.junit.platform.launcher.core.EngineExecutionOrchestrator.withInterceptedStreams(EngineExecutionOrchestrator.java:157) ~[junit-platform-launcher-6.0.1.jar:6.0.1]
	at org.junit.platform.launcher.core.EngineExecutionOrchestrator.execute(EngineExecutionOrchestrator.java:65) ~[junit-platform-launcher-6.0.1.jar:6.0.1]
	at org.junit.platform.launcher.core.DefaultLauncher.execute(DefaultLauncher.java:125) ~[junit-platform-launcher-6.0.1.jar:6.0.1]
	at org.junit.platform.launcher.core.DefaultLauncher.execute(DefaultLauncher.java:114) ~[junit-platform-launcher-6.0.1.jar:6.0.1]
	at org.junit.platform.launcher.core.DelegatingLauncher.execute(DelegatingLauncher.java:58) ~[junit-platform-launcher-6.0.1.jar:6.0.1]
	at org.junit.platform.launcher.core.InterceptingLauncher.lambda$execute$2(InterceptingLauncher.java:57) ~[junit-platform-launcher-6.0.1.jar:6.0.1]
	at org.junit.platform.launcher.core.ClasspathAlignmentCheckingLauncherInterceptor.intercept(ClasspathAlignmentCheckingLauncherInterceptor.java:25) ~[junit-platform-launcher-6.0.1.jar:6.0.1]
	at org.junit.platform.launcher.core.InterceptingLauncher.execute(InterceptingLauncher.java:56) ~[junit-platform-launcher-6.0.1.jar:6.0.1]
	at org.junit.platform.launcher.core.DelegatingLauncher.execute(DelegatingLauncher.java:58) ~[junit-platform-launcher-6.0.1.jar:6.0.1]
	at java.base/jdk.internal.reflect.DirectMethodHandleAccessor.invoke(DirectMethodHandleAccessor.java:103) ~[na:na]
	at java.base/java.lang.reflect.Method.invoke(Method.java:580) ~[na:na]
	at org.apache.maven.surefire.api.util.ReflectionUtils.invokeMethodWithArray(ReflectionUtils.java:125) ~[surefire-api-3.5.4.jar:3.5.4]
	at org.apache.maven.surefire.junitplatform.LauncherAdapter.executeWithCancellationToken(LauncherAdapter.java:68) ~[surefire-junit-platform-3.5.4.jar:3.5.4]
	at org.apache.maven.surefire.junitplatform.LauncherAdapter.execute(LauncherAdapter.java:54) ~[surefire-junit-platform-3.5.4.jar:3.5.4]
	at org.apache.maven.surefire.junitplatform.JUnitPlatformProvider.execute(JUnitPlatformProvider.java:203) ~[surefire-junit-platform-3.5.4.jar:3.5.4]
	at org.apache.maven.surefire.junitplatform.JUnitPlatformProvider.invokeAllTests(JUnitPlatformProvider.java:168) ~[surefire-junit-platform-3.5.4.jar:3.5.4]
	at org.apache.maven.surefire.junitplatform.JUnitPlatformProvider.invoke(JUnitPlatformProvider.java:136) ~[surefire-junit-platform-3.5.4.jar:3.5.4]
	at org.apache.maven.surefire.booter.ForkedBooter.runSuitesInProcess(ForkedBooter.java:385) ~[surefire-booter-3.5.4.jar:3.5.4]
	at org.apache.maven.surefire.booter.ForkedBooter.execute(ForkedBooter.java:162) ~[surefire-booter-3.5.4.jar:3.5.4]
	at org.apache.maven.surefire.booter.ForkedBooter.run(ForkedBooter.java:507) ~[surefire-booter-3.5.4.jar:3.5.4]
	at org.apache.maven.surefire.booter.ForkedBooter.main(ForkedBooter.java:495) ~[surefire-booter-3.5.4.jar:3.5.4]

2026-07-15T15:56:42.644+05:30  INFO 5048 --- [asg-shipping] [main] c.a.s.v.c.VesselVoyageController         : Action=TEST_ACTION | Download manifest report | voyagePoid=10 freightCargo=FALSE importExport=EXPORT
2026-07-15T15:56:42.646+05:30  INFO 5048 --- [asg-shipping] [main] c.a.s.v.c.VesselVoyageController         : Action=TEST_ACTION | List voyages | page=0 size=20 docId=DOC123 startDate=null endDate=2026-12-31 groupPoid=1 companyPoid=2 userPoid=3
2026-07-15T15:56:42.648+05:30  INFO 5048 --- [asg-shipping] [main] c.a.s.v.c.VesselVoyageController         : Action=TEST_ACTION | Download Excel export | voyagePoid=10 type=apmt-discharge
2026-07-15T15:56:42.650+05:30  INFO 5048 --- [asg-shipping] [main] c.a.s.v.c.VesselVoyageController         : Action=TEST_ACTION | Download manifest report | voyagePoid=10 freightCargo=FALSE importExport=EXPORT
2026-07-15T15:56:42.655+05:30  INFO 5048 --- [asg-shipping] [main] c.a.s.v.c.VesselVoyageController         : Action=TEST_ACTION | Download Excel export | voyagePoid=10 type=tbl
2026-07-15T15:56:42.658+05:30  INFO 5048 --- [asg-shipping] [main] c.a.s.v.c.VesselVoyageController         : Action=TEST_ACTION | List voyages | page=0 size=20 docId=DOC123 startDate=null endDate=null groupPoid=1 companyPoid=2 userPoid=3
2026-07-15T15:56:43.411+05:30  INFO 5048 --- [asg-shipping] [main] c.a.s.v.s.impl.VesselVoyageServiceImpl   : Excel export | voyagePoid=418537 type=apmt-discharge docId=100-291
2026-07-15T15:56:43.422+05:30  INFO 5048 --- [asg-shipping] [main] c.a.s.v.s.impl.VesselVoyageServiceImpl   : EDI file stored at C:\Users\THARAN~1\AppData\Local\Temp\edi-test11565164066513150902\test.edi
2026-07-15T15:56:43.423+05:30  INFO 5048 --- [asg-shipping] [main] c.a.s.v.s.impl.VesselVoyageServiceImpl   : Reprocess EDI | voyagePoid=123 groupPoid=1 companyPoid=2 docId=DOC123 user=3
2026-07-15T15:56:43.425+05:30  INFO 5048 --- [asg-shipping] [main] c.a.s.v.s.impl.VesselVoyageServiceImpl   : [MANIFEST-PRINT] transactionPoid=10 DOC_KEY_POID=10 freightCargo=FALSE importExport=EXPORT groupPoid=null compPoid=null userPoid=null
2026-07-15T15:56:43.426+05:30  WARN 5048 --- [asg-shipping] [main] c.a.s.v.s.impl.VesselVoyageServiceImpl   : [MANIFEST-PRINT] Debug query failed: Cannot invoke "java.sql.Connection.prepareStatement(String)" because "debugConn" is null
2026-07-15T15:56:43.435+05:30  INFO 5048 --- [asg-shipping] [main] c.a.s.v.s.impl.VesselVoyageServiceImpl   : List voyages | docId=DOC123 page=0 size=20 startDate=null endDate=null lineStatus=(1)
2026-07-15T15:56:43.455+05:30  INFO 5048 --- [asg-shipping] [main] c.a.s.v.s.impl.VesselVoyageServiceImpl   : List voyages | docId=DOC123 page=0 size=20 startDate=null endDate=null lineStatus=(1)
2026-07-15T15:56:43.516+05:30  INFO 5048 --- [asg-shipping] [SpringApplicationShutdownHook] j.LocalContainerEntityManagerFactoryBean : Closing JPA EntityManagerFactory for persistence unit 'default'
2026-07-15T15:56:43.521+05:30  INFO 5048 --- [asg-shipping] [SpringApplicationShutdownHook] com.zaxxer.hikari.HikariDataSource       : HikariPool-ASG - Shutdown initiated...
2026-07-15T15:56:44.931+05:30  INFO 5048 --- [asg-shipping] [SpringApplicationShutdownHook] com.zaxxer.hikari.HikariDataSource       : HikariPool-ASG - Shutdown completed.
2026-07-15T15:57:19.466+05:30  INFO 21228 --- [asg-shipping] [main] com.asg.shipping.ShippingApplication     : Starting ShippingApplication using Java 21.0.10 with PID 21228 (C:\Users\TharaniSakthivel\Documents\GitHub\asg-shipping\target\classes started by TharaniSakthivel in C:\Users\TharaniSakthivel\Documents\GitHub\asg-shipping)
2026-07-15T15:57:19.469+05:30 DEBUG 21228 --- [asg-shipping] [main] com.asg.shipping.ShippingApplication     : Running with Spring Boot v4.0.0, Spring v7.0.1
2026-07-15T15:57:19.471+05:30  INFO 21228 --- [asg-shipping] [main] com.asg.shipping.ShippingApplication     : No active profile set, falling back to 1 default profile: "default"
2026-07-15T15:57:21.202+05:30  INFO 21228 --- [asg-shipping] [main] .s.d.r.c.RepositoryConfigurationDelegate : Bootstrapping Spring Data JPA repositories in DEFAULT mode.
2026-07-15T15:57:21.844+05:30  INFO 21228 --- [asg-shipping] [main] .s.d.r.c.RepositoryConfigurationDelegate : Finished Spring Data repository scanning in 630 ms. Found 114 JPA repository interfaces.
2026-07-15T15:57:23.228+05:30  INFO 21228 --- [asg-shipping] [main] o.s.boot.tomcat.TomcatWebServer          : Tomcat initialized with port 8085 (http)
2026-07-15T15:57:23.246+05:30  INFO 21228 --- [asg-shipping] [main] o.apache.catalina.core.StandardService   : Starting service [Tomcat]
2026-07-15T15:57:23.247+05:30  INFO 21228 --- [asg-shipping] [main] o.apache.catalina.core.StandardEngine    : Starting Servlet engine: [Apache Tomcat/11.0.14]
2026-07-15T15:57:23.327+05:30  INFO 21228 --- [asg-shipping] [main] b.w.c.s.WebApplicationContextInitializer : Root WebApplicationContext: initialization completed in 3569 ms
2026-07-15T15:57:23.581+05:30 DEBUG 21228 --- [asg-shipping] [main] c.a.c.l.i.AsgCommonInterceptor           : Filter 'asgCommonInterceptor' configured for use
2026-07-15T15:57:23.952+05:30  INFO 21228 --- [asg-shipping] [main] o.hibernate.jpa.internal.util.LogHelper  : HHH000204: Processing PersistenceUnitInfo [name: default]
2026-07-15T15:57:24.018+05:30  INFO 21228 --- [asg-shipping] [main] org.hibernate.Version                    : HHH000412: Hibernate ORM core version 7.1.8.Final
2026-07-15T15:57:24.568+05:30  INFO 21228 --- [asg-shipping] [main] o.s.o.j.p.SpringPersistenceUnitInfo      : No LoadTimeWeaver setup: ignoring JPA class transformer
2026-07-15T15:57:24.607+05:30  INFO 21228 --- [asg-shipping] [main] com.zaxxer.hikari.HikariDataSource       : HikariPool-ASG - Starting...
2026-07-15T15:57:28.074+05:30  INFO 21228 --- [asg-shipping] [main] com.zaxxer.hikari.pool.HikariPool        : HikariPool-ASG - Added connection oracle.jdbc.driver.T4CConnection@2e4d252
2026-07-15T15:57:28.080+05:30  INFO 21228 --- [asg-shipping] [main] com.zaxxer.hikari.HikariDataSource       : HikariPool-ASG - Start completed.
2026-07-15T15:57:28.745+05:30  WARN 21228 --- [asg-shipping] [main] org.hibernate.orm.deprecation            : HHH90000025: OracleDialect does not need to be specified explicitly using 'hibernate.dialect' (remove the property setting and it will be selected by default)
2026-07-15T15:57:29.619+05:30  WARN 21228 --- [asg-shipping] [main] org.hibernate.orm.jdbc                   : HHH100123: Low default JDBC fetch size: 10 (consider setting 'hibernate.jdbc.fetch_size')
2026-07-15T15:57:29.649+05:30  INFO 21228 --- [asg-shipping] [main] org.hibernate.orm.connections.pooling    : HHH10001005: Database info:
	Database JDBC URL [jdbc:oracle:thin:@//10.100.200.85:1521/ORAVADF]
	Database driver: Oracle JDBC driver
	Database dialect: OracleDialect
	Database version: 19.1
	Default catalog/schema: undefined/QA_DB_USER
	Autocommit mode: undefined/unknown
	Isolation level: READ_COMMITTED [default READ_COMMITTED]
	JDBC fetch size: 10
	Pool: DatasourceConnectionProviderImpl
	Minimum pool size: undefined/unknown
	Maximum pool size: undefined/unknown
2026-07-15T15:57:30.321+05:30  WARN 21228 --- [asg-shipping] [main] org.hibernate.orm.deprecation            : HHH90000033: Encountered use of deprecated annotation [interface jakarta.persistence.Temporal] at com.asg.shipping.common.entity.GlobalCurrencyRatesId.rateDate.
2026-07-15T15:57:30.327+05:30  WARN 21228 --- [asg-shipping] [main] org.hibernate.orm.deprecation            : HHH90000033: Encountered use of deprecated annotation [interface jakarta.persistence.Temporal] at com.asg.shipping.common.entity.GlobalCurrencyRates.rateDate.
2026-07-15T15:57:31.972+05:30  WARN 21228 --- [asg-shipping] [main] org.hibernate.mapping.RootClass          : HHH000038: Composite id class does not override equals(): com.asg.shipping.containertypeportchargestariff.entity.ShipPortChargesDtlId
2026-07-15T15:57:31.975+05:30  WARN 21228 --- [asg-shipping] [main] org.hibernate.mapping.RootClass          : HHH000038: Composite id class does not override equals(): com.asg.shipping.customerinvoicechargemapmaster.entity.CustomerInvoicePrtDtlId
2026-07-15T15:57:34.639+05:30  INFO 21228 --- [asg-shipping] [main] o.h.e.t.j.p.i.JtaPlatformInitiator       : HHH000489: No JTA platform available (set 'hibernate.transaction.jta.platform' to enable JTA platform integration)
2026-07-15T15:57:34.650+05:30  INFO 21228 --- [asg-shipping] [main] j.LocalContainerEntityManagerFactoryBean : Initialized JPA EntityManagerFactory for persistence unit 'default'
2026-07-15T15:57:34.766+05:30  INFO 21228 --- [asg-shipping] [main] o.s.d.j.r.query.QueryEnhancerFactories   : Hibernate is in classpath; If applicable, HQL parser will be used.
2026-07-15T15:57:41.157+05:30  WARN 21228 --- [asg-shipping] [main] JpaBaseConfiguration$JpaWebConfiguration : spring.jpa.open-in-view is enabled by default. Therefore, database queries may be performed during view rendering. Explicitly configure spring.jpa.open-in-view to disable this warning
2026-07-15T15:57:42.524+05:30  INFO 21228 --- [asg-shipping] [main] o.s.b.a.e.web.EndpointLinksResolver      : Exposing 1 endpoint beneath base path '/actuator'
2026-07-15T15:57:42.773+05:30  INFO 21228 --- [asg-shipping] [main] o.s.boot.tomcat.TomcatWebServer          : Tomcat started on port 8085 (http) with context path '/shipping/api'
2026-07-15T15:57:42.801+05:30  INFO 21228 --- [asg-shipping] [main] com.asg.shipping.ShippingApplication     : Started ShippingApplication in 23.857 seconds (process running for 24.481)
2026-07-15T16:02:46.561+05:30  INFO 21228 --- [asg-shipping] [http-nio-8085-exec-1] o.a.c.c.C.[.[localhost].[/shipping/api]  : Initializing Spring DispatcherServlet 'dispatcherServlet'
2026-07-15T16:02:46.562+05:30  INFO 21228 --- [asg-shipping] [http-nio-8085-exec-1] o.s.web.servlet.DispatcherServlet        : Initializing Servlet 'dispatcherServlet'
2026-07-15T16:02:46.566+05:30  INFO 21228 --- [asg-shipping] [http-nio-8085-exec-1] o.s.web.servlet.DispatcherServlet        : Completed initialization in 4 ms
2026-07-15T16:02:46.589+05:30 DEBUG 21228 --- [asg-shipping] [http-nio-8085-exec-1] c.a.c.l.i.AsgCommonInterceptor           : User context set for userId: HEXAUSER2
2026-07-15T16:02:46.662+05:30  INFO 21228 --- [asg-shipping] [http-nio-8085-exec-1] c.a.s.l.c.LineTariffsController          : Copying slabs to payable for id: 7014, type: DMG, confirmed: true
2026-07-15T16:02:46.945+05:30  INFO 21228 --- [asg-shipping] [http-nio-8085-exec-1] c.a.s.l.service.LineTariffsServiceImpl   : Copying slabs to payable for transactionPoid: 7014, type: DMG, confirmed: true
2026-07-15T16:02:47.055+05:30 DEBUG 21228 --- [asg-shipping] [http-nio-8085-exec-1] org.hibernate.SQL                        : select sltid1_0.det_row_id,sltid1_0.transaction_poid,sltid1_0.container_type_poid,sltid1_0.created_by,sltid1_0.created_date,sltid1_0.free_days,sltid1_0.lastmodified_by,sltid1_0.lastmodified_date,sltid1_0.slab1_rate,sltid1_0.slab1_tilldays,sltid1_0.slab2_rate,sltid1_0.slab2_tilldays,sltid1_0.slab3_rate,sltid1_0.slab3_tilldays,sltid1_0.slab4_rate,sltid1_0.slab4_tilldays,sltid1_0.slab5_rate,sltid1_0.slab5_tilldays,sltid1_0.slab6_rate,sltid1_0.slab6_tilldays,sltid1_0.slab7_rate,sltid1_0.slab7_tilldays from QA_DB_USER.ship_line_tariff_imp_dtl sltid1_0 where sltid1_0.transaction_poid=? order by sltid1_0.det_row_id
2026-07-15T16:02:47.741+05:30 DEBUG 21228 --- [asg-shipping] [http-nio-8085-exec-1] org.hibernate.SQL                        : select sltipd1_0.det_row_id,sltipd1_0.transaction_poid,sltipd1_0.container_type_poid,sltipd1_0.created_by,sltipd1_0.created_date,sltipd1_0.free_days,sltipd1_0.lastmodified_by,sltipd1_0.lastmodified_date,sltipd1_0.slab1_rate,sltipd1_0.slab1_tilldays,sltipd1_0.slab2_rate,sltipd1_0.slab2_tilldays,sltipd1_0.slab3_rate,sltipd1_0.slab3_tilldays,sltipd1_0.slab4_rate,sltipd1_0.slab4_tilldays,sltipd1_0.slab5_rate,sltipd1_0.slab5_tilldays,sltipd1_0.slab6_rate,sltipd1_0.slab6_tilldays,sltipd1_0.slab7_rate,sltipd1_0.slab7_tilldays from QA_DB_USER.ship_line_tariff_imp_pay_dtl sltipd1_0 where sltipd1_0.transaction_poid=? order by sltipd1_0.det_row_id
2026-07-15T16:02:48.043+05:30  INFO 21228 --- [asg-shipping] [http-nio-8085-exec-1] c.a.s.l.service.LineTariffsServiceImpl   : Successfully copied slabs to payable for transactionPoid: 7014, type: DMG
2026-07-15T16:02:48.062+05:30 DEBUG 21228 --- [asg-shipping] [http-nio-8085-exec-1] org.hibernate.SQL                        : update QA_DB_USER.ship_line_tariff_imp_pay_dtl set container_type_poid=?,created_by=?,created_date=?,free_days=?,lastmodified_by=?,lastmodified_date=?,slab1_rate=?,slab1_tilldays=?,slab2_rate=?,slab2_tilldays=?,slab3_rate=?,slab3_tilldays=?,slab4_rate=?,slab4_tilldays=?,slab5_rate=?,slab5_tilldays=?,slab6_rate=?,slab6_tilldays=?,slab7_rate=?,slab7_tilldays=? where det_row_id=? and transaction_poid=?
2026-07-15T16:02:52.104+05:30 DEBUG 21228 --- [asg-shipping] [http-nio-8085-exec-2] c.a.c.l.i.AsgCommonInterceptor           : User context set for userId: HEXAUSER2
2026-07-15T16:02:52.107+05:30  INFO 21228 --- [asg-shipping] [http-nio-8085-exec-2] c.a.s.l.c.LineTariffsController          : Copying slabs to payable for id: 7014, type: DMG, confirmed: false
2026-07-15T16:02:52.369+05:30  INFO 21228 --- [asg-shipping] [http-nio-8085-exec-2] c.a.s.l.service.LineTariffsServiceImpl   : Copying slabs to payable for transactionPoid: 7014, type: DMG, confirmed: false
2026-07-15T16:02:52.372+05:30 DEBUG 21228 --- [asg-shipping] [http-nio-8085-exec-2] org.hibernate.SQL                        : select sltid1_0.det_row_id,sltid1_0.transaction_poid,sltid1_0.container_type_poid,sltid1_0.created_by,sltid1_0.created_date,sltid1_0.free_days,sltid1_0.lastmodified_by,sltid1_0.lastmodified_date,sltid1_0.slab1_rate,sltid1_0.slab1_tilldays,sltid1_0.slab2_rate,sltid1_0.slab2_tilldays,sltid1_0.slab3_rate,sltid1_0.slab3_tilldays,sltid1_0.slab4_rate,sltid1_0.slab4_tilldays,sltid1_0.slab5_rate,sltid1_0.slab5_tilldays,sltid1_0.slab6_rate,sltid1_0.slab6_tilldays,sltid1_0.slab7_rate,sltid1_0.slab7_tilldays from QA_DB_USER.ship_line_tariff_imp_dtl sltid1_0 where sltid1_0.transaction_poid=? order by sltid1_0.det_row_id
2026-07-15T16:02:52.957+05:30 DEBUG 21228 --- [asg-shipping] [http-nio-8085-exec-2] org.hibernate.SQL                        : select sltipd1_0.det_row_id,sltipd1_0.transaction_poid,sltipd1_0.container_type_poid,sltipd1_0.created_by,sltipd1_0.created_date,sltipd1_0.free_days,sltipd1_0.lastmodified_by,sltipd1_0.lastmodified_date,sltipd1_0.slab1_rate,sltipd1_0.slab1_tilldays,sltipd1_0.slab2_rate,sltipd1_0.slab2_tilldays,sltipd1_0.slab3_rate,sltipd1_0.slab3_tilldays,sltipd1_0.slab4_rate,sltipd1_0.slab4_tilldays,sltipd1_0.slab5_rate,sltipd1_0.slab5_tilldays,sltipd1_0.slab6_rate,sltipd1_0.slab6_tilldays,sltipd1_0.slab7_rate,sltipd1_0.slab7_tilldays from QA_DB_USER.ship_line_tariff_imp_pay_dtl sltipd1_0 where sltipd1_0.transaction_poid=? order by sltipd1_0.det_row_id
2026-07-15T16:02:53.267+05:30  INFO 21228 --- [asg-shipping] [http-nio-8085-exec-2] c.a.s.l.service.LineTariffsServiceImpl   : Copy slabs confirmation required for transactionPoid: 7014, type: DMG
2026-07-15T16:03:01.670+05:30 DEBUG 21228 --- [asg-shipping] [http-nio-8085-exec-3] c.a.c.l.i.AsgCommonInterceptor           : User context set for userId: HEXAUSER2
2026-07-15T16:03:01.675+05:30  INFO 21228 --- [asg-shipping] [http-nio-8085-exec-3] c.a.s.l.c.LineTariffsController          : Copying slabs to payable for id: 7014, type: DMG, confirmed: true
2026-07-15T16:03:01.938+05:30  INFO 21228 --- [asg-shipping] [http-nio-8085-exec-3] c.a.s.l.service.LineTariffsServiceImpl   : Copying slabs to payable for transactionPoid: 7014, type: DMG, confirmed: true
2026-07-15T16:03:01.940+05:30 DEBUG 21228 --- [asg-shipping] [http-nio-8085-exec-3] org.hibernate.SQL                        : select sltid1_0.det_row_id,sltid1_0.transaction_poid,sltid1_0.container_type_poid,sltid1_0.created_by,sltid1_0.created_date,sltid1_0.free_days,sltid1_0.lastmodified_by,sltid1_0.lastmodified_date,sltid1_0.slab1_rate,sltid1_0.slab1_tilldays,sltid1_0.slab2_rate,sltid1_0.slab2_tilldays,sltid1_0.slab3_rate,sltid1_0.slab3_tilldays,sltid1_0.slab4_rate,sltid1_0.slab4_tilldays,sltid1_0.slab5_rate,sltid1_0.slab5_tilldays,sltid1_0.slab6_rate,sltid1_0.slab6_tilldays,sltid1_0.slab7_rate,sltid1_0.slab7_tilldays from QA_DB_USER.ship_line_tariff_imp_dtl sltid1_0 where sltid1_0.transaction_poid=? order by sltid1_0.det_row_id
2026-07-15T16:03:02.486+05:30 DEBUG 21228 --- [asg-shipping] [http-nio-8085-exec-3] org.hibernate.SQL                        : select sltipd1_0.det_row_id,sltipd1_0.transaction_poid,sltipd1_0.container_type_poid,sltipd1_0.created_by,sltipd1_0.created_date,sltipd1_0.free_days,sltipd1_0.lastmodified_by,sltipd1_0.lastmodified_date,sltipd1_0.slab1_rate,sltipd1_0.slab1_tilldays,sltipd1_0.slab2_rate,sltipd1_0.slab2_tilldays,sltipd1_0.slab3_rate,sltipd1_0.slab3_tilldays,sltipd1_0.slab4_rate,sltipd1_0.slab4_tilldays,sltipd1_0.slab5_rate,sltipd1_0.slab5_tilldays,sltipd1_0.slab6_rate,sltipd1_0.slab6_tilldays,sltipd1_0.slab7_rate,sltipd1_0.slab7_tilldays from QA_DB_USER.ship_line_tariff_imp_pay_dtl sltipd1_0 where sltipd1_0.transaction_poid=? order by sltipd1_0.det_row_id
2026-07-15T16:03:02.757+05:30  INFO 21228 --- [asg-shipping] [http-nio-8085-exec-3] c.a.s.l.service.LineTariffsServiceImpl   : Successfully copied slabs to payable for transactionPoid: 7014, type: DMG
2026-07-15T16:03:09.909+05:30 DEBUG 21228 --- [asg-shipping] [http-nio-8085-exec-4] c.a.c.l.i.AsgCommonInterceptor           : User context set for userId: HEXAUSER2
2026-07-15T16:03:10.203+05:30  INFO 21228 --- [asg-shipping] [http-nio-8085-exec-4] c.a.s.l.c.LineTariffsController          : Updating line tariff with id: 7014
2026-07-15T16:03:10.464+05:30  INFO 21228 --- [asg-shipping] [http-nio-8085-exec-4] c.a.s.l.service.LineTariffsServiceImpl   : Updating line tariff with id: 7014
2026-07-15T16:03:10.518+05:30 DEBUG 21228 --- [asg-shipping] [http-nio-8085-exec-4] org.hibernate.SQL                        : select slth1_0.transaction_poid,slth1_0.company_poid,slth1_0.created_by,slth1_0.created_date,slth1_0.deleted,slth1_0.description,slth1_0.dmg_baseslab_after_free,slth1_0.dmg_from_nextday,slth1_0.dmg_from_sameday,slth1_0.dmg_skip_holidays,slth1_0.dmg_skip_weekends,slth1_0.doc_ref,slth1_0.dtn_baseslab_after_free,slth1_0.dtn_from_nextday,slth1_0.dtn_from_sameday,slth1_0.dtn_skip_holidays,slth1_0.dtn_skip_weekends,slth1_0.extra_tariff,slth1_0.group_poid,slth1_0.lastmodified_by,slth1_0.lastmodified_date,slth1_0.line_poid,slth1_0.payable_currency,slth1_0.period_from,slth1_0.period_to,slth1_0.receivable_currency,slth1_0.seqno,slth1_0.transaction_date from QA_DB_USER.ship_line_tariff_hdr slth1_0 where slth1_0.transaction_poid=? and slth1_0.group_poid=?
2026-07-15T16:03:10.872+05:30 DEBUG 21228 --- [asg-shipping] [http-nio-8085-exec-4] org.hibernate.SQL                        : update QA_DB_USER.ship_line_tariff_hdr set company_poid=?,created_by=?,created_date=?,deleted=?,description=?,dmg_baseslab_after_free=?,dmg_from_nextday=?,dmg_from_sameday=?,dmg_skip_holidays=?,dmg_skip_weekends=?,doc_ref=?,dtn_baseslab_after_free=?,dtn_from_nextday=?,dtn_from_sameday=?,dtn_skip_holidays=?,dtn_skip_weekends=?,extra_tariff=?,group_poid=?,lastmodified_by=?,lastmodified_date=?,line_poid=?,payable_currency=?,period_from=?,period_to=?,receivable_currency=?,seqno=?,transaction_date=? where transaction_poid=?
2026-07-15T16:03:11.167+05:30 DEBUG 21228 --- [asg-shipping] [http-nio-8085-exec-4] org.hibernate.SQL                        : select coalesce(max(sltid1_0.det_row_id),0) from QA_DB_USER.ship_line_tariff_imp_dtl sltid1_0 where sltid1_0.transaction_poid=?
2026-07-15T16:03:45.121+05:30  INFO 21228 --- [asg-shipping] [SpringApplicationShutdownHook] o.s.boot.tomcat.GracefulShutdown         : Commencing graceful shutdown. Waiting for active requests to complete
2026-07-15T16:03:45.136+05:30  INFO 21228 --- [asg-shipping] [tomcat-shutdown] o.s.boot.tomcat.GracefulShutdown         : Graceful shutdown complete
2026-07-15T16:03:45.166+05:30  INFO 21228 --- [asg-shipping] [SpringApplicationShutdownHook] j.LocalContainerEntityManagerFactoryBean : Closing JPA EntityManagerFactory for persistence unit 'default'
2026-07-15T16:03:45.169+05:30  INFO 21228 --- [asg-shipping] [SpringApplicationShutdownHook] com.zaxxer.hikari.HikariDataSource       : HikariPool-ASG - Shutdown initiated...
2026-07-15T16:03:46.523+05:30  INFO 21228 --- [asg-shipping] [SpringApplicationShutdownHook] com.zaxxer.hikari.HikariDataSource       : HikariPool-ASG - Shutdown completed.
